Date,SPY,XLE,XLF,XLI,XLK,XLP,XLU,XLV,XLY
2013-01-02,116.60932159423828,22.691911697387695,10.798196792602539,30.630142211914062,12.600715637207031,25.38547134399414,11.57727336883545,32.89799880981445,20.863534927368164
2013-01-03,116.3458251953125,22.68568229675293,10.785391807556152,30.645910263061523,12.520402908325195,25.3216495513916,11.57727336883545,32.93845748901367,20.915225982666016
2013-01-04,116.85680389404297,22.937477111816406,10.913412094116211,30.874792098999023,12.469680786132812,25.392562866210938,11.635876655578613,33.08405685424805,20.992767333984375
2013-01-07,116.53750610351562,22.760295867919922,10.887804985046387,30.74062156677246,12.452770233154297,25.222383499145508,11.521926879882812,33.189212799072266,20.94106674194336
2013-01-08,116.20219421386719,22.68568229675293,10.855803489685059,30.503854751586914,12.406275749206543,25.151460647583008,11.486111640930176,33.197303771972656,20.880756378173828
2013-01-09,116.49754333496094,22.64838409423828,10.843002319335938,30.811655044555664,12.427409172058105,25.20819664001465,11.463325500488281,33.56132125854492,20.915225982666016
2013-01-10,117.4236068725586,22.85354232788086,10.977420806884766,30.96161460876465,12.490816116333008,25.35709571838379,11.512158393859863,33.79588317871094,21.035856246948242
2013-01-11,117.41561126708984,22.881521224975586,10.951817512512207,30.851112365722656,12.507722854614258,25.47055435180664,11.525184631347656,33.787784576416016,21.05307960510254
2013-01-14,117.33583068847656,22.884628295898438,10.919811248779297,30.969499588012695,12.427409172058105,25.54854965209961,11.502392768859863,33.82014846801758,21.10477638244629
2013-01-15,117.41561126708984,22.98720359802246,10.964617729187012,31.056318283081055,12.347097396850586,25.626558303833008,11.534948348999023,33.779701232910156,21.25986671447754
2013-01-16,117.39969635009766,23.089786529541016,10.971023559570312,30.930023193359375,12.389365196228027,25.591102600097656,11.479598999023438,33.706905364990234,21.212480545043945
2013-01-17,118.15814971923828,23.23587989807129,10.964617729187012,31.261516571044922,12.44009017944336,25.76128387451172,11.525184631347656,34.00619888305664,21.436498641967773
2013-01-18,118.4216079711914,23.465909957885742,10.977420806884766,31.514070510864258,12.423178672790527,25.86765480041504,11.616340637207031,34.11944580078125,21.462337493896484
2013-01-22,119.06031799316406,23.689725875854492,11.079833984375,31.640350341796875,12.45699691772461,25.874736785888672,11.714012145996094,34.21652603149414,21.518341064453125
2013-01-23,119.25187683105469,23.608903884887695,11.073434829711914,31.648231506347656,12.58803653717041,25.86765480041504,11.684710502624512,34.17607116699219,21.53557014465332
2013-01-24,119.28382873535156,23.677295684814453,11.131036758422852,31.837650299072266,12.37246036529541,25.938560485839844,11.736801147460938,34.39447021484375,21.699275970458984
2013-01-25,119.95448303222656,23.901094436645508,11.18224811553955,31.940256118774414,12.385138511657715,26.06620216369629,11.795408248901367,34.66141128540039,21.92760467529297
2013-01-28,119.81075286865234,23.86068344116211,11.137439727783203,31.963930130004883,12.427409172058105,26.087465286254883,11.788897514343262,34.540077209472656,21.824207305908203
2013-01-29,120.28181457519531,24.246137619018555,11.18224811553955,32.03496551513672,12.444314956665039,26.22928237915039,11.870287895202637,34.91216278076172,21.738046646118164
2013-01-30,119.81075286865234,24.124908447265625,11.131036758422852,31.742950439453125,12.406275749206543,26.179645538330078,11.880054473876953,34.80702590942383,21.699275970458984
2013-01-31,119.51537322998047,24.044095993041992,11.124641418457031,31.632448196411133,12.427409172058105,26.144195556640625,11.909356117248535,34.709957122802734,21.595890045166016
2013-02-01,120.74486541748047,24.267908096313477,11.271857261657715,31.940256118774414,12.566901206970215,26.3569278717041,11.941913604736328,34.98497009277344,21.720815658569336
2013-02-04,119.3875961303711,24.037874221801758,11.143840789794922,31.664020538330078,12.402048110961914,26.10874366760254,11.860519409179688,34.59670639038086,21.4537296295166
2013-02-05,120.59315490722656,24.246137619018555,11.252652168273926,31.9560489654541,12.545764923095703,26.42073631286621,11.893078804016113,34.97688674926758,21.682048797607422
2013-02-06,120.68098449707031,24.26169776916504,11.271857261657715,31.963930130004883,12.541539192199707,26.456192016601562,11.928888320922852,34.96879196166992,21.729433059692383
2013-02-07,120.52130889892578,24.19951820373535,11.239852905273438,31.924467086791992,12.541539192199707,26.59801483154297,11.945164680480957,34.8393669128418,21.682048797607422
2013-02-08,121.19194793701172,24.426437377929688,11.265456199645996,32.05075454711914,12.651443481445312,26.576738357543945,11.945164680480957,35.09820556640625,21.850055694580078
2013-02-11,121.16803741455078,24.305194854736328,11.31666088104248,32.02707290649414,12.676799774169922,26.576738357543945,11.974469184875488,35.02542495727539,21.776817321777344
2013-02-12,121.36756896972656,24.370481491088867,11.40627670288086,32.16914367675781,12.634533882141113,26.54837989807129,12.02656078338623,34.98497009277344,21.862987518310547
2013-02-13,121.47137451171875,24.45752716064453,11.380669593811035,32.3427619934082,12.6303071975708,26.576738357543945,12.02656078338623,34.96070861816406,21.91036033630371
2013-02-14,121.58314514160156,24.668899536132812,11.419076919555664,32.390132904052734,12.596489906311035,26.633464813232422,11.928888320922852,35.03350830078125,21.918981552124023
2013-02-15,121.43942260742188,24.38602638244629,11.367868423461914,32.405914306640625,12.58803653717041,26.668920516967773,11.954938888549805,35.1143913269043,21.944828033447266
2013-02-19,122.34957122802734,24.668899536132812,11.476683616638184,32.64267349243164,12.672574043273926,26.938377380371094,12.059117317199707,35.33280563354492,22.026683807373047
2013-02-20,120.82467651367188,24.152883529663086,11.303860664367676,32.21647644042969,12.499267578125,26.888736724853516,12.036328315734863,35.10629653930664,21.6906681060791
2013-02-21,120.09019470214844,23.98501968383789,11.214251518249512,31.979721069335938,12.397819519042969,26.973819732666016,11.98423957824707,34.94452667236328,21.50972557067871
2013-02-22,121.26377868652344,24.23681640625,11.35506820678711,32.23225402832031,12.549993515014648,27.129825592041016,12.104697227478027,35.09820556640625,21.630353927612305
2013-02-25,118.95653533935547,23.602684020996094,11.047826766967773,31.569320678710938,12.37246036529541,26.7611026763916,11.997259140014648,34.709957122802734,21.29433250427246
2013-02-26,119.77082061767578,23.835826873779297,11.105438232421875,31.758724212646484,12.444314956665039,26.824922561645508,12.03307819366455,34.798919677734375,21.505420684814453
2013-02-27,121.27978515625,24.19951820373535,11.278257369995117,32.35856246948242,12.549993515014648,27.023468017578125,12.143766403198242,35.179100036621094,21.832820892333984
2013-02-28,121.04027557373047,24.149778366088867,11.259056091308594,32.33488082885742,12.524630546569824,27.0092830657959,12.186087608337402,35.14675521850586,21.94052505493164
2013-03-01,121.43942260742188,24.180858612060547,11.291060447692871,32.27963638305664,12.545764923095703,27.101469039916992,12.208880424499512,35.4136848449707,21.992223739624023
2013-03-04,122.08607482910156,24.128019332885742,11.387072563171387,32.21647644042969,12.583808898925781,27.307109832763672,12.332594871520996,35.607818603515625,22.186079025268555
2013-03-05,123.17984771728516,24.283449172973633,11.483086585998535,32.67423629760742,12.75711727142334,27.399282455444336,12.397709846496582,35.91521453857422,22.410097122192383
2013-03-06,123.34751892089844,24.311412811279297,11.559895515441895,32.67423629760742,12.748662948608398,27.335468292236328,12.39119815826416,35.988006591796875,22.39286231994629
2013-03-07,123.57103729248047,24.435768127441406,11.643105506896973,32.69792175292969,12.778250694274902,27.335468292236328,12.335855484008789,35.9637451171875,22.431640625
2013-03-08,124.09798431396484,24.55388069152832,11.675110816955566,33.00571060180664,12.80361270904541,27.385101318359375,12.361899375915527,36.0284423828125,22.6685733795166
2013-03-11,124.56903839111328,24.566314697265625,11.764720916748047,33.1162109375,12.83320426940918,27.413461685180664,12.39119815826416,36.21449661254883,22.72458267211914
2013-03-12,124.2895736694336,24.594295501708984,11.700714111328125,32.926788330078125,12.786709785461426,27.385101318359375,12.358642578125,36.37628173828125,22.659955978393555
2013-03-13,124.46521759033203,24.5383358001709,11.732720375061035,33.08465576171875,12.778250694274902,27.456012725830078,12.413992881774902,36.38438034057617,22.784894943237305
2013-03-14,125.12786865234375,24.874053955078125,11.809527397155762,33.24249267578125,12.871243476867676,27.54819107055664,12.440037727355957,36.41672134399414,22.810739517211914
2013-03-15,124.96269989013672,24.854381561279297,11.849346160888672,33.267860412597656,12.817768096923828,27.427766799926758,12.521807670593262,36.338748931884766,22.723459243774414
2013-03-18,124.27301788330078,24.6545467376709,11.733745574951172,33.061771392822266,12.822009086608887,27.342256546020508,12.452841758728027,36.1031494140625,22.550622940063477
2013-03-19,123.98432922363281,24.38289451599121,11.66952133178711,33.030067443847656,12.805032730102539,27.57027816772461,12.48568344116211,36.12752151489258,22.390750885009766
2013-03-20,124.85041809082031,24.520278930664062,11.746587753295898,33.06968307495117,12.868698120117188,27.833948135375977,12.57763385772705,36.428104400634766,22.65000343322754
2013-03-21,123.78380584716797,24.395395278930664,11.605291366577148,32.73677444458008,12.72439193725586,27.74843406677246,12.51523494720459,36.225006103515625,22.459880828857422
2013-03-22,124.77825927734375,24.588979721069336,11.675941467285156,32.99042510986328,12.805032730102539,28.004974365234375,12.534937858581543,36.5012321472168,22.736417770385742
2013-03-25,124.2569808959961,24.495302200317383,11.64383316040039,32.69713592529297,12.775324821472168,27.98359489440918,12.50866985321045,36.395591735839844,22.697534561157227
2013-03-26,125.2513427734375,24.754470825195312,11.720898628234863,32.86360168457031,12.855965614318848,28.247249603271484,12.626893997192383,36.81806182861328,22.809873580932617
2013-03-27,125.2513427734375,24.83564567565918,11.663095474243164,32.86360168457031,12.822009086608887,28.225875854492188,12.68600845336914,37.004913330078125,22.818510055541992
2013-03-28,125.63629913330078,24.763835906982422,11.695207595825195,33.101402282714844,12.847475051879883,28.339887619018555,12.840351104736328,37.329872131347656,22.900604248046875
2013-04-01,125.13904571533203,24.71387481689453,11.63740348815918,32.69713592529297,12.762588500976562,28.325641632080078,12.810796737670898,37.42735290527344,22.727773666381836
2013-04-02,125.75658416748047,24.5733642578125,11.708053588867188,32.59409713745117,12.81352424621582,28.63205337524414,12.853487014770508,37.97167205810547,22.917898178100586
2013-04-03,124.48147583007812,24.114370346069336,11.515381813049316,32.39592742919922,12.711662292480469,28.318513870239258,12.817361831665039,37.74420166015625,22.7061710357666
2013-04-04,124.98673248291016,24.083147048950195,11.618143081665039,32.538612365722656,12.715901374816895,28.468156814575195,12.938873291015625,37.91478729248047,22.835800170898438
2013-04-05,124.42537689208984,24.136232376098633,11.579606056213379,32.47520446777344,12.618284225463867,28.261503219604492,12.994699478149414,37.70356369018555,22.723459243774414
2013-04-08,125.26737976074219,24.29859161376953,11.695207595825195,32.665435791015625,12.673463821411133,28.582178115844727,13.093219757080078,37.73605728149414,22.982704162597656
2013-04-09,125.70040893554688,24.50467872619629,11.727319717407227,32.76848220825195,12.762588500976562,28.55367088317871,13.053812026977539,37.8579216003418,22.922212600708008
2013-04-10,127.24009704589844,24.635812759399414,11.887882232666016,33.204437255859375,12.987540245056152,28.76744270324707,13.15890121459961,38.491600036621094,23.190109252929688
2013-04-11,127.65715026855469,24.741981506347656,11.913572311401367,33.29164123535156,12.945096969604492,28.902849197387695,13.188454627990723,38.865318298339844,23.38454818725586
2013-04-12,127.34439849853516,24.354801177978516,11.862189292907715,33.101402282714844,12.889920234680176,29.009723663330078,13.244280815124512,38.93842315673828,23.50985336303711
2013-04-15,124.39335632324219,23.361873626708984,11.611716270446777,32.094730377197266,12.677705764770508,28.546539306640625,13.053812026977539,38.23163986206055,22.8919734954834
2013-04-16,126.2297134399414,23.64913558959961,11.791544914245605,32.530696868896484,12.83474349975586,29.080982208251953,13.211443901062012,38.7840576171875,23.220355987548828
2013-04-17,124.38528442382812,23.13081169128418,11.57318115234375,31.991670608520508,12.5715970993042,28.831581115722656,13.135907173156738,38.60532760620117,22.982704162597656
2013-04-18,123.60747528076172,23.327531814575195,11.451159477233887,31.849008560180664,12.440023422241211,28.77457618713379,13.17859935760498,38.13414764404297,22.73209571838379
2013-04-19,124.68205261230469,23.280696868896484,11.611716270446777,32.00752639770508,12.457002639770508,29.2235107421875,13.375639915466309,38.67031478881836,23.004304885864258
2013-04-22,125.23526763916016,23.530479431152344,11.624558448791504,32.04716491699219,12.554621696472168,29.294769287109375,13.359220504760742,38.90592956542969,23.10369110107422
2013-04-23,126.52637481689453,23.80214500427246,11.836504936218262,32.27703094482422,12.690436363220215,29.52280616760254,13.392060279846191,39.1496467590332,23.337011337280273
2013-04-24,126.60661315917969,24.12061882019043,11.907147407531738,32.609947204589844,12.711662292480469,29.052478790283203,13.434755325317383,38.47536087036133,23.35430145263672
2013-04-25,127.11982727050781,24.139352798461914,11.97779369354248,32.776397705078125,12.75410270690918,29.145132064819336,13.438036918640137,38.62971496582031,23.553056716918945
2013-04-26,126.89527130126953,24.0987606048584,11.92641544342041,32.6812744140625,12.749862670898438,29.137996673583984,13.457744598388672,38.62158966064453,23.449363708496094
2013-04-29,127.74532318115234,24.34230613708496,11.97779369354248,32.84775161743164,12.932365417480469,29.230632781982422,13.569389343261719,38.743438720703125,23.531457901000977
2013-04-30,128.05003356933594,24.439104080200195,12.009907722473145,32.855682373046875,13.072426795959473,29.173635482788086,13.605515480041504,38.45096969604492,23.596282958984375
2013-05-01,126.92729949951172,24.058168411254883,11.875038146972656,32.42763900756836,12.957829475402832,29.145132064819336,13.470876693725586,38.0447883605957,23.470964431762695
2013-05-02,128.10621643066406,24.3735408782959,11.97779369354248,32.83190155029297,13.123357772827148,29.25201988220215,13.45445728302002,38.467227935791016,23.699975967407227
2013-05-03,129.40533447265625,24.813798904418945,12.106240272521973,33.39466857910156,13.246438026428223,29.38027572631836,13.428187370300293,38.72719192504883,23.998109817504883
2013-05-06,129.7340850830078,24.982404708862305,12.234691619873047,33.608699798583984,13.310107231140137,29.166500091552734,13.240997314453125,38.47536087036133,24.075889587402344
2013-05-07,130.39166259765625,25.175989151000977,12.298911094665527,33.9178352355957,13.301614761352539,29.387409210205078,13.369071006774902,38.597206115722656,24.27897071838379
2013-05-08,130.9850616455078,25.216590881347656,12.40167236328125,34.13185501098633,13.40772533416748,29.423032760620117,13.250853538513184,38.7109489440918,24.2962589263916
2013-05-09,130.61619567871094,25.194730758666992,12.311758995056152,34.13185501098633,13.369524002075195,29.216373443603516,13.050528526306152,38.759674072265625,24.33946418762207
2013-05-10,131.04122924804688,25.06359100341797,12.363142013549805,34.234893798828125,13.40772533416748,29.330398559570312,13.080084800720215,39.14153289794922,24.52958869934082
2013-05-13,131.14549255371094,25.06047248840332,12.40167236328125,34.10015106201172,13.37376594543457,29.38027572631836,13.011120796203613,39.46648025512695,24.533891677856445
2013-05-14,132.50070190429688,25.416418075561523,12.613611221313477,34.52025604248047,13.416214942932129,29.729459762573242,13.099785804748535,39.86454772949219,24.784513473510742
2013-05-15,133.21435546875,25.344608306884766,12.729218482971191,34.662933349609375,13.458657264709473,30.02161407470703,13.224580764770508,40.07577896118164,24.9184513092041
2013-05-16,132.5889129638672,25.219703674316406,12.645721435546875,34.48855209350586,13.530807495117188,29.843467712402344,13.116204261779785,39.66146469116211,24.62896156311035
2013-05-17,133.87193298339844,25.641231536865234,12.81270980834961,35.01171875,13.6666259765625,29.88622283935547,13.240997314453125,39.888938903808594,24.866605758666992
2013-05-20,133.86395263671875,26.003427505493164,12.838398933410645,35.114749908447266,13.6666259765625,29.579801559448242,13.175314903259277,39.61271667480469,24.793149948120117
2013-05-21,134.0564422607422,25.95034408569336,12.870505332946777,35.162315368652344,13.624181747436523,29.608320236206055,13.201586723327637,40.043296813964844,24.905494689941406
2013-05-22,133.0620574951172,25.650598526000977,12.735637664794922,34.85316467285156,13.475634574890137,29.558429718017578,12.978280067443848,40.043296813964844,24.667848587036133
2013-05-23,132.6770782470703,25.663082122802734,12.658568382263184,34.758060455322266,13.471389770507812,29.43728256225586,12.889615058898926,40.02703857421875,24.616003036499023
2013-05-24,132.56478881835938,25.51320457458496,12.67141342163086,34.64708709716797,13.450167655944824,29.715194702148438,12.751686096191406,39.90516662597656,24.542537689208984
2013-05-28,133.35870361328125,25.781749725341797,12.799858093261719,34.82939529418945,13.513833045959473,29.76508331298828,12.60390567779541,40.31138610839844,24.78019142150879
2013-05-29,132.49270629882812,25.725536346435547,12.799858093261719,34.6312370300293,13.479878425598145,29.19499969482422,12.416722297668457,39.67771530151367,24.525249481201172
2013-05-30,132.98187255859375,25.666213989257812,12.954004287719727,34.83732223510742,13.5647611618042,29.080982208251953,12.449559211730957,39.96205139160156,24.525249481201172
2013-05-31,131.07330322265625,25.13540267944336,12.742061614990234,34.50440216064453,13.437430381774902,28.539424896240234,12.374025344848633,39.08465576171875,24.24872589111328
2013-06-03,131.7949981689453,25.37894630432129,12.75490951538086,34.670860290527344,13.505342483520508,28.852954864501953,12.400301933288574,39.2958869934082,24.356746673583984
2013-06-04,131.1614532470703,25.179113388061523,12.639300346374512,34.480621337890625,13.445921897888184,28.860088348388672,12.35760498046875,39.052162170410156,24.270326614379883
2013-06-05,129.32510375976562,24.88560676574707,12.43378734588623,33.85442352294922,13.314350128173828,28.51091194152832,12.249237060546875,38.483482360839844,23.868488311767578
2013-06-06,130.49586486816406,25.072956085205078,12.60719108581543,34.06843566894531,13.3440580368042,28.63205337524414,12.393731117248535,39.044029235839844,24.119089126586914
2013-06-07,132.15585327148438,25.388315200805664,12.825552940368652,34.71050262451172,13.467142105102539,28.988351821899414,12.469263076782227,39.4014892578125,24.559833526611328
2013-06-10,132.15585327148438,25.316499710083008,12.831972122192383,34.607452392578125,13.496850967407227,28.988351821899414,12.465978622436523,39.458351135253906,24.486366271972656
2013-06-11,130.79261779785156,24.93244743347168,12.620037078857422,34.290374755859375,13.356789588928223,28.917091369628906,12.383881568908691,39.2958869934082,24.244403839111328
2013-06-12,129.7100372314453,24.779449462890625,12.4851655960083,34.052589416503906,13.267662048339844,28.77457618713379,12.262372016906738,38.89780044555664,23.97650146484375
2013-06-13,131.6827850341797,25.194730758666992,12.722794532775879,34.551971435546875,13.42045783996582,29.0738525390625,12.462698936462402,39.49897384643555,24.425872802734375
2013-06-14,130.8568572998047,24.951183319091797,12.555811882019043,34.322086334228516,13.31859302520752,29.002601623535156,12.479114532470703,39.4339714050293,24.348108291625977
2013-06-17,131.8671875,25.31026268005371,12.677838325500488,34.59159469604492,13.441679954528809,29.25912857055664,12.518522262573242,39.52335739135742,24.482046127319336
2013-06-18,132.90965270996094,25.45389747619629,12.76132869720459,34.995853424072266,13.547789573669434,29.366029739379883,12.60390567779541,39.856449127197266,24.732662200927734
2013-06-19,131.07330322265625,25.219703674316406,12.587923049926758,34.46477127075195,13.390745162963867,28.781700134277344,12.314916610717773,39.222774505615234,24.451801300048828
2013-06-20,127.82549285888672,24.482818603515625,12.318181991577148,33.68003463745117,13.093647956848145,27.912324905395508,11.966815948486328,38.21540069580078,23.812314987182617
2013-06-21,128.2358856201172,24.524860382080078,12.32914924621582,33.70074462890625,13.014726638793945,28.281002044677734,12.123080253601074,38.59243392944336,23.858266830444336
2013-06-24,126.615478515625,24.160924911499023,12.109902381896973,33.13507843017578,12.856897354125977,28.166240692138672,12.113123893737793,38.26596450805664,23.64152717590332
2013-06-25,127.83277893066406,24.47152328491211,12.335591316223145,33.509552001953125,12.963542938232422,28.209266662597656,12.272382736206055,38.46183776855469,23.853931427001953
2013-06-26,129.0984344482422,24.622119903564453,12.458110809326172,33.836204528808594,13.040325164794922,28.50334358215332,12.42831802368164,39.01676940917969,24.153024673461914
2013-06-27,129.85621643066406,24.669174194335938,12.619315147399902,34.170814514160156,13.104308128356934,28.6324520111084,12.454854965209961,39.155513763427734,24.361087799072266
2013-06-28,129.32415771484375,24.56563949584961,12.541934967041016,33.97163391113281,13.048852920532227,28.453128814697266,12.48471450805664,38.85356521606445,24.447778701782227
2013-07-01,130.08201599121094,24.7413330078125,12.580625534057617,34.31422805786133,13.117109298706055,28.661149978637695,12.328778266906738,38.95964431762695,24.616832733154297
2013-07-02,129.96102905273438,24.794668197631836,12.593526840209961,33.94773864746094,13.138435363769531,28.696998596191406,12.32546329498291,38.87804412841797,24.660184860229492
2013-07-03,130.01747131347656,24.778993606567383,12.554834365844727,33.963653564453125,13.21522045135498,28.639619827270508,12.279014587402344,38.8209228515625,24.772886276245117
2013-07-05,131.42019653320312,25.086454391479492,12.78052806854248,34.49746322631836,13.300535202026367,28.711341857910156,12.242521286010742,39.35137939453125,25.041641235351562
2013-07-08,132.16989135742188,25.249595642089844,12.877246856689453,34.59307098388672,13.291999816894531,28.998233795166016,12.418357849121094,39.57170867919922,25.275711059570312
2013-07-09,133.1211700439453,25.506864547729492,12.986870765686035,35.07905960083008,13.343192100524902,29.213411331176758,12.507944107055664,39.68596267700195,25.375411987304688
2013-07-10,133.16954040527344,25.349985122680664,12.9094877243042,35.07108688354492,13.385848999023438,29.249263763427734,12.57761287689209,39.947113037109375,25.40141487121582
2013-07-11,134.98342895507812,25.55392074584961,13.032011032104492,35.628780364990234,13.611931800842285,29.708316802978516,12.779995918273926,40.46124267578125,25.765541076660156
2013-07-12,135.039794921875,25.6982421875,13.122281074523926,35.41368103027344,13.620463371276855,29.715496063232422,12.819806098937988,40.7060546875,25.886911392211914
2013-07-15,135.55581665039062,25.67626953125,13.180319786071777,35.541141510009766,13.658857345581055,29.758516311645508,13.028827667236328,40.74687194824219,25.82189178466797
2013-07-16,135.0479278564453,25.5194034576416,13.128735542297363,35.349937438964844,13.667387962341309,29.65094757080078,12.959158897399902,40.51020050048828,25.68317413330078
2013-07-17,135.39453125,25.632349014282227,13.18677043914795,35.453514099121094,13.68018627166748,29.708316802978516,12.952520370483398,40.61630630493164,25.696182250976562
2013-07-18,136.1361846923828,25.90530014038086,13.36087417602539,35.81201934814453,13.6460599899292,29.808732986450195,13.065321922302246,40.73054504394531,25.843564987182617
2013-07-19,136.37808227539062,26.266103744506836,13.367321014404297,36.178497314453125,13.415712356567383,29.980876922607422,13.068639755249023,41.2691764831543,25.82189178466797
2013-07-22,136.6440887451172,26.18138885498047,13.457596778869629,36.20242691040039,13.454099655151367,29.916311264038086,13.05537223815918,41.473167419433594,25.804546356201172
2013-07-23,136.35389709472656,26.22531509399414,13.406005859375,36.178497314453125,13.39864730834961,29.858930587768555,13.088546752929688,41.326271057128906,25.769868850708008
2013-07-24,135.85406494140625,25.933547973632812,13.309286117553711,35.89967727661133,13.488226890563965,29.665273666381836,12.889479637145996,41.26099395751953,25.68317413330078
2013-07-25,136.18458557128906,26.106101989746094,13.322179794311523,35.91560363769531,13.496759414672852,29.823083877563477,13.008916854858398,41.46501159667969,25.717857360839844
2013-07-26,136.3297119140625,26.04020881652832,13.309286117553711,35.79608917236328,13.535149574279785,29.787208557128906,13.05537223815918,41.73432922363281,25.800216674804688
2013-07-29,135.91050720214844,25.82373809814453,13.21256160736084,35.70048141479492,13.513819694519043,29.7226619720459,13.078591346740723,41.611915588378906,25.665830612182617
2013-07-30,135.91050720214844,25.773534774780273,13.206113815307617,35.851863861083984,13.582074165344238,29.693960189819336,13.121725082397461,41.62007522583008,25.60081672668457
2013-07-31,136.00723266601562,25.858243942260742,13.21256160736084,35.979339599609375,13.535149574279785,29.68680191040039,13.02550983428955,41.63639831542969,25.73518943786621
2013-08-01,137.57925415039062,26.278648376464844,13.425354957580566,36.592796325683594,13.68018627166748,29.93067169189453,13.134992599487305,41.897544860839844,26.133987426757812
2013-08-02,137.81300354003906,26.162574768066406,13.418904304504395,36.66450881958008,13.739903450012207,29.94500732421875,13.118407249450684,41.91385269165039,26.32037925720215
2013-08-05,137.61146545410156,26.09983253479004,13.39311408996582,36.52110290527344,13.769761085510254,29.966529846191406,13.032147407531738,41.856727600097656,26.264028549194336
2013-08-06,136.82952880859375,25.939815521240234,13.270594596862793,36.250221252441406,13.697244644165039,29.93067169189453,12.965791702270508,41.66088104248047,26.155664443969727
2013-08-07,136.38613891601562,25.84883689880371,13.180319786071777,36.1944465637207,13.663117408752441,29.787208557128906,13.02550983428955,41.693511962890625,25.925920486450195
2013-08-08,136.88595581054688,25.99001693725586,13.21256160736084,36.36175537109375,13.705777168273926,29.94500732421875,13.075275421142578,41.693511962890625,26.099313735961914
2013-08-09,136.49098205566406,25.911571502685547,13.167423248291016,36.24224853515625,13.637528419494629,29.81590461730957,12.985695838928223,41.546634674072266,26.042959213256836
2013-08-12,136.3297119140625,25.801769256591797,13.115835189819336,36.2900505065918,13.727103233337402,29.729839324951172,12.916024208068848,41.375240325927734,26.008281707763672
2013-08-13,136.73284912109375,25.84883689880371,13.180319786071777,36.44938278198242,13.820956230163574,29.751354217529297,12.846351623535156,41.53030776977539,26.008281707763672
2013-08-14,136.03143310546875,25.729616165161133,13.128735542297363,36.1944465637207,13.80815601348877,29.543346405029297,12.763406753540039,41.20387268066406,25.722183227539062
2013-08-15,134.12887573242188,25.588428497314453,12.935285568237305,35.78812026977539,13.586338996887207,29.069976806640625,12.600842475891113,40.51020050048828,25.271377563476562
2013-08-16,133.6855010986328,25.484893798828125,12.9094877243042,35.835941314697266,13.573539733886719,28.89783477783203,12.454854965209961,40.32250213623047,25.18035125732422
2013-08-19,132.83094787597656,25.08017921447754,12.741835594177246,35.64472579956055,13.530882835388184,28.76873207092285,12.348689079284668,40.39595031738281,25.071985244750977
2013-08-20,133.48397827148438,25.233909606933594,12.864355087280273,35.70845413208008,13.55220890045166,28.775888442993164,12.46480655670166,40.51020050048828,25.327728271484375
2013-08-21,132.6616668701172,25.095853805541992,12.774077415466309,35.46148681640625,13.522354125976562,28.553556442260742,12.322147369384766,40.2653694152832,25.110990524291992
2013-08-22,133.870849609375,25.469200134277344,12.922385215759277,35.947479248046875,13.582074165344238,28.675479888916016,12.39181900024414,40.526519775390625,25.362401962280273
2013-08-23,134.32232666015625,25.65117835998535,12.935285568237305,35.95543670654297,13.68018627166748,28.840442657470703,12.494667053222656,40.632606506347656,25.366743087768555
2013-08-26,133.82257080078125,25.607257843017578,12.85145378112793,35.87577438354492,13.616201400756836,28.50334358215332,12.401771545410156,40.689735412597656,25.314720153808594
2013-08-27,131.6700897216797,25.447246551513672,12.541934967041016,35.150760650634766,13.377317428588867,28.352724075317383,12.395133972167969,40.02870178222656,24.902929306030273
2013-08-28,132.1376495361328,25.870790481567383,12.561281204223633,35.18262481689453,13.385848999023438,28.137542724609375,12.438264846801758,40.200103759765625,25.03729820251465
2013-08-29,132.34725952148438,25.600971221923828,12.593526840209961,35.28620529174805,13.458364486694336,28.252304077148438,12.365278244018555,40.32250213623047,25.15867042541504
2013-08-30,131.92807006835938,25.591564178466797,12.535491943359375,35.08702850341797,13.394376754760742,28.338375091552734,12.37523078918457,40.16743469238281,25.002620697021484
2013-09-03,132.524658203125,25.77980613708496,12.63866138458252,35.31010055541992,13.40717601776123,28.316856384277344,12.23256778717041,40.42859649658203,25.18035125732422
2013-09-04,133.62094116210938,25.917856216430664,12.73538875579834,35.66862106323242,13.535149574279785,28.496170043945312,12.23256778717041,40.893768310546875,25.444766998291016
2013-09-05,133.79029846191406,26.005704879760742,12.767630577087402,35.756263732910156,13.543679237365723,28.453128814697266,12.1828031539917,40.95087814331055,25.45343780517578
2013-09-06,133.85484313964844,26.002559661865234,12.767630577087402,35.740333557128906,13.55220890045166,28.524856567382812,12.269063949584961,40.967220306396484,25.4230899810791
2013-09-09,135.13656616210938,26.29433822631836,12.91594123840332,36.18648910522461,13.714311599731445,28.72570037841797,12.312191009521484,41.22018051147461,25.64849853515625
2013-09-10,136.1361846923828,26.30374526977539,13.070698738098145,36.712310791015625,13.799628257751465,28.75438117980957,12.408411026000977,41.48133850097656,25.89557647705078
2013-09-11,136.5634765625,26.50454330444336,13.08359432220459,36.86368942260742,13.735636711120605,28.962385177612305,12.285652160644531,41.7587890625,26.0863037109375
2013-09-12,136.20079040527344,26.347673416137695,12.986870765686035,36.712310791015625,13.748435974121094,28.969554901123047,12.252470970153809,41.693511962890625,26.025619506835938
2013-09-13,136.50704956054688,26.33826446533203,13.02556037902832,36.81588363647461,13.761229515075684,29.20624351501465,12.34537124633789,41.79146194458008,26.099313735961914
2013-09-16,137.2970733642578,26.331995010375977,13.167423248291016,37.293914794921875,13.739903450012207,29.471628189086914,12.378545761108398,42.16685485839844,26.21634864807129
2013-09-17,137.90980529785156,26.45119857788086,13.23190975189209,37.45326232910156,13.80815601348877,29.572038650512695,12.45154094696045,42.191322326660156,26.368064880371094
2013-09-18,139.50599670410156,26.771223068237305,13.347976684570312,37.92331314086914,13.983052253723145,29.92349624633789,12.823123931884766,42.45247268676758,26.671491622924805
2013-09-19,139.272216796875,26.705333709716797,13.296390533447266,38.050785064697266,13.991578102111816,29.787208557128906,12.763406753540039,42.313743591308594,26.662824630737305
2013-09-20,138.29847717285156,26.48880386352539,13.22582721710205,37.58575439453125,13.89213752746582,29.578622817993164,12.570809364318848,42.23424530029297,26.50196647644043
2013-09-23,137.65847778320312,26.35956382751465,13.038087844848633,37.46571350097656,13.9350004196167,29.44869613647461,12.721543312072754,41.939266204833984,26.297630310058594
2013-09-24,137.33444213867188,26.38477897644043,12.953932762145996,37.60176467895508,13.87498950958252,29.31156349182129,12.714839935302734,41.726200103759766,26.3671932220459
2013-09-25,136.93753051757812,26.37848472595215,13.025140762329102,37.433685302734375,13.853561401367188,29.0661563873291,12.627754211425781,41.398406982421875,26.206340789794922
2013-09-26,137.46409606933594,26.425752639770508,13.025140762329102,37.60176467895508,13.904996871948242,29.217727661132812,12.611003875732422,41.5459098815918,26.454145431518555
2013-09-27,136.83224487304688,26.334354400634766,12.979825019836426,37.361663818359375,13.819273948669434,29.037281036376953,12.53061294555664,41.5459098815918,26.458499908447266
2013-09-30,136.10316467285156,26.132633209228516,12.889192581176758,37.145545959472656,13.73354434967041,28.72691535949707,12.517218589782715,41.45576477050781,26.358505249023438
2013-10-01,137.18055725097656,26.299678802490234,12.979825019836426,37.377662658691406,13.853561401367188,28.90013885498047,12.554061889648438,41.98021697998047,26.571521759033203
2013-10-02,137.0509033203125,26.35956382751465,12.973350524902344,37.201576232910156,13.857845306396484,28.835186004638672,12.567461013793945,41.88188934326172,26.562837600708008
2013-10-03,135.7871551513672,26.129478454589844,12.87624454498291,36.79339599609375,13.737828254699707,28.690826416015625,12.420083999633789,41.51314926147461,26.26285743713379
2013-10-04,136.81597900390625,26.394243240356445,12.979825019836426,37.03350830078125,13.79355239868164,28.734132766723633,12.443526268005371,41.97202682495117,26.510665893554688
2013-10-07,135.63323974609375,26.1767578125,12.83092975616455,36.777381896972656,13.73354434967041,28.640295028686523,12.383237838745117,41.50495147705078,26.136781692504883
2013-10-08,134.05361938476562,25.8962345123291,12.669084548950195,36.361183166503906,13.514938354492188,28.640295028686523,12.470322608947754,40.9067497253418,25.723772048950195
2013-10-09,134.15084838867188,25.80482292175293,12.714399337768555,36.345157623291016,13.566376686096191,28.661962509155273,12.5205659866333,40.83298873901367,25.606395721435547
2013-10-10,137.04283142089844,26.28392791748047,13.07693099975586,37.2816276550293,13.79355239868164,29.19606590270996,12.708141326904297,41.7835578918457,26.201993942260742
2013-10-11,137.92581176757812,26.567588806152344,13.148143768310547,37.457698822021484,13.909281730651855,29.282684326171875,12.768430709838867,41.98021697998047,26.428062438964844
2013-10-14,138.47666931152344,26.74725341796875,13.212875366210938,37.60176467895508,13.956433296203613,29.405393600463867,12.698094367980957,42.28341293334961,26.536741256713867
2013-10-15,137.47216796875,26.6495418548584,13.115777015686035,37.22559356689453,13.870706558227539,29.138336181640625,12.5205659866333,42.012996673583984,26.284595489501953
2013-10-16,139.39210510253906,27.049837112426758,13.394144058227539,37.47370910644531,14.003582954406738,29.5714054107666,12.634453773498535,42.8734130859375,26.610652923583984
2013-10-17,140.32371520996094,27.106578826904297,13.510672569274902,37.7618522644043,14.0078706741333,29.903419494628906,12.83877182006836,43.23396682739258,26.806289672851562
2013-10-18,141.271484375,27.402851104736328,13.536561012268066,38.170047760009766,14.247910499572754,29.946733474731445,12.872265815734863,43.06190490722656,26.971485137939453
2013-10-21,141.2796173095703,27.279930114746094,13.510672569274902,38.266082763671875,14.325060844421387,29.88176918029785,12.84546947479248,42.84065628051758,27.041048049926758
2013-10-22,142.0977783203125,27.431224822998047,13.536561012268066,38.52220916748047,14.320778846740723,30.257089614868164,13.009599685668945,43.24216842651367,27.22364044189453
2013-10-23,141.41726684570312,27.0025634765625,13.426511764526367,38.53820037841797,14.252190589904785,30.31483268737793,13.019643783569336,43.16022872924805,27.049745559692383
2013-10-24,141.8871307373047,27.131792068481445,13.445932388305664,38.82634353637695,14.28648567199707,30.257089614868164,12.992849349975586,43.16022872924805,27.31928253173828
2013-10-25,142.5352325439453,27.29568862915039,13.504195213317871,39.026451110839844,14.359356880187988,30.329273223876953,13.130183219909668,43.217594146728516,27.523618698120117
2013-10-28,142.76202392578125,27.3177490234375,13.47182846069336,38.970401763916016,14.406503677368164,30.726253509521484,13.103384017944336,43.36508560180664,27.4714412689209
2013-10-29,143.52354431152344,27.51002311706543,13.510672569274902,39.082462310791016,14.500805854797363,30.993301391601562,13.120135307312012,43.65189743041992,27.632301330566406
2013-10-30,142.81063842773438,27.32405662536621,13.458879470825195,38.90639114379883,14.470795631408691,30.726253509521484,13.036396026611328,43.41424560546875,27.49752426147461
2013-10-31,142.40565490722656,27.22949981689453,13.316457748413086,38.91438293457031,14.423649787902832,30.567459106445312,12.989498138427734,43.24216842651367,27.56708526611328
2013-11-01,142.74586486816406,27.131792068481445,13.34882640838623,39.19451904296875,14.427936553955078,30.682937622070312,13.08328914642334,43.52897262573242,27.632301330566406
2013-11-04,143.2481231689453,27.469045639038086,13.355297088623047,39.33859634399414,14.483656883239746,30.711809158325195,13.110084533691406,43.561763763427734,27.72795295715332
2013-11-05,142.79444885253906,27.22003936767578,13.284090042114258,39.298553466796875,14.445084571838379,30.769559860229492,13.016301155090332,43.41424560546875,27.72795295715332
2013-11-06,143.52354431152344,27.3019962310791,13.34882640838623,39.41062927246094,14.590821266174316,31.1015682220459,13.19382381439209,43.315921783447266,27.658382415771484
2013-11-07,141.70889282226562,26.8796329498291,13.199929237365723,38.994422912597656,14.402215957641602,30.6468505859375,13.069893836975098,42.930789947509766,27.084522247314453
2013-11-08,143.62075805664062,27.279930114746094,13.504195213317871,39.522666931152344,14.530802726745605,30.798425674438477,13.046442031860352,43.561763763427734,27.514917373657227
2013-11-11,143.64503479003906,27.330364227294922,13.510672569274902,39.49067306518555,14.547951698303223,30.704605102539062,13.043094635009766,43.66830062866211,27.558391571044922
2013-11-12,143.35340881347656,27.07820701599121,13.381197929382324,39.50666809082031,14.586530685424805,30.7551212310791,12.932560920715332,43.643699645996094,27.510570526123047
2013-11-13,144.5037384033203,27.314599990844727,13.497721672058105,39.73877716064453,14.710835456848145,31.01495933532715,12.996198654174805,43.88955307006836,27.94532012939453
2013-11-14,145.2247772216797,27.47850227355957,13.614246368408203,39.8908576965332,14.672260284423828,31.238710403442383,13.110084533691406,44.2582893371582,28.140949249267578
2013-11-15,145.85658264160156,27.629796981811523,13.678990364074707,40.026920318603516,14.702261924743652,31.274795532226562,13.18712329864502,44.51232147216797,28.23659324645996
2013-11-18,145.34625244140625,27.418607711791992,13.67251205444336,40.0909423828125,14.646536827087402,31.180971145629883,13.17037296295166,44.315635681152344,28.014875411987305
2013-11-19,145.0303192138672,27.46589469909668,13.691936492919922,39.80281066894531,14.595110893249512,31.065500259399414,13.073241233825684,44.36481857299805,27.893146514892578
2013-11-20,144.57662963867188,27.399703979492188,13.653094291687012,39.62672805786133,14.547951698303223,30.935565948486328,12.92920970916748,44.49593734741211,27.749685287475586
2013-11-21,145.74322509765625,27.661317825317383,13.84730052947998,39.946876525878906,14.672260284423828,30.993301391601562,12.959355354309082,44.67620086669922,28.036609649658203
2013-11-22,146.47227478027344,27.809463500976562,13.912042617797852,40.29904556274414,14.642252922058105,31.152097702026367,12.94930362701416,45.27439880371094,28.193115234375
2013-11-25,146.326416015625,27.55729103088379,13.931463241577148,40.21100616455078,14.642252922058105,31.1015682220459,12.899062156677246,45.45467758178711,28.219209671020508
2013-11-26,146.36691284179688,27.48796272277832,13.918517112731934,40.291038513183594,14.693686485290527,31.072710037231445,12.771782875061035,45.323577880859375,28.3844051361084
2013-11-27,146.7234649658203,27.3019962310791,13.95736026763916,40.451114654541016,14.80942440032959,31.094358444213867,12.744983673095703,45.30716323852539,28.49308967590332
2013-11-29,146.6261749267578,27.24526023864746,13.90556526184082,40.33906936645508,14.869431495666504,31.0438289642334,12.738286972045898,45.2825927734375,28.519180297851562
2013-12-02,146.2454833984375,27.264171600341797,13.899097442626953,40.17097473144531,14.822285652160645,30.877817153930664,12.684690475463867,45.298988342285156,28.3844051361084
2013-12-03,145.6135711669922,27.330364227294922,13.756672859191895,39.826812744140625,14.856572151184082,31.02940559387207,12.748334884643555,44.905635833740234,28.11486053466797
2013-12-04,145.5973663330078,27.242103576660156,13.789040565490723,39.66675567626953,14.869431495666504,30.957229614257812,12.805276870727539,44.74995422363281,28.049650192260742
2013-12-05,144.95738220214844,27.15070343017578,13.659564018249512,39.682743072509766,14.822285652160645,30.67572593688965,12.701441764831543,44.66801071166992,28.0800838470459
2013-12-06,146.57754516601562,27.235797882080078,13.84730052947998,40.291038513183594,14.925158500671387,31.094358444213867,12.875617027282715,45.24981689453125,28.314849853515625
2013-12-09,146.95021057128906,27.273618698120117,13.90556526184082,40.395084381103516,14.97230339050293,31.20262336730957,12.798576354980469,45.33994674682617,28.293109893798828
2013-12-10,146.42364501953125,27.191680908203125,13.853775978088379,40.30704879760742,14.942304611206055,30.935565948486328,12.671295166015625,45.1596794128418,28.310503005981445
2013-12-11,144.7791290283203,26.807146072387695,13.66603946685791,39.674739837646484,14.805133819580078,30.986095428466797,12.567461013793945,44.38119888305664,28.049650192260742
2013-12-12,144.30120849609375,26.92061424255371,13.66603946685791,39.71477127075195,14.706552505493164,30.560237884521484,12.584203720092773,44.061607360839844,27.962703704833984
2013-12-13,144.2849884033203,26.83235740661621,13.678990364074707,39.834815979003906,14.659399032592773,30.50971794128418,12.564109802246094,44.09440231323242,28.032268524169922
2013-12-16,145.18421936035156,27.065608978271484,13.763144493103027,40.21100616455078,14.805133819580078,30.502498626708984,12.631105422973633,44.17634201049805,28.214859008789062
2013-12-17,144.72244262695312,26.911149978637695,13.67251205444336,40.19499206542969,14.800849914550781,30.35814666748047,12.607653617858887,43.9632682800293,28.140949249267578
2013-12-18,147.19320678710938,27.3177490234375,13.98972225189209,40.867305755615234,14.916581153869629,30.86338996887207,12.775126457214355,45.05314254760742,28.558305740356445
2013-12-19,147.0231475830078,27.396562576293945,13.97030258178711,40.907344818115234,14.942304611206055,30.805646896362305,12.681343078613281,44.954811096191406,28.540916442871094
2013-12-20,147.87831115722656,27.444992065429688,14.05550479888916,41.23635482788086,15.059030532836914,30.945283889770508,12.806941986083984,45.18107604980469,28.65963363647461
2013-12-23,148.6683807373047,27.473501205444336,14.120548248291016,41.39724349975586,15.25717830657959,30.91619110107422,12.756156921386719,45.35388946533203,28.786216735839844
2013-12-24,148.99420166015625,27.625492095947266,14.146568298339844,41.59032440185547,15.300252914428711,30.959821701049805,12.806941986083984,45.27159881591797,28.847328186035156
2013-12-26,149.7516326904297,27.821823120117188,14.179091453552246,41.87992477416992,15.339024543762207,31.083465576171875,12.749387741088867,45.60896301269531,29.061206817626953
2013-12-27,149.74351501464844,27.9580020904541,14.172589302062988,41.831661224365234,15.326101303100586,31.156192779541016,12.800171852111816,45.567813873291016,28.925893783569336
2013-12-30,149.71908569335938,27.758499145507812,14.146568298339844,41.79142379760742,15.295942306518555,31.23619842529297,12.83064079284668,45.64187240600586,29.056840896606445
2013-12-31,150.4276580810547,28.02766990661621,14.218110084533691,42.040802001953125,15.395017623901367,31.258014678955078,12.854338645935059,45.6171875,29.170330047607422
2014-01-02,148.98606872558594,27.6286678314209,14.140059471130371,41.45355224609375,15.244247436523438,30.87255859375,12.65798568725586,45.36211013793945,29.035011291503906
2014-01-03,148.96160888671875,27.527328491210938,14.237629890441895,41.56617736816406,15.171031951904297,30.814363479614258,12.61736011505127,45.46908950805664,28.95644187927246
2014-01-06,148.5299835205078,27.565336227416992,14.25063705444336,41.324832916259766,15.145180702209473,30.698013305664062,12.637673377990723,45.27982711791992,28.77748680114746
2014-01-07,149.44212341308594,27.774324417114258,14.25714111328125,41.58226776123047,15.283025741577148,30.86528205871582,12.749387741088867,45.75705337524414,28.952091217041016
2014-01-08,149.4746856689453,27.581165313720703,14.302667617797852,41.50987243652344,15.283025741577148,30.632564544677734,12.681684494018555,46.160247802734375,28.873519897460938
2014-01-09,149.572509765625,27.49566650390625,14.35469913482666,41.71098709106445,15.183948516845703,30.79255485534668,12.756156921386719,46.505821228027344,28.869152069091797
2014-01-10,149.97967529296875,27.51782989501953,14.328681945800781,41.77534866333008,15.214098930358887,30.8361873626709,12.938970565795898,46.686851501464844,28.95644187927246
2014-01-13,147.98422241210938,26.97000503540039,14.114049911499023,41.268531799316406,15.0504150390625,30.66165542602539,12.806941986083984,46.3083381652832,28.375926971435547
2014-01-14,149.596923828125,27.32149887084961,14.23111629486084,41.702945709228516,15.304561614990234,30.8216609954834,12.823864936828613,46.89255905151367,28.62035369873047
2014-01-15,150.4032440185547,27.242338180541992,14.400227546691895,42.0005989074707,15.489786148071289,30.82891082763672,12.800171852111816,46.85139465332031,28.6901912689209
2014-01-16,150.20773315429688,27.280344009399414,14.309170722961426,41.89601135253906,15.485481262207031,30.8361873626709,12.88819408416748,46.96660614013672,28.537416458129883
2014-01-17,149.572509765625,27.23600959777832,14.26364517211914,41.686851501464844,15.399325370788574,30.596187591552734,12.884805679321289,46.917240142822266,28.410842895507812
2014-01-21,150.0122833251953,27.46083641052246,14.276647567749023,41.72706985473633,15.4768648147583,30.712549209594727,13.026989936828613,47.18878936767578,28.3846492767334
2014-01-22,150.11001586914062,27.587501525878906,14.283157348632812,41.855777740478516,15.459637641906738,30.712549209594727,13.040535926818848,47.22990798950195,28.4588565826416
2014-01-23,148.88014221191406,27.27400779724121,14.049002647399902,41.35702896118164,15.429478645324707,30.44347381591797,13.00329303741455,46.90079116821289,28.258073806762695
2014-01-24,145.7036590576172,26.70401382446289,13.730301856994629,40.06989669799805,15.132256507873535,30.167091369628906,12.85772705078125,45.79821014404297,27.716833114624023
2014-01-27,144.9868927001953,26.60901641845703,13.645744323730469,40.1101188659668,14.990113258361816,30.043468475341797,12.88819408416748,45.42794418334961,27.60770606994629
2014-01-28,145.85025024414062,26.811683654785156,13.827862739562988,40.488216400146484,14.899654388427734,30.276195526123047,12.935585975646973,46.036827087402344,27.799762725830078
2014-01-29,144.44937133789062,26.662851333618164,13.665258407592773,40.053802490234375,14.783352851867676,29.74528694152832,12.928820610046387,45.6171875,27.35454750061035
2014-01-30,145.98062133789062,26.748350143432617,13.860381126403809,40.447998046875,14.96427059173584,29.788923263549805,13.12855052947998,46.4482307434082,27.812868118286133
2014-01-31,145.1253204345703,26.403181076049805,13.69778060913086,40.24686813354492,14.998732566833496,29.64346694946289,13.236885070800781,46.045047760009766,27.420021057128906
2014-02-03,141.85928344726562,25.931364059448242,13.353055000305176,39.1286735534668,14.684280395507812,29.00347900390625,13.131937980651855,45.139949798583984,26.699819564819336
2014-02-04,142.85301208496094,26.197355270385742,13.48314094543457,39.37807083129883,14.740281105041504,29.15620231628418,13.05407428741455,45.584266662597656,27.027185440063477
2014-02-05,142.6737518310547,25.940860748291016,13.470135688781738,39.36197280883789,14.753194808959961,29.178016662597656,12.996521949768066,45.32918930053711,27.062103271484375
2014-02-06,144.55523681640625,26.32718849182129,13.678266525268555,39.909000396728516,14.916885375976562,29.490753173828125,13.091313362121582,45.584266662597656,27.633901596069336
2014-02-07,146.34707641601562,26.612194061279297,13.847375869750977,40.600826263427734,15.119341850280762,29.76711082458496,13.162408828735352,46.365936279296875,27.974355697631836
2014-02-10,146.61590576171875,26.482343673706055,13.860381126403809,40.34341049194336,15.14948844909668,29.88347625732422,13.26058578491211,46.752681732177734,27.9569034576416
2014-02-11,148.22039794921875,26.827512741088867,14.0034761428833,40.79390335083008,15.334711074829102,30.23255729675293,13.385846138000488,47.3862419128418,28.16204071044922
2014-02-12,148.29371643066406,26.764177322387695,14.0034761428833,41.027198791503906,15.395017623901367,30.10165023803711,13.402772903442383,47.3862419128418,28.18824005126953
2014-02-13,149.059326171875,26.89084815979004,14.05550479888916,41.05937957763672,15.507011413574219,30.254364013671875,13.548340797424316,47.72361373901367,28.275537490844727
2014-02-14,149.88201904296875,27.242338180541992,14.075019836425781,41.324832916259766,15.537166595458984,30.428918838500977,13.636361122131348,47.89639663696289,28.445755004882812
2014-02-18,150.06114196777344,27.365842819213867,14.101035118103027,41.29267501831055,15.545782089233398,30.254364013671875,13.683760643005371,48.34071350097656,28.48067855834961
2014-02-19,149.06753540039062,27.400663375854492,13.905917167663574,40.90652084350586,15.49409294128418,30.188920974731445,13.605895042419434,48.04450607299805,28.24934196472168
2014-02-20,149.94712829589844,27.581165313720703,13.944939613342285,41.29267501831055,15.545782089233398,30.3198299407959,13.710844039916992,48.48059844970703,28.402111053466797
2014-02-21,149.77610778808594,27.362680435180664,13.970953941345215,41.3409309387207,15.485481262207031,30.254364013671875,13.727766990661621,48.39009475708008,28.4588565826416
2014-02-24,150.60684204101562,27.774324417114258,14.075019836425781,41.654666900634766,15.545782089233398,30.363473892211914,13.693913459777832,48.75213623046875,28.576711654663086
2014-02-25,150.54989624023438,27.761653900146484,13.990466117858887,41.517921447753906,15.502706527709961,30.479829788208008,13.676986694335938,48.62870407104492,28.77748680114746
2014-02-26,150.5579833984375,27.587501525878906,13.970953941345215,41.55813217163086,15.51562786102295,30.45073127746582,13.632979393005371,48.62870407104492,28.93899917602539
2014-02-27,151.34808349609375,27.615999221801758,14.042508125305176,41.79946517944336,15.640547752380371,30.588918685913086,13.599122047424316,48.908470153808594,29.056840896606445
2014-02-28,151.73085021972656,27.755338668823242,14.114049911499023,41.87992477416992,15.657774925231934,30.799821853637695,13.693913459777832,48.908470153808594,29.17469024658203
2014-03-03,150.6638641357422,27.57799530029297,14.0034761428833,41.598365783691406,15.489786148071289,30.632564544677734,13.55849838256836,48.546424865722656,28.89971160888672
2014-03-04,152.7815704345703,27.878826141357422,14.289661407470703,42.201698303222656,15.692234992980957,31.047096252441406,13.656681060791016,49.46798324584961,29.261987686157227
2014-03-05,152.91998291015625,27.619169235229492,14.439251899719238,42.25800704956055,15.713776588439941,30.945283889770508,13.565272331237793,49.34455871582031,29.38420295715332
2014-03-06,153.2702178955078,27.818662643432617,14.484784126281738,42.49936294555664,15.735306739807129,30.938016891479492,13.497560501098633,49.04010772705078,29.458396911621094
2014-03-07,153.3353729248047,27.87248420715332,14.549821853637695,42.6361083984375,15.687923431396484,31.025272369384766,13.538185119628906,48.91669845581055,29.41475486755371
2014-03-10,153.2539825439453,27.916826248168945,14.556329727172852,42.451080322265625,15.662081718444824,31.05438804626465,13.504329681396484,49.12239456176758,29.336191177368164
2014-03-11,152.49652099609375,27.600156784057617,14.458767890930176,42.1453742980957,15.627615928649902,31.039831161499023,13.467097282409668,49.023658752441406,29.165958404541016
2014-03-12,152.53721618652344,27.60333251953125,14.432748794555664,42.064937591552734,15.653472900390625,31.10528564453125,13.636361122131348,49.01543426513672,29.122316360473633
2014-03-13,150.82676696777344,27.32784080505371,14.270149230957031,41.46964645385742,15.442399024963379,30.952545166015625,13.77855110168457,48.348941802978516,28.768760681152344
2014-03-14,150.4032440185547,27.35316276550293,14.179091453552246,41.30875015258789,15.347634315490723,30.96709632873535,13.842873573303223,48.08564376831055,28.742572784423828
2014-03-17,151.76348876953125,27.498823165893555,14.328681945800781,41.8155632019043,15.528552055358887,31.14892578125,13.934276580810547,48.55465316772461,28.93461799621582
2014-03-18,152.84671020507812,27.729997634887695,14.400227546691895,42.040802001953125,15.731003761291504,31.214365005493164,13.913960456848145,49.073036193847656,29.061206817626953
2014-03-19,152.03224182128906,27.520992279052734,14.393729209899902,41.60639572143555,15.666391372680664,30.9743709564209,13.693913459777832,48.92493438720703,28.869152069091797
2014-03-20,152.91998291015625,27.6286678314209,14.621370315551758,41.72706985473633,15.787002563476562,31.083465576171875,13.724379539489746,48.92493438720703,28.9433536529541
2014-03-21,152.32693481445312,27.704082489013672,14.623331069946289,41.73111343383789,15.707837104797363,31.0659236907959,13.828498840332031,48.037330627441406,28.758573532104492
2014-03-24,151.69703674316406,27.646808624267578,14.616806030273438,41.59376525878906,15.694855690002441,31.036685943603516,13.866049766540527,47.50065994262695,28.469589233398438
2014-03-25,152.4169158935547,27.89500617980957,14.603747367858887,41.97349548339844,15.79002571105957,31.263288497924805,13.924077987670898,47.9217414855957,28.298826217651367
2014-03-26,151.32064819335938,27.764537811279297,14.453597068786621,41.545284271240234,15.599688529968262,31.190181732177734,13.866049766540527,47.93825149536133,28.071138381958008
2014-03-27,151.0015869140625,27.9904842376709,14.375255584716797,41.488731384277344,15.54344654083252,31.168256759643555,13.9786958694458,47.83092498779297,27.93539810180664
2014-03-28,151.74606323242188,28.34050750732422,14.43401050567627,41.795745849609375,15.604009628295898,31.248666763305664,13.999178886413574,47.649261474609375,28.14557456970215
2014-03-31,152.9895782470703,28.34050750732422,14.584157943725586,42.28053283691406,15.725144386291504,31.475255966186523,14.152790069580078,48.29328536987305,28.33823013305664
2014-04-01,154.00396728515625,28.509172439575195,14.610279083251953,42.579471588134766,15.911155700683594,31.424100875854492,14.053791046142578,48.598793029785156,28.732309341430664
2014-04-02,154.5193634033203,28.611011505126953,14.642910957336426,42.878414154052734,15.919811248779297,31.460630416870117,14.033317565917969,48.81346893310547,28.924962997436523
2014-04-03,154.31488037109375,28.795574188232422,14.616806030273438,42.94304275512695,15.841938018798828,31.497194290161133,14.077692985534668,48.70612335205078,28.784847259521484
2014-04-04,152.49053955078125,28.690553665161133,14.473180770874023,42.4501838684082,15.539117813110352,31.394845962524414,14.152790069580078,47.89696502685547,28.307580947875977
2014-04-07,150.80526733398438,28.21005630493164,14.251215934753418,41.8442268371582,15.417986869812012,31.424100875854492,14.128890037536621,47.4180908203125,27.755882263183594
2014-04-08,151.42698669433594,28.493267059326172,14.270805358886719,41.8442268371582,15.556417465209961,31.584896087646484,14.33029842376709,47.0300178527832,28.036109924316406
2014-04-09,153.05499267578125,28.623737335205078,14.394845008850098,42.37748336791992,15.764069557189941,31.723791122436523,14.299574851989746,48.037330627441406,28.33823013305664
2014-04-10,149.8399658203125,28.225955963134766,14.061893463134766,41.537200927734375,15.400691032409668,31.40947723388672,14.244963645935059,46.4355354309082,27.633283615112305
2014-04-11,148.49009704589844,28.146411895751953,13.892162322998047,41.125144958496094,15.22764778137207,31.248666763305664,14.231306076049805,45.997928619384766,27.25234603881836
2014-04-14,149.66000366210938,28.531450271606445,14.003143310546875,41.35943603515625,15.379055976867676,31.497194290161133,14.316637992858887,46.25389862060547,27.466899871826172
2014-04-15,150.69070434570312,28.913318634033203,14.133707046508789,41.650325775146484,15.456930160522461,31.577590942382812,14.514631271362305,46.749290466308594,27.501922607421875
2014-04-16,152.2696533203125,29.26015853881836,14.244688987731934,42.288604736328125,15.608336448669434,31.884593963623047,14.620452880859375,46.98047637939453,27.887235641479492
2014-04-17,152.4823760986328,29.5274715423584,14.270805358886719,42.619873046875,15.586708068847656,31.891902923583984,14.439529418945312,46.97221755981445,27.922264099121094
2014-04-21,153.01406860351562,29.727943420410156,14.257747650146484,42.741058349609375,15.647266387939453,31.906524658203125,14.422462463378906,47.533668518066406,27.996702194213867
2014-04-22,153.70948791503906,29.68022346496582,14.355670928955078,42.765289306640625,15.71215534210205,31.891902923583984,14.442952156066895,48.05384063720703,28.237520217895508
2014-04-23,153.34950256347656,29.836151123046875,14.388309478759766,42.926883697509766,15.54344654083252,31.840742111206055,14.449773788452148,47.814395904541016,28.106172561645508
2014-04-24,153.660400390625,29.845685958862305,14.381778717041016,42.846092224121094,15.664576530456543,31.96500587463379,14.548762321472168,47.740089416503906,28.25942039489746
2014-04-25,152.40048217773438,29.66749382019043,14.264278411865234,42.42595291137695,15.465572357177734,32.00885009765625,14.716034889221191,47.385040283203125,27.777774810791016
2014-04-28,152.88323974609375,29.71840476989746,14.179411888122559,42.4501838684082,15.612662315368652,32.37434768676758,14.7877197265625,47.66577911376953,27.70771598815918
2014-04-29,153.59490966796875,29.855249404907227,14.316506385803223,42.56330490112305,15.720812797546387,32.2354621887207,14.726277351379395,47.946502685546875,27.834688186645508
2014-04-30,154.05307006835938,29.829771041870117,14.336087226867676,42.846092224121094,15.768399238586426,32.33778762817383,14.750173568725586,47.987789154052734,27.952913284301758
2014-05-01,154.0694122314453,29.762948989868164,14.362196922302246,42.741058349609375,15.785699844360352,32.308555603027344,14.811617851257324,48.09513854980469,28.0623836517334
2014-05-02,153.84854125976562,29.82341194152832,14.355670928955078,42.67642593383789,15.742440223693848,32.308555603027344,14.50780200958252,47.68230056762695,28.132442474365234
2014-05-05,154.14306640625,29.963438034057617,14.296916961669922,42.765289306640625,15.824636459350586,32.2354621887207,14.637526512145996,47.99604797363281,28.158706665039062
2014-05-06,152.80140686035156,30.007980346679688,14.094544410705566,42.44211196899414,15.647266387939453,32.03078842163086,14.565834045410156,47.574954986572266,27.755882263183594
2014-05-07,153.70126342773438,30.268922805786133,14.283855438232422,42.80569076538086,15.655922889709473,32.33778762817383,14.801376342773438,47.70706558227539,27.720849990844727
2014-05-08,153.5376739501953,29.836151123046875,14.323029518127441,42.79763412475586,15.69918441772461,32.38166046142578,14.640934944152832,47.45111083984375,27.799667358398438
2014-05-09,153.76669311523438,29.80750274658203,14.316506385803223,42.82992172241211,15.716485023498535,32.53514862060547,14.425874710083008,47.740089416503906,27.952913284301758
2014-05-12,155.2637939453125,30.01752471923828,14.460125923156738,43.46822738647461,15.92846393585205,32.564395904541016,14.292745590209961,48.227230072021484,28.303203582763672
2014-05-13,155.40289306640625,30.128908157348633,14.447065353393555,43.54092788696289,15.937113761901855,32.630184173583984,14.326882362365723,48.30155563354492,28.224382400512695
2014-05-14,154.6665802001953,30.14163589477539,14.342609405517578,43.21775817871094,15.86357593536377,32.45475769042969,14.398564338684082,48.334571838378906,27.909133911132812
2014-05-15,153.30857849121094,29.797956466674805,14.179411888122559,42.83802032470703,15.768399238586426,32.169677734375,14.340538024902344,47.84741973876953,27.70771598815918
2014-05-16,153.84031677246094,29.72159767150879,14.198992729187012,42.89458084106445,15.867897987365723,32.36703872680664,14.384916305541992,48.01256561279297,27.91350746154785
2014-05-19,154.40487670898438,29.81386375427246,14.270805358886719,43.06425094604492,15.971719741821289,32.30125045776367,14.163034439086914,48.30979919433594,28.040496826171875
2014-05-20,153.43128967285156,29.727943420410156,14.185935974121094,42.49059295654297,15.880880355834961,32.184295654296875,14.163034439086914,48.00430679321289,27.78652572631836
2014-05-21,154.72390747070312,30.049346923828125,14.27733325958252,42.910736083984375,15.98902416229248,32.36703872680664,14.173274040222168,48.408878326416016,28.12367820739746
2014-05-22,155.10012817382812,30.020713806152344,14.342609405517578,42.99153137207031,16.019309997558594,32.31587219238281,14.289336204528809,48.69786834716797,28.27255630493164
2014-05-23,155.72198486328125,29.960243225097656,14.388309478759766,43.2662239074707,16.153419494628906,32.36703872680664,14.25520133972168,48.72263717651367,28.495859146118164
2014-05-27,156.67910766601562,30.042987823486328,14.512347221374512,43.49245834350586,16.291851043701172,32.45475769042969,14.367849349975586,48.98685073852539,28.644737243652344
2014-05-28,156.5645294189453,30.093908309936523,14.486241340637207,43.5247802734375,16.248586654663086,32.4109001159668,14.453184127807617,48.846492767333984,28.61408233642578
2014-05-29,157.37448120117188,30.351655960083008,14.518875122070312,43.70252990722656,16.343761444091797,32.666744232177734,14.494152069091797,49.23454666137695,28.732309341430664
2014-05-30,157.6280975341797,30.329395294189453,14.551518440246582,43.67020797729492,16.361066818237305,32.92256164550781,14.589734077453613,49.36665725708008,28.758573532104492
2014-06-02,157.80809020996094,30.29119873046875,14.590693473815918,43.85605239868164,16.335105895996094,32.842159271240234,14.586318969726562,49.432708740234375,28.85491371154785
2014-06-03,157.7262420654297,30.396215438842773,14.610279083251953,43.80757522583008,16.30915641784668,32.72520446777344,14.640934944152832,49.52353286743164,28.8023624420166
2014-06-04,158.0452880859375,30.380298614501953,14.649442672729492,43.79949188232422,16.339433670043945,32.842159271240234,14.634110450744629,49.66389846801758,28.942481994628906
2014-06-05,159.0760955810547,30.55532455444336,14.78653621673584,44.24386215209961,16.447587966918945,32.973731994628906,14.75699520111084,49.7216911315918,29.13075828552246
2014-06-06,159.8368682861328,30.80670738220215,14.884459495544434,44.68824768066406,16.521129608154297,33.06145095825195,14.705795288085938,49.67215347290039,29.301525115966797
2014-06-09,160.00054931640625,30.854440689086914,14.94974136352539,44.914466857910156,16.573043823242188,33.01028060913086,14.606802940368652,49.41617965698242,29.310291290283203
2014-06-10,160.01690673828125,30.80352210998535,14.943217277526855,44.80944061279297,16.581695556640625,33.01028060913086,14.572657585144043,49.58132553100586,29.253358840942383
2014-06-11,159.46054077148438,30.9212703704834,14.845293045043945,44.47816467285156,16.542755126953125,32.92256164550781,14.388333320617676,49.52353286743164,29.16579246520996
2014-06-12,158.3315887451172,31.02308464050293,14.753897666931152,43.880279541015625,16.400005340576172,32.68865966796875,14.432710647583008,49.27582931518555,28.793607711791992
2014-06-13,158.81430053710938,31.319042205810547,14.76042652130127,44.033809661865234,16.495176315307617,32.68134689331055,14.524873733520508,49.23454666137695,28.80674171447754
2014-06-16,158.94517517089844,31.50679588317871,14.68861198425293,43.985321044921875,16.495176315307617,32.80561447143555,14.623866081237793,49.3336296081543,28.87242317199707
2014-06-17,159.38697814941406,31.484512329101562,14.838765144348145,44.10652160644531,16.534103393554688,32.80561447143555,14.603387832641602,49.30885314941406,28.98626136779785
2014-06-18,160.55679321289062,31.723176956176758,14.923628807067871,44.35697937011719,16.620630264282227,33.19300842285156,14.934505462646484,49.70517349243164,29.2052001953125
2014-06-19,160.73678588867188,31.949113845825195,14.904045104980469,44.470096588134766,16.590347290039062,33.3830680847168,15.057394027709961,49.87031173706055,29.135141372680664
2014-06-20,161.06312561035156,32.26689147949219,14.963034629821777,44.656776428222656,16.5538387298584,33.2807731628418,14.96581745147705,50.28968048095703,29.026195526123047
2014-06-23,161.0137939453125,32.38197708129883,14.995804786682129,44.39704895019531,16.60164451599121,33.09677505493164,14.914170265197754,50.09904861450195,29.061336517333984
2014-06-24,160.04385375976562,31.70103645324707,14.897492408752441,43.950645446777344,16.514726638793945,32.97902297973633,14.958932876586914,50.132198333740234,28.991058349609375
2014-06-25,160.7672119140625,31.940793991088867,14.910598754882812,43.9912223815918,16.579910278320312,32.92749786376953,15.014017105102539,50.67919158935547,29.237041473388672
2014-06-26,160.65216064453125,31.975976943969727,14.858168601989746,43.9587516784668,16.562541961669922,32.809757232666016,15.058767318725586,50.74549865722656,29.259008407592773
2014-06-27,160.96450805664062,31.975976943969727,14.917155265808105,44.06427001953125,16.662490844726562,32.868621826171875,15.117292404174805,50.61288070678711,29.32929039001465
2014-06-30,160.8822479248047,32.001548767089844,14.904047012329102,43.87759017944336,16.666839599609375,32.839176177978516,15.23780345916748,50.41397476196289,29.316110610961914
2014-07-01,161.9591522216797,32.02072525024414,14.995804786682129,44.145442962646484,16.836336135864258,32.91279220581055,15.086318016052246,51.052127838134766,29.627994537353516
2014-07-02,162.12347412109375,31.9727783203125,14.982693672180176,44.072391510009766,16.853710174560547,33.0010986328125,14.793678283691406,51.44166946411133,29.671916961669922
2014-07-03,162.9208221435547,32.0942497253418,15.100666999816895,44.4376220703125,16.92759895324707,33.18508529663086,14.631863594055176,51.64885330200195,29.900320053100586
2014-07-07,162.3536376953125,31.84809684753418,15.035127639770508,44.12107849121094,16.94498634338379,33.23660659790039,14.70072078704834,51.25933074951172,29.715843200683594
2014-07-08,161.30972290039062,31.796934127807617,14.904047012329102,43.82077407836914,16.792871475219727,33.17036819458008,14.800569534301758,50.778648376464844,29.425914764404297
2014-07-09,162.0330352783203,32.007938385009766,14.943370819091797,43.893821716308594,16.875442504882812,33.317562103271484,14.759248733520508,50.994110107421875,29.781719207763672
2014-07-10,161.3918914794922,31.70103645324707,14.84505844116211,43.634098052978516,16.827638626098633,33.266056060791016,14.859095573425293,50.96098327636719,29.504987716674805
2014-07-11,161.6138916015625,31.45806121826172,14.871272087097168,43.88569259643555,16.91455841064453,33.31020736694336,14.7454833984375,51.068702697753906,29.601621627807617
2014-07-14,162.4276580810547,31.729795455932617,14.963034629821777,44.13731384277344,17.03624153137207,33.42795181274414,14.576783180236816,51.234458923339844,29.685091018676758
2014-07-15,162.12347412109375,31.59231948852539,15.067902565002441,44.16167449951172,17.005823135375977,33.133575439453125,14.652523040771484,50.79521942138672,29.584056854248047
2014-07-16,162.7235565185547,32.07188415527344,15.041679382324219,44.34834671020508,17.162273406982422,33.14094924926758,14.70072078704834,50.62946701049805,29.658727645874023
2014-07-17,160.87411499023438,31.55396842956543,14.84505844116211,43.658447265625,16.94062614440918,32.93486404418945,14.566455841064453,50.074188232421875,29.37761116027832
2014-07-18,162.51803588867188,31.64668846130371,15.015464782714844,44.02370071411133,17.144893646240234,33.266056060791016,14.714495658874512,50.89467239379883,29.64995765686035
2014-07-21,162.21392822265625,31.694631576538086,14.976137161254883,43.999332427978516,17.123165130615234,33.111488342285156,14.70072078704834,50.68748092651367,29.513778686523438
2014-07-22,162.9208221435547,31.92162322998047,15.022017478942871,44.16167449951172,17.26658058166504,33.0526123046875,14.669733047485352,51.12672424316406,29.636768341064453
2014-07-23,163.28257751464844,32.12623596191406,15.054791450500488,43.98310852050781,17.2970027923584,33.008460998535156,14.683510780334473,51.541114807128906,29.614803314208984
2014-07-24,163.2907257080078,32.154991149902344,15.087567329406738,43.7720832824707,17.28396224975586,33.09677505493164,14.72825813293457,51.43336868286133,29.680692672729492
2014-07-25,162.5263214111328,31.918413162231445,15.002358436584473,43.658447265625,17.26224136352539,32.964298248291016,14.611210823059082,51.24274826049805,29.351240158081055
2014-07-28,162.59205627441406,31.841699600219727,15.008910179138184,43.439308166503906,17.29265785217285,32.79502868652344,14.814337730407715,51.29248809814453,29.40834617614746
2014-07-29,161.893310546875,31.76178741455078,14.93026065826416,42.89550018310547,17.25788688659668,32.6478157043457,14.676624298095703,51.33391189575195,29.324893951416016
2014-07-30,161.9180145263672,31.57316017150879,14.995804786682129,42.93608093261719,17.275270462036133,32.301918029785156,14.428741455078125,51.541114807128906,29.48741340637207
2014-07-31,158.72044372558594,30.892196655273438,14.687761306762695,42.067630767822266,16.949325561523438,31.74994468688965,14.201515197753906,50.48030471801758,28.942745208740234
2014-08-01,158.2354278564453,30.64284324645996,14.563233375549316,42.02703094482422,16.858055114746094,31.99281883239746,14.25660228729248,50.521724700927734,28.837322235107422
2014-08-04,159.37802124023438,31.15753746032715,14.681207656860352,42.173133850097656,16.979745864868164,32.095848083496094,14.180856704711914,50.737205505371094,29.118432998657227
2014-08-05,157.83267211914062,30.47659683227539,14.530462265014648,41.921531677246094,16.818944931030273,31.95600700378418,14.008715629577637,50.248226165771484,28.9163818359375
2014-08-06,157.88198852539062,30.566112518310547,14.589454650878906,41.71050262451172,16.766788482666016,32.22833251953125,13.829695701599121,50.223365783691406,28.85489273071289
2014-08-07,157.02700805664062,30.37428855895996,14.523908615112305,41.75108337402344,16.697261810302734,31.963380813598633,13.988064765930176,49.576927185058594,28.70553970336914
2014-08-08,158.84375,30.882600784301758,14.668102264404297,42.34357452392578,16.8059024810791,32.287208557128906,14.266929626464844,50.165348052978516,29.149192810058594
2014-08-11,159.30406188964844,30.885818481445312,14.681207656860352,42.51402282714844,16.88848114013672,32.51536560058594,14.215289115905762,50.14049530029297,29.280973434448242
2014-08-12,159.08209228515625,30.65882682800293,14.713980674743652,42.4166259765625,16.87978172302246,32.493289947509766,14.204964637756348,50.09904861450195,29.20629119873047
2014-08-13,160.15892028808594,30.75792121887207,14.779518127441406,42.83056640625,17.044931411743164,32.588951110839844,14.270379066467285,50.704063415527344,29.31171417236328
2014-08-14,160.9152069091797,30.582094192504883,14.871272087097168,43.017250061035156,17.07535743713379,32.72142791748047,14.394314765930176,51.30077362060547,29.540132522583008
2014-08-15,160.8822479248047,30.80908203125,14.799180030822754,42.9279670715332,17.07535743713379,32.765586853027344,14.449399948120117,51.35049057006836,29.483034133911133
2014-08-18,162.2303466796875,30.892196655273438,14.963034629821777,43.577293395996094,17.236154556274414,32.95693588256836,14.411528587341309,51.748291015625,29.755373001098633
2014-08-19,163.07704162597656,31.12877082824707,14.989256858825684,43.68278503417969,17.34480857849121,33.045265197753906,14.593992233276367,52.08809280395508,29.979393005371094
2014-08-20,163.51268005371094,31.195905685424805,15.02857780456543,44.145442962646484,17.34480857849121,33.02318572998047,14.624980926513672,52.079811096191406,30.119949340820312
2014-08-21,163.98939514160156,31.22148895263672,15.205538749694824,44.104854583740234,17.427383422851562,33.082061767578125,14.65941047668457,52.15439987182617,30.09359359741211
2014-08-22,163.73464965820312,31.013696670532227,15.153099060058594,43.950645446777344,17.43172836303711,33.0010986328125,14.614651679992676,52.20412826538086,30.15069007873535
2014-08-25,164.56478881835938,31.28862190246582,15.284183502197266,44.12107849121094,17.44911766052246,33.18508529663086,14.714495658874512,52.601932525634766,30.238555908203125
2014-08-26,164.6717071533203,31.448469161987305,15.316957473754883,43.97500228881836,17.457801818847656,33.16301345825195,14.538910865783691,52.79254913330078,30.242950439453125
2014-08-27,164.60595703125,31.384525299072266,15.284183502197266,43.950645446777344,17.453458786010742,33.177738189697266,14.697282791137695,52.7511100769043,30.273696899414062
2014-08-28,164.51551818847656,31.390932083129883,15.238302230834961,43.88569259643555,17.427383422851562,33.19245529174805,14.804004669189453,52.734527587890625,30.23415756225586
2014-08-29,164.9840087890625,31.56675910949707,15.31039810180664,43.84513854980469,17.50560760498047,33.21453094482422,14.900406837463379,52.925148010253906,30.229766845703125
2014-09-02,164.90188598632812,31.167133331298828,15.369384765625,43.9912223815918,17.509960174560547,33.22926330566406,14.766131401062012,52.90028381347656,30.2868709564209
2014-09-03,164.81143188476562,31.25025749206543,15.343175888061523,43.93441390991211,17.41434097290039,33.2513427734375,14.838430404663086,53.14064407348633,30.20779800415039
2014-09-04,164.57308959960938,30.828264236450195,15.356276512145996,43.950645446777344,17.405651092529297,33.3543701171875,14.83154296875,52.875423431396484,30.322010040283203
2014-09-05,165.31285095214844,31.036060333251953,15.375946998596191,44.09674072265625,17.509960174560547,33.545711517333984,15.017464637756348,53.182071685791016,30.42303466796875
2014-09-08,164.8854522705078,30.55332374572754,15.38249397277832,44.05615234375,17.53603172302246,33.29549026489258,14.927943229675293,53.19036102294922,30.2956600189209
2014-09-09,163.8415069580078,30.419057846069336,15.225196838378906,43.918174743652344,17.409996032714844,33.21453094482422,14.755805015563965,53.04948806762695,29.992576599121094
2014-09-10,164.45802307128906,30.34552001953125,15.303850173950195,43.950645446777344,17.514297485351562,33.37644958496094,14.690389633178711,53.42241287231445,30.097986221313477
2014-09-11,164.6470947265625,30.36470603942871,15.343175888061523,43.96688461303711,17.553422927856445,33.391178131103516,14.814337730407715,53.273231506347656,30.11117935180664
2014-09-12,163.68528747558594,29.910715103149414,15.330062866210938,43.82077407836914,17.479541778564453,33.15565872192383,14.549235343933105,52.88371276855469,30.0233211517334
2014-09-15,163.56201171875,30.12173080444336,15.32351016998291,43.804542541503906,17.37523078918457,33.317562103271484,14.593992233276367,52.74282455444336,29.900320053100586
2014-09-16,164.7949676513672,30.48618507385254,15.389052391052246,44.048038482666016,17.50560760498047,33.56779861450195,14.779902458190918,53.46385955810547,30.054073333740234
2014-09-17,165.01693725585938,30.31993865966797,15.454594612121582,44.21847915649414,17.540374755859375,33.49420928955078,14.752358436584473,53.505287170410156,30.040895462036133
2014-09-18,165.89646911621094,30.163293838500977,15.605334281921387,44.42952346801758,17.644676208496094,33.56044006347656,14.645635604858398,53.90310287475586,30.172657012939453
2014-09-19,165.74700927734375,30.138547897338867,15.564533233642578,44.386287689208984,17.60713768005371,33.64708709716797,14.777641296386719,53.96215057373047,30.185443878173828
2014-09-22,164.46693420410156,29.695104598999023,15.459233283996582,43.888858795166016,17.48929214477539,33.58783721923828,14.66648006439209,53.671051025390625,29.76233673095703
2014-09-23,163.5254364013672,29.60834503173828,15.353935241699219,43.5300407409668,17.450014114379883,33.29159164428711,14.624794960021973,53.3549919128418,29.506731033325195
2014-09-24,164.80560302734375,29.634052276611328,15.439494132995605,43.75837326049805,17.56349754333496,33.72114562988281,14.572690963745117,54.286521911621094,29.841678619384766
2014-09-25,162.14630126953125,29.180959701538086,15.182827949523926,43.073368072509766,17.17940330505371,33.27678298950195,14.485834121704102,53.396583557128906,29.405349731445312
2014-09-26,163.4346923828125,29.55692481994629,15.327609062194824,43.47296905517578,17.367084503173828,33.40269088745117,14.506682395935059,53.56290817260742,29.7094669342041
2014-09-29,163.13731384277344,29.489439010620117,15.274961471557617,43.407711029052734,17.362728118896484,33.39527893066406,14.600481986999512,53.44648742675781,29.55521011352539
2014-09-30,162.7078857421875,29.119905471801758,15.248636245727539,43.34247589111328,17.41509437561035,33.41008377075195,14.621319770812988,53.15538787841797,29.392127990722656
2014-10-01,160.50286865234375,28.525415420532227,15.064362525939941,42.52701187133789,17.144487380981445,33.20270919799805,14.704692840576172,52.59812545776367,28.99988555908203
2014-10-02,160.52767944335938,28.377605438232422,15.103846549987793,42.478084564208984,17.135757446289062,33.261966705322266,14.683847427368164,52.49000549316406,29.132112503051758
2014-10-03,162.2949981689453,28.33260726928711,15.321030616760254,43.057071685791016,17.275421142578125,33.65449523925781,14.777641296386719,53.571250915527344,29.506731033325195
2014-10-06,162.1050262451172,28.364748001098633,15.274961471557617,42.92660903930664,17.27979278564453,33.669315338134766,14.777641296386719,53.32173156738281,29.34806251525879
2014-10-07,159.6027374267578,27.995210647583008,15.018291473388672,41.882781982421875,17.009185791015625,33.46934127807617,14.756800651550293,52.4733772277832,28.9117431640625
2014-10-08,162.3940887451172,28.268348693847656,15.301280975341797,42.63301467895508,17.332168579101562,33.95815658569336,15.090283393859863,53.812435150146484,29.36568832397461
2014-10-09,159.1732940673828,27.230424880981445,14.978806495666504,41.646297454833984,17.04410171508789,33.617469787597656,14.843645095825195,52.697933197021484,28.700193405151367
2014-10-10,157.35641479492188,26.84803009033203,14.860343933105469,41.03469467163086,16.607629776000977,33.78040313720703,14.913119316101074,52.37356948852539,28.4489803314209
2014-10-13,154.77154541015625,26.018962860107422,14.728724479675293,40.39862060546875,16.42431640625,33.31380844116211,14.899224281311035,51.1342887878418,27.871625900268555
2014-10-14,155.01104736328125,25.691200256347656,14.787952423095703,40.96128845214844,16.450502395629883,33.299007415771484,15.034708976745605,50.751708984375,28.074356079101562
2014-10-15,153.96221923828125,25.88721466064453,14.50495719909668,40.86343765258789,16.33702278137207,32.8990592956543,14.836695671081543,50.33584213256836,27.84077262878418
2014-10-16,153.83010864257812,26.349943161010742,14.50495719909668,41.16516876220703,16.240995407104492,32.654640197753906,14.850593566894531,50.0780143737793,27.871625900268555
2014-10-17,155.64688110351562,26.574886322021484,14.689236640930176,41.98064041137695,16.433040618896484,33.0545768737793,14.9374361038208,50.8764762878418,28.180131912231445
2014-10-20,157.15823364257812,26.806251525878906,14.774792671203613,42.10296630859375,16.550888061523438,33.52858352661133,15.145867347717285,51.491947174072266,28.572385787963867
2014-10-21,160.2716827392578,27.622447967529297,15.051207542419434,43.04075241088867,16.873870849609375,33.669315338134766,15.197973251342773,52.855960845947266,29.127696990966797
2014-10-22,159.1320343017578,27.098674774169922,14.91299819946289,42.478084564208984,16.795310974121094,33.743377685546875,15.291767120361328,52.589813232421875,28.876483917236328
2014-10-23,160.98187255859375,27.603166580200195,15.057781219482422,43.41588592529297,16.983001708984375,33.72114562988281,15.319557189941406,53.48807144165039,29.268735885620117
2014-10-24,162.2206268310547,27.506765365600586,15.202569007873535,43.79915237426758,17.131393432617188,34.002601623535156,15.468935012817383,54.23661804199219,29.242290496826172
2014-10-27,161.99771118164062,26.928359985351562,15.222314834594727,43.782833099365234,17.148853302001953,34.084068298339844,15.434191703796387,54.29484558105469,29.299585342407227
2014-10-28,163.85580444335938,27.5421142578125,15.3868408203125,44.55753707885742,17.38454246520996,34.21739196777344,15.54188346862793,54.694068908691406,29.61690902709961
2014-10-29,163.60806274414062,27.632089614868164,15.426323890686035,44.40260696411133,17.367084503173828,34.15812683105469,15.451565742492676,54.719017028808594,29.528762817382812
2014-10-30,164.65695190429688,27.532468795776367,15.511887550354004,44.58199691772461,17.423824310302734,34.3729133605957,15.791996002197266,55.72540283203125,29.722675323486328
2014-10-31,166.53981018066406,28.091609954833984,15.689565658569336,45.02235794067383,17.69444465637207,34.595096588134766,15.795472145080566,55.94997024536133,30.01355743408203
2014-11-03,166.63064575195312,27.648170471191406,15.748806953430176,44.96528625488281,17.768634796142578,34.72843551635742,15.899687767028809,56.01649856567383,30.01355743408203
2014-11-04,166.05258178710938,27.079389572143555,15.755390167236328,44.9408073425293,17.76427459716797,34.91359329223633,15.816315650939941,56.02482223510742,29.652170181274414
2014-11-05,167.10137939453125,27.554973602294922,15.860686302185059,45.218082427978516,17.812286376953125,35.157997131347656,16.17411994934082,55.96660232543945,29.77115821838379
2014-11-06,167.7703399658203,27.902019500732422,15.88701057434082,45.69104766845703,17.803560256958008,35.232059478759766,15.899687767028809,56.307613372802734,30.022384643554688
2014-11-07,167.92724609375,28.210506439208984,15.893593788146973,45.75630187988281,17.825382232666016,35.35795211791992,16.06643295288086,55.7503547668457,29.97389793395996
2014-11-10,168.45574951171875,27.956645965576172,15.97915267944336,45.984615325927734,17.873388290405273,35.51350402832031,16.146326065063477,56.315940856933594,29.95627212524414
2014-11-11,168.6209259033203,28.040193557739258,15.92650032043457,45.927547454833984,17.882116317749023,35.446834564208984,16.087278366088867,56.523841857910156,30.084068298339844
2014-11-12,168.43923950195312,27.792757034301758,15.893593788146973,45.99277877807617,17.938852310180664,35.446834564208984,15.805887222290039,56.44068145751953,30.22511100769043
2014-11-13,168.62921142578125,27.423215866088867,15.88701057434082,45.86229705810547,18.034881591796875,35.5727424621582,15.677361488342285,56.399112701416016,30.414627075195312
2014-11-14,168.67051696777344,27.702781677246094,15.834359169006348,45.919395446777344,18.161460876464844,35.37276840209961,15.611357688903809,55.93333435058594,30.53362274169922
2014-11-17,168.77784729003906,27.558183670043945,15.834359169006348,45.854148864746094,18.126544952392578,35.609779357910156,15.816315650939941,56.20780563354492,30.498353958129883
2014-11-18,169.75238037109375,27.58068084716797,15.88701057434082,46.196651458740234,18.187646865844727,35.74309158325195,15.861475944519043,57.114376068115234,30.55565643310547
2014-11-19,169.47979736328125,27.725282669067383,15.854107856750488,46.058013916015625,18.069805145263672,35.891231536865234,15.847577095031738,56.79833221435547,30.683469772338867
2014-11-20,169.77711486816406,28.07233428955078,15.854107856750488,46.18035125732422,18.161460876464844,35.735694885253906,15.812843322753906,56.5571174621582,30.815683364868164
2014-11-21,170.6855926513672,28.43865203857422,15.933079719543457,46.62885665893555,18.187646865844727,35.883819580078125,15.875372886657715,56.82326126098633,30.89059829711914
2014-11-24,171.16456604003906,28.22014617919922,16.038381576538086,46.751163482666016,18.283668518066406,35.861595153808594,15.74337100982666,57.114376068115234,31.177080154418945
2014-11-25,171.04067993164062,27.76062774658203,16.02521514892578,46.88979721069336,18.292400360107422,35.891231536865234,15.74337100982666,57.189239501953125,31.274051666259766
2014-11-26,171.47836303710938,27.410371780395508,16.04496192932129,46.80009460449219,18.45825958251953,36.05415725708008,15.812843322753906,57.53855895996094,31.269622802734375
2014-11-28,171.11500549316406,25.6494197845459,16.058122634887695,46.40867614746094,18.545543670654297,36.51335144042969,15.979581832885742,57.89620590209961,31.648664474487305
2014-12-01,169.92579650878906,25.739397048950195,15.946242332458496,45.81337356567383,18.33605194091797,36.27634048461914,16.010847091674805,57.75481033325195,31.300485610961914
2014-12-02,171.02415466308594,26.018962860107422,16.097612380981445,46.20480728149414,18.340404510498047,36.402259826660156,16.11853790283203,58.395240783691406,31.41947364807129
2014-12-03,171.6848602294922,26.337099075317383,16.170005798339844,46.82456588745117,18.405874252319336,36.14303970336914,16.073379516601562,58.48672866821289,31.472383499145508
2014-12-04,171.49490356445312,26.10894203186035,16.189746856689453,46.58808517456055,18.405874252319336,36.11341857910156,16.059484481811523,58.41188049316406,31.454740524291992
2014-12-05,171.7756805419922,25.7972469329834,16.334531784057617,46.69409942626953,18.38405990600586,36.18007278442383,15.934430122375488,58.877620697021484,31.525266647338867
2014-12-08,170.6277618408203,24.752885818481445,16.41350555419922,46.18035125732422,18.19637107849121,36.10600662231445,16.062957763671875,59.0855712890625,31.269622802734375
2014-12-09,170.5121307373047,25.022796630859375,16.374019622802734,46.18849182128906,18.192005157470703,35.98749923706055,16.142852783203125,58.836036682128906,31.21234893798828
2014-12-10,167.77865600585938,24.251588821411133,16.163419723510742,45.30778884887695,17.917034149169922,35.646812438964844,15.941367149353027,57.92947769165039,30.79805564880371
2014-12-11,168.62921142578125,24.23552131652832,16.20290756225586,45.527950286865234,17.995601654052734,35.94306564331055,16.101173400878906,58.09580993652344,31.049259185791016
2014-12-12,165.9038848876953,23.78564453125,15.88701057434082,44.70432662963867,17.729354858398438,35.48387145996094,15.948322296142578,57.20587158203125,30.850954055786133
2014-12-15,164.76429748535156,23.57356071472168,15.742219924926758,44.55753707885742,17.620237350463867,35.24687194824219,15.812843322753906,56.681884765625,30.665842056274414
2014-12-16,163.44288635253906,23.782426834106445,15.590855598449707,44.59831619262695,17.38454246520996,35.11354446411133,15.798945426940918,56.02482223510742,30.19426155090332
2014-12-17,166.647216796875,24.76895523071289,15.946242332458496,45.01420593261719,17.71190071105957,35.624610900878906,16.080322265625,57.07279586791992,30.771610260009766
2014-12-18,170.7681427001953,25.244525909423828,16.314790725708008,46.14772033691406,18.21820068359375,36.30598068237305,16.396446228027344,58.63644027709961,31.278446197509766
2014-12-19,171.4947509765625,26.05124282836914,16.32537078857422,46.4068603515625,18.23838233947754,36.2686767578125,16.423425674438477,58.77836608886719,31.36385726928711
2014-12-22,172.28369140625,25.78611946105957,16.437824249267578,46.84967041015625,18.457748413085938,36.61927032470703,16.46548843383789,58.219032287597656,31.66922950744629
2014-12-23,172.51614379882812,26.09974479675293,16.530433654785156,47.021888732910156,18.506011962890625,36.87290573120117,16.50754737854004,56.88334274291992,31.846250534057617
2014-12-24,172.53271484375,25.908992767333984,16.50397300720215,47.07109069824219,18.488462448120117,36.83561325073242,16.812463760375977,57.30073928833008,31.79315185546875
2014-12-26,173.08914184570312,25.902515411376953,16.50397300720215,47.07109069824219,18.56743812561035,36.89529037475586,17.015743255615234,57.70979690551758,31.965728759765625
2014-12-29,173.32168579101562,25.996292114257812,16.563505172729492,47.14491271972656,18.475292205810547,36.78338623046875,17.212007522583008,57.91017532348633,32.20915985107422
2014-12-30,172.3916015625,25.78935432434082,16.543664932250977,46.86608123779297,18.343673706054688,36.61927032470703,16.854516983032227,57.65970993041992,32.05868148803711
2014-12-31,170.6809539794922,25.595359802246094,16.358444213867188,46.39866256713867,18.141855239868164,36.17170333862305,16.54960060119629,57.08369064331055,31.930328369140625
2015-01-02,170.58958435058594,25.714988708496094,16.358444213867188,46.34124755859375,18.106760025024414,36.06727600097656,16.626708984375,57.29238510131836,31.700204849243164
2015-01-05,167.50880432128906,24.651214599609375,16.01447868347168,45.2587776184082,17.83035659790039,35.813636779785156,16.423425674438477,57.00021743774414,31.093902587890625
2015-01-06,165.93106079101562,24.28907012939453,15.769723892211914,44.70113754272461,17.615373611450195,35.76888656616211,16.433944702148438,56.8082389831543,30.78411293029785
2015-01-07,167.99880981445312,24.340795516967773,15.935101509094238,45.037357330322266,17.764549255371094,36.38057327270508,16.595163345336914,58.14390563964844,31.27092742919922
2015-01-08,170.9798583984375,24.887239456176758,16.17323112487793,45.939422607421875,18.155019760131836,36.93259048461914,16.71082878112793,59.13732147216797,31.740032196044922
2015-01-09,169.6096954345703,24.690006256103516,15.954939842224121,45.447383880615234,18.097986221313477,36.63419723510742,16.605682373046875,58.61139678955078,31.372713088989258
2015-01-12,168.28111267089844,23.978660583496094,15.822643280029297,45.135772705078125,17.887386322021484,36.52229690551758,16.567123413085938,58.63642120361328,31.204547882080078
2015-01-13,167.80775451660156,23.787899017333984,15.769723892211914,45.04555892944336,17.874225616455078,36.51483917236328,16.612689971923828,58.37762451171875,31.204547882080078
2015-01-14,166.79470825195312,23.86226463317871,15.544824600219727,44.799556732177734,17.773319244384766,36.402957916259766,16.75638771057129,58.28584289550781,30.82837677001953
2015-01-15,165.26670837402344,23.558326721191406,15.35300064086914,44.586334228515625,17.545181274414062,36.46263122558594,16.88956642150879,57.65970993041992,30.430068969726562
2015-01-16,167.43411254882812,24.324636459350586,15.53821086883545,44.881561279296875,17.71628189086914,36.753562927246094,17.040273666381836,58.744964599609375,30.83278465270996
2015-01-20,167.7911834716797,24.353734970092773,15.472063064575195,45.201377868652344,17.86545181274414,36.902748107910156,17.082326889038086,58.744964599609375,30.65577507019043
2015-01-21,168.63818359375,24.84844207763672,15.511747360229492,45.570411682128906,17.89617156982422,37.0817756652832,17.247060775756836,58.861846923828125,30.854923248291016
2015-01-22,171.14599609375,24.964841842651367,15.895408630371094,46.30023956298828,18.19012451171875,37.45475769042969,17.173450469970703,59.56306076049805,31.43468475341797
2015-01-23,170.20761108398438,24.787012100219727,15.723421096801758,45.914817810058594,18.185739517211914,37.037025451660156,17.222518920898438,59.22079849243164,31.39042091369629
2015-01-26,170.6062469482422,25.142675399780273,15.802801132202148,45.97222900390625,18.111143112182617,37.037025451660156,17.212007522583008,59.52967071533203,31.554155349731445
2015-01-27,168.35586547851562,25.12651824951172,15.630814552307129,45.36539077758789,17.589054107666016,36.6118278503418,17.236539840698242,59.10393142700195,31.301904678344727
2015-01-28,166.19674682617188,24.137104034423828,15.346378326416016,44.971771240234375,17.558332443237305,36.186622619628906,17.08934211730957,58.25242233276367,30.894750595092773
2015-01-29,167.73301696777344,24.217937469482422,15.472063064575195,45.4883918762207,17.72505760192871,36.4775505065918,17.317153930664062,58.744964599609375,31.31519317626953
2015-01-30,165.62379455566406,24.4281005859375,15.220699310302734,44.75033950805664,17.505687713623047,35.82110595703125,16.935129165649414,57.82668685913086,30.97440528869629
2015-02-02,167.6749267578125,25.175012588500977,15.465449333190918,45.41459274291992,17.685569763183594,36.24629592895508,17.008729934692383,58.15225601196289,31.253232955932617
2015-02-03,170.0996551513672,25.863719940185547,15.723421096801758,46.15263748168945,17.887386322021484,36.56705856323242,17.071815490722656,58.54460906982422,31.917055130004883
2015-02-04,169.45199584960938,25.436914443969727,15.683737754821777,45.80001449584961,17.922489166259766,36.58198928833008,16.865034103393555,57.80998992919922,32.129486083984375
2015-02-05,171.16259765625,25.80228614807129,15.842494010925293,46.19364547729492,18.089210510253906,36.76847457885742,17.019245147705078,58.78669738769531,32.32863998413086
2015-02-06,170.68927001953125,25.808753967285156,15.968174934387207,46.087032318115234,18.032169342041016,36.6043586730957,16.318288803100586,58.25242233276367,32.27995300292969
2015-02-09,169.92530822753906,25.834619522094727,15.888795852661133,45.96402359008789,18.005855560302734,36.32836151123047,16.174589157104492,57.56787109375,32.15603256225586
2015-02-10,171.73556518554688,25.821687698364258,16.01447868347168,46.21824264526367,18.273483276367188,36.753562927246094,16.50754737854004,58.5362663269043,32.54991149902344
2015-02-11,171.83522033691406,25.640621185302734,16.01447868347168,46.23463821411133,18.343673706054688,36.92512512207031,16.150054931640625,58.59469223022461,32.558753967285156
2015-02-12,173.48770141601562,25.976886749267578,16.17323112487793,46.66926956176758,18.59376335144043,37.09669876098633,16.076454162597656,58.80339813232422,32.943782806396484
2015-02-13,174.20187377929688,26.526567459106445,16.160009384155273,46.88248825073242,18.712217330932617,36.92512512207031,15.831122398376465,59.03715133666992,33.1429328918457
2015-02-17,174.47584533691406,26.607391357421875,16.21292495727539,46.948089599609375,18.720996856689453,36.93259048461914,15.817100524902344,59.4628791809082,33.06769943237305
2015-02-18,174.49252319335938,26.290523529052734,16.113697052001953,47.21051025390625,18.738548278808594,37.13399887084961,16.19211196899414,59.52967071533203,33.049983978271484
2015-02-19,174.367919921875,26.167654037475586,16.04755210876465,47.29250717163086,18.804357528686523,36.89529037475586,16.009864807128906,59.629844665527344,33.151790618896484
2015-02-20,175.4142608642578,26.041555404663086,16.166616439819336,47.6943359375,18.90087890625,36.999725341796875,16.013368606567383,60.25593566894531,33.38634490966797
2015-02-23,175.38937377929688,25.934846878051758,16.126928329467773,47.48933410644531,18.914047241210938,37.10416793823242,16.12201690673828,60.53142166137695,33.35536193847656
2015-02-24,175.88758850097656,26.005992889404297,16.2063045501709,47.67793655395508,18.9710750579834,37.23096466064453,16.241180419921875,60.45631790161133,33.514671325683594
2015-02-25,175.73812866210938,26.14826011657715,16.2063045501709,47.57952117919922,18.852619171142578,37.10416793823242,15.974817276000977,60.431236267089844,33.77134323120117
2015-02-26,175.530517578125,25.663251876831055,16.166616439819336,47.36631393432617,18.9710750579834,37.156375885009766,15.869672775268555,60.59822082519531,33.66515350341797
2015-02-27,174.9326934814453,25.550085067749023,16.107086181640625,47.14491271972656,18.905263900756836,37.305580139160156,15.85214900970459,60.30602264404297,33.62089538574219
2015-03-02,176.0370330810547,25.372257232666016,16.226152420043945,47.57952117919922,19.054441452026367,37.372703552246094,15.547237396240234,60.84865951538086,34.02362060546875
2015-03-03,175.3146209716797,25.46601676940918,16.179845809936523,47.2761116027832,18.92719268798828,37.23096466064453,15.641862869262695,60.29768753051758,33.9306755065918
2015-03-04,174.57553100585938,25.430448532104492,16.08062744140625,46.9070930480957,18.852619171142578,36.96986770629883,15.554243087768555,60.58985900878906,33.753662109375
2015-03-05,174.7666015625,25.278470993041992,16.146774291992188,46.93988800048828,18.83068084716797,37.09669876098633,15.676907539367676,60.80687713623047,33.77577590942383
2015-03-06,172.30856323242188,24.82581329345703,16.027708053588867,46.30023956298828,18.598146438598633,36.37312316894531,15.207266807556152,59.613162994384766,33.37306594848633
2015-03-09,173.02268981933594,24.64797592163086,16.10047149658203,46.73488998413086,18.685897827148438,36.574527740478516,15.23530387878418,59.980472564697266,33.563350677490234
2015-03-10,170.21592712402344,24.305234909057617,15.75650691986084,45.87381362915039,18.304187774658203,36.05237579345703,15.207266807556152,59.31262969970703,33.041160583496094
2015-03-11,169.8173828125,24.376371383666992,15.855722427368164,45.82461929321289,18.185739517211914,35.7763557434082,15.109137535095215,59.27922821044922,32.859683990478516
2015-03-12,171.97640991210938,24.221168518066406,16.199697494506836,46.41505813598633,18.304187774658203,36.298526763916016,15.39653205871582,60.06395721435547,33.5279655456543
2015-03-13,170.92178344726562,24.130638122558594,16.08724021911621,45.98862838745117,18.20328140258789,36.01504898071289,15.238810539245605,59.94708251953125,33.26242446899414
2015-03-16,173.2053680419922,24.45720672607422,16.285686492919922,46.75126647949219,18.418262481689453,36.455177307128906,15.501668930053711,61.27442169189453,33.65188217163086
2015-03-17,172.69053649902344,24.363435745239258,16.245988845825195,46.56267547607422,18.42265510559082,36.19407272338867,15.477137565612793,61.09910583496094,33.46598815917969
2015-03-18,174.7666015625,25.071544647216797,16.338605880737305,47.11210250854492,18.67273712158203,36.44025802612305,15.894209861755371,61.89215850830078,33.762508392333984
2015-03-19,173.9693603515625,24.67384147644043,16.186452865600586,46.79228210449219,18.62008285522461,36.27613067626953,15.7470064163208,62.25111770629883,33.713844299316406
2015-03-20,175.50494384765625,25.03681182861328,16.406227111816406,47.056739807128906,18.740352630615234,36.730953216552734,15.888656616210938,62.70149612426758,34.089046478271484
2015-03-23,175.16297912597656,24.948911666870117,16.313276290893555,46.66128921508789,18.740352630615234,36.79100036621094,15.89925479888916,62.52568817138672,34.03131866455078
2015-03-24,174.17872619628906,24.78289222717285,16.18048858642578,46.5047721862793,18.678672790527344,36.58085632324219,15.72263240814209,61.981563568115234,33.853702545166016
2015-03-25,171.62637329101562,25.105165481567383,15.921547889709473,45.713897705078125,18.198495864868164,36.49079132080078,15.538948059082031,60.85142517089844,33.3030891418457
2015-03-26,171.2176055908203,25.075876235961914,15.908266067504883,45.59032440185547,18.211713790893555,36.33317565917969,15.40825366973877,60.70909881591797,33.094390869140625
2015-03-27,171.60964965820312,24.87078857421875,15.888347625732422,45.76331329345703,18.224924087524414,36.55833435058594,15.50009536743164,61.14444351196289,33.26313781738281
2015-03-30,173.70327758789062,25.4046688079834,16.12073516845703,46.405914306640625,18.445192337036133,36.92610549926758,15.690840721130371,61.76388168334961,33.605045318603516
2015-03-31,172.1852264404297,25.254919052124023,16.007856369018555,45.94456100463867,18.255760192871094,36.58085632324219,15.694376945495605,60.692359924316406,33.458492279052734
2015-04-01,171.57632446289062,25.248403549194336,15.994580268859863,45.6397590637207,18.229331970214844,36.625885009765625,15.708503723144531,60.08126449584961,33.31196594238281
2015-04-02,172.19354248046875,25.300495147705078,16.07425308227539,45.66446304321289,18.224924087524414,36.87357711791992,15.736761093139648,60.26543426513672,33.60947799682617
2015-04-06,173.3529815673828,25.75623893737793,16.100812911987305,46.01047134399414,18.40114402770996,37.166259765625,15.955771446228027,60.35753631591797,33.76932907104492
2015-04-07,172.89422607421875,25.77251434326172,16.014497756958008,45.903377532958984,18.36148452758789,36.99364471435547,15.772088050842285,60.49982452392578,33.58283996582031
2015-04-08,173.47808837890625,25.564178466796875,16.07425308227539,46.059906005859375,18.418752670288086,37.053688049316406,15.726165771484375,61.0104866027832,33.898101806640625
2015-04-09,174.2454071044922,25.974342346191406,16.100812911987305,46.2823371887207,18.467214584350586,37.15877151489258,15.659046173095703,61.47089385986328,33.9291877746582
2015-04-10,175.19635009765625,26.08829116821289,16.09417152404785,46.93316650390625,18.537704467773438,37.226314544677734,15.775614738464355,61.998294830322266,34.04463195800781
2015-04-13,174.4038848876953,25.82785415649414,16.1539249420166,46.48829650878906,18.484840393066406,37.053688049316406,15.620194435119629,61.66344451904297,33.85814666748047
2015-04-14,174.73757934570312,26.293367385864258,16.1539249420166,46.54595184326172,18.42757797241211,37.1362419128418,15.697908401489258,61.76388168334961,33.84039306640625
2015-04-15,175.5216522216797,26.921653747558594,16.213680267333984,46.62833786010742,18.590564727783203,37.03117370605469,15.736761093139648,61.9229621887207,33.84039306640625
2015-04-16,175.4716033935547,26.859798431396484,16.240245819091797,46.529483795166016,18.52448272705078,37.166259765625,15.634324073791504,61.88948440551758,33.906982421875
2015-04-17,173.4530029296875,26.66447639465332,16.02113914489746,45.96928024291992,18.268980026245117,36.8210334777832,15.577808380126953,61.353721618652344,33.40523147583008
2015-04-20,175.0378875732422,26.76539421081543,16.087533950805664,46.5047721862793,18.581762313842773,36.94861602783203,15.810944557189941,61.73042297363281,33.773773193359375
2015-04-21,174.8293914794922,26.482177734375,16.007856369018555,46.44709396362305,18.572948455810547,37.01615905761719,15.669652938842773,62.1406135559082,33.809303283691406
2015-04-22,175.68844604492188,26.6579647064209,16.12073516845703,46.64480972290039,18.762380599975586,37.03867721557617,15.701436042785645,62.24106979370117,33.84039306640625
2015-04-23,176.13050842285156,26.840259552001953,16.14728355407715,46.59538269042969,18.83726692199707,36.91108703613281,15.789745330810547,62.47544479370117,34.00910568237305
2015-04-24,176.53927612304688,26.68727684020996,16.12073516845703,46.39765930175781,19.000267028808594,36.91859436035156,15.94870662689209,62.27455520629883,34.470916748046875
2015-04-27,175.80523681640625,26.6579647064209,16.060976028442383,46.381195068359375,19.05312728881836,36.71596145629883,15.757949829101562,61.14444351196289,34.16896057128906
2015-04-28,176.36412048339844,26.791444778442383,16.1539249420166,46.46358108520508,19.11480712890625,36.75347900390625,15.870991706848145,61.4458122253418,34.04908752441406
2015-04-29,175.6384735107422,26.999771118164062,16.14728355407715,46.2328987121582,19.022293090820312,36.42324447631836,15.80388069152832,60.884918212890625,33.818172454833984
2015-04-30,173.87844848632812,26.915145874023438,16.02113914489746,45.829219818115234,18.757978439331055,36.30315399169922,15.620194435119629,60.03104782104492,33.44073486328125
2015-05-01,175.7635040283203,26.976985931396484,16.160572052001953,46.405914306640625,18.987049102783203,36.633399963378906,15.708503723144531,60.84304428100586,33.902549743652344
2015-05-04,176.2639923095703,26.90863609313965,16.31991958618164,46.48005294799805,19.004663467407227,36.68593215942383,15.82507038116455,61.22813415527344,33.97359085083008
2015-05-05,174.2454071044922,26.576587677001953,16.173845291137695,45.85394287109375,18.709516525268555,36.393226623535156,15.471835136413574,60.4579963684082,33.618350982666016
2015-05-06,173.52813720703125,26.472408294677734,16.09417152404785,45.829219818115234,18.550914764404297,36.50579833984375,15.387053489685059,60.22358703613281,33.480716705322266
2015-05-07,174.2203826904297,26.18594741821289,16.207046508789062,46.068145751953125,18.687490463256836,36.595855712890625,15.443578720092773,60.50820541381836,33.65387725830078
2015-05-08,176.5142059326172,26.615636825561523,16.439430236816406,46.61186981201172,18.95621681213379,36.9035758972168,15.553077697753906,61.48765182495117,34.01355743408203
2015-05-11,175.67181396484375,26.11432647705078,16.37967300415039,46.5706672668457,18.859294891357422,36.75347900390625,15.447105407714844,61.52112579345703,33.86259078979492
2015-05-12,175.14630126953125,26.234779357910156,16.31991958618164,46.521240234375,18.757978439331055,36.67091369628906,15.429442405700684,61.12767028808594,33.80040740966797
2015-05-13,175.17965698242188,26.16640281677246,16.32655906677246,46.62010955810547,18.83726692199707,36.65590286254883,15.277551651000977,61.19468307495117,33.5872917175293
2015-05-14,177.00634765625,26.15664291381836,16.472623825073242,47.08967971801758,19.1412353515625,37.21880340576172,15.45417308807373,62.04014587402344,33.73826217651367
2015-05-15,177.1981658935547,26.26082420349121,16.399587631225586,47.04848861694336,19.079565048217773,37.3388786315918,15.65551471710205,62.16574478149414,34.00910568237305
2015-05-18,177.74874877929688,26.283607482910156,16.492544174194336,47.13910675048828,19.172073364257812,37.21880340576172,15.71557331085205,62.534095764160156,34.13789367675781
2015-05-19,177.69029235839844,25.90924644470215,16.585493087768555,47.00729751586914,19.123615264892578,37.12122344970703,15.750895500183105,62.82707595825195,34.1290168762207
2015-05-20,177.56521606445312,25.95807456970215,16.539024353027344,46.83430099487305,19.1368350982666,37.03867721557617,15.775614738464355,62.91079330444336,34.089046478271484
2015-05-21,178.08233642578125,26.202220916748047,16.499183654785156,47.08967971801758,19.22053337097168,37.12122344970703,15.768548965454102,62.91916275024414,34.222259521484375
2015-05-22,177.65701293945312,26.107810974121094,16.50582504272461,46.87548828125,19.207317352294922,36.963623046875,15.743829727172852,62.76845169067383,34.16453552246094
2015-05-26,175.74685668945312,25.694395065307617,16.31991958618164,46.364715576171875,18.929780960083008,36.67091369628906,15.64492130279541,62.132240295410156,33.92031478881836
2015-05-27,177.4150848388672,25.648818969726562,16.499183654785156,46.66128921508789,19.286611557006836,36.9035758972168,15.708503723144531,62.852176666259766,34.17341613769531
2015-05-28,177.21490478515625,25.547903060913086,16.479259490966797,46.43886184692383,19.24696922302246,36.851051330566406,15.743829727172852,62.89406204223633,34.115684509277344
2015-05-29,176.1138916015625,25.518600463867188,16.33319091796875,45.9775276184082,19.10599136352539,36.61837387084961,15.719100952148438,62.7349739074707,33.880340576171875
2015-06-01,176.47247314453125,25.4534912109375,16.34647560119629,46.18347930908203,19.158859252929688,36.61837387084961,15.740297317504883,62.98611068725586,33.97802734375
2015-06-02,176.29733276367188,25.629287719726562,16.37303352355957,46.27409362792969,19.11921501159668,36.520816802978516,15.531881332397461,62.575927734375,34.05351257324219
2015-06-03,176.76446533203125,25.4534912109375,16.512462615966797,46.5047721862793,19.158859252929688,36.49829864501953,15.302282333374023,62.69312286376953,34.319950103759766
2015-06-04,175.2714385986328,25.108428955078125,16.366390228271484,45.985755920410156,18.982643127441406,36.23561096191406,15.281083106994629,62.25782775878906,34.075721740722656
2015-06-05,174.97109985351562,25.284223556518555,16.459348678588867,46.018714904785156,18.920974731445312,35.71773910522461,15.090336799621582,62.232704162597656,33.97802734375
2015-06-08,173.89511108398438,25.140987396240234,16.35975456237793,45.680946350097656,18.709516525268555,35.702735900878906,15.002023696899414,61.9229621887207,33.73826217651367
2015-06-09,173.87013244628906,25.137720108032227,16.399587631225586,45.672698974609375,18.665462493896484,35.875362396240234,14.966702461242676,61.90621566772461,33.702720642089844
2015-06-10,175.9553985595703,25.44698715209961,16.631975173950195,46.12580490112305,18.95621681213379,36.22810745239258,15.040884971618652,62.668033599853516,34.04908752441406
2015-06-11,176.52256774902344,25.333051681518555,16.698368072509766,46.38942337036133,18.96501922607422,36.21309280395508,15.160982131958008,63.094966888427734,34.16453552246094
2015-06-12,175.17129516601562,25.049837112426758,16.625335693359375,46.11756134033203,18.797624588012695,36.07048797607422,15.026753425598145,62.31642532348633,34.00910568237305
2015-06-15,174.42056274414062,24.991243362426758,16.552295684814453,45.73037338256836,18.683082580566406,35.807804107666016,15.002023696899414,62.39175033569336,33.849266052246094
2015-06-16,175.37147521972656,25.18655014038086,16.64525604248047,45.77156066894531,18.806432723999023,36.198081970214844,15.072676658630371,62.70149612426758,34.05351257324219
2015-06-17,175.6550750732422,25.124710083007812,16.625335693359375,45.895145416259766,18.815244674682617,36.393226623535156,15.199841499328613,62.76009750366211,34.20893859863281
2015-06-18,177.48178100585938,25.108428955078125,16.778051376342773,46.356468200683594,18.982643127441406,36.79850769042969,15.401185035705566,63.64747619628906,34.62189483642578
2015-06-19,176.69393920898438,24.875436782836914,16.497966766357422,46.131290435791016,18.824668884277344,36.74715042114258,15.25255298614502,63.59788131713867,34.50028610229492
2015-06-22,177.59913635253906,25.180194854736328,16.75136947631836,46.41278076171875,18.979551315307617,36.89064407348633,15.231158256530762,64.09351348876953,34.69184494018555
2015-06-23,177.72486877441406,25.262121200561523,16.784713745117188,46.296871185302734,18.992820739746094,36.732051849365234,15.024415969848633,64.21949005126953,34.82992935180664
2015-06-24,176.43405151367188,25.10483169555664,16.644668579101562,45.86635208129883,18.904319763183594,36.5659065246582,14.906791687011719,63.57271194458008,34.58937072753906
2015-06-25,175.89768981933594,24.849227905273438,16.544645309448242,45.51035690307617,18.860065460205078,36.4979362487793,14.806983947753906,63.92550277709961,34.56265640258789
2015-06-26,175.8641357421875,24.931148529052734,16.597993850708008,45.59314727783203,18.700761795043945,36.57346725463867,14.896098136901855,63.83311080932617,34.70073699951172
2015-06-29,172.1761932373047,24.459260940551758,16.197879791259766,44.73211669921875,18.30250358581543,36.0070686340332,14.81767749786377,62.27065658569336,33.91674041748047
2015-06-30,172.53665161132812,24.629667282104492,16.25790023803711,44.756954193115234,18.320201873779297,35.946659088134766,14.778468132019043,62.48906707763672,34.06819534301758
2015-07-01,173.91961669921875,24.31507682800293,16.50463104248047,44.98048782348633,18.444093704223633,36.40730667114258,14.867572784423828,63.16109848022461,34.45573425292969
2015-07-02,173.7603302001953,24.42321014404297,16.4312801361084,44.89768981933594,18.470651626586914,36.37710189819336,15.052933692932129,62.86711120605469,34.38892364501953
2015-07-06,173.26583862304688,24.10207748413086,16.364595413208008,44.72383499145508,18.39542007446289,36.34689712524414,15.113534927368164,62.841880798339844,34.322105407714844
2015-07-07,174.35540771484375,24.32162857055664,16.39794158935547,45.08811950683594,18.421977996826172,37.094539642333984,15.487807273864746,63.14430236816406,34.62056350708008
2015-07-08,171.43023681640625,23.830093383789062,16.11119270324707,44.27676010131836,18.121065139770508,36.67919158935547,15.4058256149292,62.06064224243164,33.961280822753906
2015-07-09,171.7404022216797,23.95132827758789,16.237892150878906,44.38438034057617,18.050270080566406,36.70939636230469,15.234725952148438,62.39664840698242,34.10384750366211
2015-07-10,173.90283203125,24.082408905029297,16.4312801361084,44.8480224609375,18.3378963470459,37.13985061645508,15.316705703735352,63.2366943359375,34.598289489746094
2015-07-13,175.8221893310547,24.25281524658203,16.631330490112305,45.344764709472656,18.616683959960938,37.487239837646484,15.32384204864502,63.7743034362793,35.09719467163086
2015-07-14,176.58497619628906,24.426496505737305,16.67134666442871,45.46894454956055,18.687482833862305,37.54765319824219,15.302444458007812,64.4127197265625,35.141746520996094
2015-07-15,176.52627563476562,23.997207641601562,16.81138038635254,45.27853775024414,18.691911697387695,37.449493408203125,15.377302169799805,64.49674224853516,35.106101989746094
2015-07-16,177.9427947998047,24.029979705810547,16.978097915649414,45.48550796508789,18.93086814880371,37.83462905883789,15.60543441772461,64.79914855957031,35.319915771484375
2015-07-17,178.0937042236328,23.738323211669922,16.931421279907227,45.46894454956055,19.222932815551758,37.81196212768555,15.452156066894531,64.65634155273438,35.2575569152832
2015-07-20,178.18585205078125,23.42374038696289,16.951419830322266,45.477237701416016,19.324710845947266,37.87993621826172,15.37374496459961,64.86634826660156,35.27536392211914
2015-07-21,177.48178100585938,23.43357276916504,16.931421279907227,44.98877716064453,19.196382522583008,37.789306640625,15.234725952148438,64.5807113647461,35.16400909423828
2015-07-22,177.16326904296875,23.243511199951172,17.05812644958496,44.79006576538086,18.886627197265625,37.872371673583984,15.302444458007812,64.72352600097656,35.333274841308594
2015-07-23,176.16586303710938,23.22384262084961,16.911409378051758,44.376102447509766,18.8467960357666,37.7288932800293,15.074317932128906,64.48834228515625,35.123924255371094
2015-07-24,174.33871459960938,22.77817726135254,16.75136947631836,43.79658126831055,18.74501609802246,37.517433166503906,15.088576316833496,62.87546920776367,35.123924255371094
2015-07-27,173.3245086669922,22.450485229492188,16.631330490112305,43.58130645751953,18.57685661315918,37.49478530883789,15.281055450439453,62.81669616699219,34.86109924316406
2015-07-28,175.4534912109375,23.092775344848633,16.698022842407227,44.42577362060547,18.74501609802246,37.91767883300781,15.352356910705566,63.95071792602539,35.1328239440918
2015-07-29,176.660400390625,23.4073543548584,16.864734649658203,44.97220230102539,18.86891746520996,38.04606628417969,15.40938663482666,64.05990600585938,35.49365234375
2015-07-30,176.70233154296875,23.243511199951172,16.864734649658203,44.930816650390625,18.904319763183594,37.91767883300781,15.523457527160645,63.96750259399414,35.62282180786133
2015-07-31,176.43405151367188,22.73557472229004,16.81138038635254,44.889408111572266,18.84237289428711,37.993194580078125,15.680285453796387,64.33711242675781,35.734195709228516
2015-08-03,175.83897399902344,22.257139205932617,16.791378021240234,44.674156188964844,18.740585327148438,38.04606628417969,15.7622709274292,64.28671264648438,35.61390686035156
2015-08-04,175.495361328125,22.18177604675293,16.764705657958984,44.649322509765625,18.629959106445312,38.04606628417969,15.509187698364258,64.25312042236328,35.76536178588867
2015-08-05,176.07369995117188,22.014644622802734,16.831392288208008,44.89768981933594,18.811389923095703,38.37834930419922,15.54840087890625,64.79071807861328,35.37782669067383
2015-08-06,174.63201904296875,22.365278244018555,16.771371841430664,44.66588592529297,18.625534057617188,38.09138488769531,15.630387306213379,63.37948989868164,34.8967399597168
2015-08-07,174.29673767089844,21.96548843383789,16.804719924926758,44.450626373291016,18.638811111450195,37.87993621826172,15.822869300842285,63.270294189453125,34.87001037597656
2015-08-10,176.49282836914062,22.66676139831543,16.96476173400879,45.31993103027344,18.93086814880371,38.023406982421875,15.758706092834473,63.7827033996582,35.15066146850586
2015-08-11,174.90023803710938,22.709360122680664,16.81138038635254,44.765220642089844,18.647659301757812,37.887489318847656,15.837130546569824,63.24510192871094,34.83436965942383
2015-08-12,175.1097869873047,23.12226104736328,16.658008575439453,44.77351379394531,18.73173713684082,37.9101448059082,16.11872673034668,63.28709030151367,34.68292236328125
2015-08-13,174.89186096191406,22.771623611450195,16.718032836914062,44.74039840698242,18.678640365600586,37.759090423583984,16.12228775024414,63.14430236816406,34.88337326049805
2015-08-14,175.5288848876953,22.722469329833984,16.83806610107422,45.02188491821289,18.77156639099121,37.87993621826172,16.243480682373047,63.320709228515625,34.905643463134766
2015-08-17,176.5094757080078,22.771623611450195,16.87140464782715,45.24541473388672,18.87777328491211,37.91767883300781,16.3218994140625,63.95912551879883,35.23974609375
2015-08-18,175.99819946289062,22.686418533325195,16.858064651489258,45.16263198852539,18.780414581298828,37.7288932800293,16.282690048217773,63.86671829223633,35.27090835571289
2015-08-19,174.60691833496094,22.060529708862305,16.704689025878906,44.74039840698242,18.656511306762695,37.381507873535156,16.350418090820312,63.60630798339844,35.208553314208984
2015-08-20,170.9608612060547,21.562427520751953,16.351253509521484,43.81312561035156,18.200725555419922,37.041683197021484,16.254175186157227,62.127864837646484,34.219661712646484
2015-08-21,165.81446838378906,20.808725357055664,15.764424324035645,42.6043701171875,17.50597381591797,36.02973556518555,16.058120727539062,60.229427337646484,33.123836517333984
2015-08-24,158.83258056640625,19.691282272338867,15.090903282165527,41.08930969238281,16.815643310546875,34.7761344909668,15.455719947814941,57.667354583740234,31.800844192504883
2015-08-25,156.96348571777344,19.40618133544922,14.89084529876709,40.5511474609375,16.682886123657227,34.51182174682617,14.981648445129395,57.087730407714844,31.671669006347656
2015-08-26,162.98989868164062,20.074687957763672,15.451004981994629,41.81787109375,17.523662567138672,35.53131866455078,15.24898624420166,59.49861145019531,32.874393463134766
2015-08-27,167.021484375,21.067602157592773,15.8311128616333,42.82791519165039,17.930782318115234,36.052406311035156,15.427210807800293,60.6578254699707,33.645015716552734
2015-08-28,167.02987670898438,21.546043395996094,15.757755279541016,42.844478607177734,17.966184616088867,35.976871490478516,15.38086986541748,60.313438415527344,33.65837860107422
2015-08-31,165.680419921875,21.768875122070312,15.624385833740234,42.46363067626953,17.80245018005371,35.7276611328125,15.134921073913574,59.21300506591797,33.40000534057617
2015-09-01,160.7352294921875,21.002065658569336,15.117578506469727,41.337669372558594,17.231605529785156,34.995140075683594,14.724995613098145,57.65895462036133,32.553646087646484
2015-09-02,163.78614807128906,21.195404052734375,15.32430362701416,42.256656646728516,17.64757537841797,35.47090148925781,14.73569393157959,58.84341049194336,33.239662170410156
2015-09-03,163.9034423828125,21.25439453125,15.410992622375488,42.281490325927734,17.660846710205078,35.71257781982422,14.80341625213623,58.423377990722656,33.25300979614258
2015-09-04,161.42251586914062,20.903759002685547,15.104239463806152,41.69367599487305,17.390911102294922,35.13107681274414,14.60024356842041,57.692562103271484,32.896636962890625
2015-09-08,165.47923278808594,21.2314510345459,15.491011619567871,42.844478607177734,17.877683639526367,35.86359786987305,14.91034984588623,59.305419921875,33.65837860107422
2015-09-09,163.26649475097656,20.8316650390625,15.277624130249023,42.389122009277344,17.643142700195312,35.27455520629883,14.724995613098145,58.389774322509766,33.29756546020508
2015-09-10,164.1549530029297,20.952905654907227,15.350976943969727,42.41395950317383,17.82015609741211,35.33496856689453,14.70004653930664,58.95259094238281,33.39110565185547
2015-09-11,164.90090942382812,20.766122817993164,15.417657852172852,42.645774841308594,17.904232025146484,35.56906509399414,14.810544967651367,59.33061218261719,33.640560150146484
2015-09-14,164.2890167236328,20.58588981628418,15.384317398071289,42.43051528930664,17.859983444213867,35.45579528808594,14.84619426727295,59.14580535888672,33.46239471435547
2015-09-15,166.3425750732422,20.815284729003906,15.604379653930664,43.167362213134766,18.0900936126709,35.878700256347656,14.924607276916504,59.994205474853516,33.81429672241211
2015-09-16,167.78419494628906,21.405134201049805,15.704408645629883,43.48196792602539,18.165319442749023,36.28649139404297,15.074317932128906,60.16221618652344,34.197383880615234
2015-09-17,167.40701293945312,21.39202308654785,15.484349250793457,43.29155349731445,18.041410446166992,36.28649139404297,15.281055450439453,60.70823669433594,34.28646469116211
2015-09-18,164.67135620117188,20.830167770385742,15.18480396270752,42.33513641357422,17.80714988708496,35.866943359375,15.195068359375,59.78169631958008,33.74052810668945
2015-09-21,165.52230834960938,20.94900894165039,15.359033584594727,42.5432243347168,17.98495864868164,36.132965087890625,15.25623607635498,58.98923873901367,34.03561782836914
2015-09-22,163.3738555908203,20.727828979492188,15.164701461791992,41.927276611328125,17.68269157409668,35.73773956298828,15.06552791595459,58.62670135498047,33.58403015136719
2015-09-23,163.11268615722656,20.460445404052734,15.17139720916748,41.635929107666016,17.72714614868164,35.79854202270508,15.105111122131348,58.56769943237305,33.49459457397461
2015-09-24,162.52293395996094,20.549575805664062,15.064181327819824,41.377891540527344,17.72714614868164,35.859344482421875,15.227448463439941,57.9691162109375,33.40516662597656
2015-09-25,162.4807586669922,20.589189529418945,15.285322189331055,41.46112823486328,17.696029663085938,36.087364196777344,15.374972343444824,56.384151458740234,33.40069580078125
2015-09-28,158.40296936035156,19.76720428466797,14.930161476135254,40.645389556884766,17.29151725769043,35.55531692504883,15.299418449401855,54.200626373291016,32.43937683105469
2015-09-29,158.49563598632812,19.73749351501465,14.956961631774902,40.91175842285156,17.215953826904297,35.540122985839844,15.303008079528809,54.6980094909668,32.332054138183594
2015-09-30,161.45291137695312,20.202953338623047,15.18480396270752,41.5277214050293,17.5582275390625,35.866943359375,15.576471328735352,55.836177825927734,33.20396423339844
2015-10-01,161.8741912841797,20.242570877075195,15.191507339477539,41.4361572265625,17.56711769104004,35.866943359375,15.392963409423828,56.401023864746094,33.44988250732422
2015-10-02,164.29220581054688,21.077754974365234,15.211607933044434,41.96056365966797,17.8160457611084,36.360984802246094,15.598060607910156,57.5728874206543,33.928321838378906
2015-10-05,167.2157745361328,21.714874267578125,15.533260345458984,43.15087890625,18.167207717895508,36.98422622680664,15.799556732177734,57.724639892578125,34.42910385131836
2015-10-06,166.64288330078125,22.196840286254883,15.459550857543945,43.10924530029297,18.189435958862305,36.733402252197266,15.691610336303711,56.36729431152344,34.17424011230469
2015-10-07,168.0077362060547,22.477441787719727,15.580174446105957,43.67528533935547,18.273897171020508,37.06782913208008,15.637641906738281,57.26938247680664,34.29048538208008
2015-10-08,169.5242919921875,22.906587600708008,15.673985481262207,44.282920837402344,18.358354568481445,37.508670806884766,15.83194351196289,57.43798828125,34.71078872680664
2015-10-09,169.62530517578125,22.75802993774414,15.573470115661621,44.432743072509766,18.4383602142334,37.59225845336914,15.756375312805176,57.6993293762207,34.751041412353516
2015-10-12,169.78546142578125,22.4642333984375,15.586870193481445,44.44106674194336,18.460588455200195,37.69108200073242,15.896709442138672,57.85108947753906,34.916481018066406
2015-10-13,168.71546936035156,22.22985076904297,15.466254234313965,43.966617584228516,18.420578002929688,37.46306610107422,15.86072826385498,57.12604522705078,34.72867202758789
2015-10-14,167.90664672851562,22.421316146850586,15.338935852050781,43.49215316772461,18.385025024414062,37.02983093261719,15.857126235961914,57.01646423339844,34.37544631958008
2015-10-15,170.48475646972656,22.824054718017578,15.687389373779297,43.966617584228516,18.62061309814453,37.364253997802734,16.091007232666016,58.28947830200195,34.82257843017578
2015-10-16,171.2598876953125,22.8537654876709,15.781207084655762,43.74187088012695,18.656171798706055,37.72147750854492,16.112598419189453,58.812191009521484,35.00589370727539
2015-10-19,171.3441619873047,22.40151023864746,15.767801284790039,43.800132751464844,18.727296829223633,37.88869094848633,16.123403549194336,59.022953033447266,35.17134475708008
2015-10-20,171.12509155273438,22.4642333984375,15.86161994934082,44.09148025512695,18.67840003967285,37.86589050292969,16.177366256713867,58.095584869384766,35.126617431640625
2015-10-21,170.06346130371094,22.186933517456055,15.747703552246094,44.099788665771484,18.536148071289062,37.87350082397461,16.144983291625977,57.5728874206543,34.97014617919922
2015-10-22,172.9365234375,22.586368560791016,16.002349853515625,45.331729888916016,18.953994750976562,38.625946044921875,16.332088470458984,57.22722625732422,35.43067169189453
2015-10-23,174.8321990966797,22.533557891845703,16.17657470703125,45.49818801879883,19.48296356201172,38.56513595581055,16.04423713684082,58.44967269897461,35.605064392089844
2015-10-26,174.4025421142578,21.982267379760742,16.109560012817383,45.39830780029297,19.407394409179688,38.4891357421875,15.986665725708008,58.677276611328125,35.85544967651367
2015-10-27,174.0655059814453,21.718177795410156,16.0157470703125,44.89888000488281,19.296268463134766,38.54232406616211,15.929097175598145,59.75640869140625,35.68553924560547
2015-10-28,176.04539489746094,22.20013999938965,16.391014099121094,45.25680160522461,19.585195541381836,38.32190704345703,15.759977340698242,60.253807067871094,36.025360107421875
2015-10-29,175.9443359375,22.3123836517334,16.370912551879883,45.231834411621094,19.53186798095703,38.33712387084961,15.670021057128906,60.523616790771484,36.128196716308594
2015-10-30,175.18603515625,22.457632064819336,16.136363983154297,45.1735725402832,19.402956008911133,37.9114990234375,15.741988182067871,60.14421463012695,36.204219818115234
2015-11-02,177.25868225097656,22.982511520385742,16.35750961303711,45.69797897338867,19.576316833496094,38.13951110839844,15.759977340698242,61.425682067871094,36.36964797973633
2015-11-03,177.7726287841797,23.570110321044922,16.38431167602539,45.731258392333984,19.67855453491211,37.95710372924805,15.806756973266602,61.20648193359375,36.508270263671875
2015-11-04,177.23338317871094,23.358840942382812,16.337406158447266,45.60639953613281,19.70077896118164,37.797481536865234,15.889508247375488,60.93668746948242,36.27128982543945
2015-11-05,177.05645751953125,23.1607723236084,16.4044132232666,45.66468048095703,19.642988204956055,37.789894104003906,15.752785682678223,60.742820739746094,36.40095138549805
2015-11-06,176.9637908935547,23.041933059692383,16.571937561035156,45.66468048095703,19.70966911315918,37.37944793701172,15.202266693115234,60.489891052246094,36.40542984008789
2015-11-09,175.31239318847656,22.814151763916016,16.391014099121094,45.3150749206543,19.518522262573242,37.12863540649414,15.241847038269043,60.02619552612305,35.904624938964844
2015-11-10,175.7168731689453,22.86367416381836,16.4647216796875,45.30675506591797,19.389616012573242,37.227439880371094,15.378579139709473,60.430870056152344,36.24445343017578
2015-11-11,175.02597045898438,22.37840461730957,16.411113739013672,45.36500549316406,19.38072395324707,37.17423629760742,15.511704444885254,59.8322868347168,36.029842376708984
2015-11-12,172.5825958251953,21.870023727416992,16.163169860839844,44.749046325683594,19.211809158325195,36.672607421875,15.364177703857422,58.79532241821289,35.694488525390625
2015-11-13,170.64486694335938,21.78089714050293,16.029150009155273,44.549278259277344,18.833982467651367,36.3533821105957,15.30660343170166,58.65201187133789,34.7555046081543
2015-11-16,173.2398223876953,22.507152557373047,16.223482131958008,45.12363052368164,19.122907638549805,36.97662353515625,15.565675735473633,59.38547897338867,35.175811767578125
2015-11-17,173.11341857910156,22.25956153869629,16.18998146057129,45.03205490112305,19.12735939025879,36.96141815185547,15.285018920898438,59.63837814331055,35.24287796020508
2015-11-18,175.86007690429688,22.625988006591797,16.478126525878906,45.656349182128906,19.416290283203125,37.47065734863281,15.382170677185059,60.80182647705078,35.846519470214844
2015-11-19,175.70840454101562,22.32227897644043,16.504926681518555,45.85614013671875,19.50518226623535,37.5694694519043,15.547686576843262,59.78169631958008,35.89122009277344
2015-11-20,176.3487091064453,22.0846004486084,16.531736373901367,46.08919143676758,19.647441864013672,37.303443908691406,15.61245346069336,60.295989990234375,36.32047653198242
2015-11-23,176.14657592773438,22.24305534362793,16.4647216796875,45.85614013671875,19.53186798095703,37.630271911621094,15.468527793884277,60.14421463012695,36.45461654663086
2015-11-24,176.38243103027344,22.718420028686523,16.417816162109375,45.781211853027344,19.536300659179688,37.72908401489258,15.446937561035156,60.32969284057617,36.37860107421875
2015-11-25,176.35714721679688,22.533557891845703,16.43121910095215,45.781211853027344,19.474079132080078,37.8278694152832,15.353386878967285,60.658504486083984,36.561920166015625
2015-11-27,176.55935668945312,22.37179946899414,16.471426010131836,45.86445236206055,19.518522262573242,37.972293853759766,15.382170677185059,60.77653121948242,36.427791595458984
2015-11-30,175.82635498046875,22.454328536987305,16.45802116394043,45.56478500366211,19.540746688842773,37.56185531616211,15.407353401184082,59.95030212402344,36.119266510009766
2015-12-01,177.50302124023438,22.63259506225586,16.638957977294922,45.781211853027344,19.714111328125,37.8810920715332,15.529695510864258,60.961971282958984,36.49037170410156
2015-12-02,175.69155883789062,21.932754516601562,16.444622039794922,45.3150749206543,19.589651107788086,37.69108200073242,15.184271812438965,60.44773483276367,36.17291259765625
2015-12-03,173.23141479492188,21.493698120117188,16.17657470703125,44.749046325683594,19.336278915405273,37.49345779418945,15.069134712219238,59.12412643432617,35.62742614746094
2015-12-04,176.60983276367188,21.358348846435547,16.605451583862305,45.41497039794922,19.811906814575195,38.33712387084961,15.281423568725586,60.515174865722656,36.31599807739258
2015-12-07,175.53994750976562,20.54627227783203,16.45132064819336,45.19021987915039,19.714111328125,38.44353485107422,15.349788665771484,60.17795181274414,36.16397476196289
2015-12-08,174.36036682128906,20.334997177124023,16.24358367919922,44.466033935546875,19.665218353271484,38.34471893310547,15.32819938659668,60.31281661987305,36.05665588378906
2015-12-09,173.00392150878906,20.602388381958008,16.05595588684082,44.332855224609375,19.376279830932617,37.97988510131836,15.33179759979248,59.705833435058594,35.59611129760742
2015-12-10,173.4504852294922,20.734437942504883,16.069358825683594,44.540958404541016,19.42961883544922,38.025516510009766,15.079920768737793,60.15266036987305,35.71683883666992
2015-12-11,170.08876037597656,19.958669662475586,15.714197158813477,43.791812896728516,19.025121688842773,37.60746383666992,15.0367431640625,59.267459869384766,34.903053283691406
2015-12-14,170.94815063476562,20.06431007385254,15.747703552246094,43.94996643066406,19.17180824279785,37.97988510131836,15.11230754852295,59.65525436401367,35.081912994384766
2015-12-15,172.7427215576172,20.569381713867188,16.116268157958984,43.958282470703125,19.256263732910156,38.223121643066406,15.231050491333008,60.430870056152344,35.274173736572266
2015-12-16,175.270263671875,20.434032440185547,16.37761116027832,44.7407341003418,19.518522262573242,38.96036148071289,15.616052627563477,61.214908599853516,35.86439895629883
2015-12-17,172.59954833984375,19.93226432800293,16.143068313598633,43.999916076660156,19.211809158325195,38.45872116088867,15.648432731628418,60.55731964111328,35.274173736572266
2015-12-18,169.52464294433594,19.583171844482422,15.711512565612793,43.329124450683594,18.8392276763916,37.77729415893555,15.45394515991211,59.67936706542969,34.71968460083008
2015-12-21,170.92300415039062,19.6031551361084,15.866597175598145,43.66409683227539,19.03132438659668,38.2060661315918,15.443037986755371,60.221229553222656,34.894798278808594
2015-12-22,172.47406005859375,19.832996368408203,16.01494598388672,44.26704788208008,19.169816970825195,38.70374298095703,15.573905944824219,60.62759017944336,35.150718688964844
2015-12-23,174.60989379882812,20.695737838745117,16.203750610351562,44.786258697509766,19.330646514892578,38.987022399902344,15.813843727111816,61.27949905395508,35.33030700683594
2015-12-24,174.3217010498047,20.50920295715332,16.19026756286621,44.76950454711914,19.32170867919922,38.94873809814453,15.802943229675293,61.338783264160156,35.23601150512695
2015-12-28,173.92337036132812,20.136119842529297,16.176782608032227,44.66902160644531,19.308305740356445,38.8951530456543,15.832014083862305,61.05091857910156,35.32581329345703
2015-12-29,175.77944946289062,20.27602195739746,16.345361709594727,45.09611129760742,19.57189178466797,39.23204040527344,15.919265747070312,61.79594421386719,35.734371185302734
2015-12-30,174.53363037109375,20.002883911132812,16.23073387145996,44.71926498413086,19.40659523010254,39.09422302246094,15.904731750488281,61.533504486083984,35.4470329284668
2015-12-31,172.7876739501953,20.09281349182129,16.06890106201172,44.39266586303711,19.13408088684082,38.65779495239258,15.733868598937988,60.98318099975586,35.092350006103516
2016-01-04,170.37216186523438,20.08615493774414,15.758708000183105,43.79808044433594,18.88390350341797,38.167781829833984,15.701150894165039,59.882568359375,34.4907112121582
2016-01-05,170.66033935546875,20.162765502929688,15.819403648376465,43.915321350097656,18.834758758544922,38.41279220581055,15.813843727111816,60.17041015625,34.445804595947266
2016-01-06,168.50758361816406,19.38663673400879,15.57664680480957,43.23699188232422,18.60245132446289,38.28263473510742,15.784762382507324,59.67936706542969,34.10907745361328
2016-01-07,164.46482849121094,18.91362953186035,15.138341903686523,42.06458282470703,18.052955627441406,37.823238372802734,15.679335594177246,58.468666076660156,33.40867233276367
2016-01-08,162.65960693359375,18.670459747314453,14.902332305908203,41.63748550415039,17.910003662109375,37.532291412353516,15.672064781188965,57.58816146850586,33.049476623535156
2016-01-11,162.8206329345703,18.270740509033203,14.922563552856445,41.66262435913086,18.026153564453125,37.884483337402344,15.755680084228516,56.90239334106445,33.30988311767578
2016-01-12,164.13430786132812,18.314043045043945,15.037196159362793,41.997596740722656,18.24058723449707,38.091209411621094,15.693875312805176,57.630516052246094,33.67805480957031
2016-01-13,160.04066467285156,17.874347686767578,14.64609432220459,40.984275817871094,17.74916648864746,37.39446258544922,15.686605453491211,55.920310974121094,32.54213333129883
2016-01-14,162.6680145263672,18.643821716308594,14.774215698242188,41.470001220703125,18.084226608276367,37.57056427001953,15.922905921936035,57.418846130371094,32.775611877441406
2016-01-15,159.1761932373047,18.104185104370117,14.443799018859863,40.741416931152344,17.574939727783203,36.98101806640625,15.7811279296875,56.614532470703125,32.10212326049805
2016-01-19,159.3880615234375,17.714454650878906,14.437055587768555,40.73304748535156,17.592805862426758,37.42509460449219,16.017427444458008,56.606075286865234,32.223350524902344
2016-01-20,157.3455810546875,17.244775772094727,14.153843879699707,40.20547103881836,17.454317092895508,36.95804214477539,15.657526016235352,56.71615219116211,31.94049644470215
2016-01-21,158.22694396972656,17.781078338623047,14.093154907226562,40.38134002685547,17.552600860595703,37.1035270690918,15.64298152923584,56.54680252075195,32.34907913208008
2016-01-22,161.4730224609375,18.567203521728516,14.349393844604492,40.73304748535156,18.0395565032959,37.739009857177734,15.922905921936035,57.44424057006836,32.9147834777832
2016-01-25,159.03208923339844,17.701135635375977,14.05943775177002,40.230587005615234,17.8295841217041,37.402130126953125,15.788393020629883,56.910865783691406,32.53764343261719
2016-01-26,161.2018280029297,18.37066650390625,14.295451164245605,40.9926643371582,18.00381088256836,37.746673583984375,15.897462844848633,57.34267044067383,33.01357650756836
2016-01-27,159.44747924804688,18.2840633392334,14.241504669189453,40.532073974609375,17.633020401000977,37.7083854675293,15.933812141418457,56.69072723388672,32.49723815917969
2016-01-28,160.2779998779297,18.840347290039062,14.248246192932129,40.76655197143555,17.86086082458496,38.091209411621094,16.18828773498535,55.369991302490234,32.9147834777832
2016-01-29,164.18515014648438,19.389965057373047,14.64609432220459,41.86359786987305,18.423755645751953,38.86453628540039,16.51183319091797,56.275882720947266,33.27397918701172
2016-02-01,164.12583923339844,19.066858291625977,14.585404396057129,41.76310348510742,18.490764617919922,38.99467468261719,16.668155670166016,56.360538482666016,33.47600555419922
2016-02-02,161.16795349121094,18.430631637573242,14.180819511413574,40.9256706237793,18.160175323486328,38.497005462646484,16.740863800048828,55.547786712646484,32.82499313354492
2016-02-03,162.13409423828125,19.08683967590332,14.194299697875977,41.58723449707031,18.137836456298828,38.41279220581055,16.948076248168945,55.91182327270508,32.739688873291016
2016-02-04,162.3883819580078,19.07685089111328,14.315682411193848,42.30744171142578,18.155710220336914,38.06059265136719,16.875368118286133,55.60704040527344,32.55111312866211
2016-02-05,159.29489135742188,18.633821487426758,14.126872062683105,41.905479431152344,17.646419525146484,37.99933624267578,16.929906845092773,54.52334976196289,31.500499725341797
2016-02-08,157.1505889892578,18.537220001220703,13.769485473632812,41.553749084472656,17.391769409179688,37.89979934692383,16.87173843383789,53.778316497802734,30.889883041381836
2016-02-09,157.15907287597656,18.090858459472656,13.749252319335938,41.80498123168945,17.311363220214844,38.152462005615234,16.929906845092773,54.176231384277344,30.840499877929688
2016-02-10,157.02346801757812,18.017576217651367,13.675085067749023,41.58723449707031,17.338165283203125,38.10653305053711,16.91172218322754,54.658809661865234,30.786611557006836
2016-02-11,154.98089599609375,17.940975189208984,13.25700569152832,40.774932861328125,17.30242347717285,37.800262451171875,16.61362648010254,53.778316497802734,30.768646240234375
2016-02-12,158.1761016845703,18.413976669311523,13.816688537597656,41.595611572265625,17.543668746948242,38.33622360229492,16.562732696533203,54.497955322265625,31.334375381469727
2016-02-16,160.84580993652344,18.597179412841797,14.039207458496094,42.43306350708008,17.85638999938965,38.642478942871094,16.668155670166016,55.52239227294922,32.09314727783203
2016-02-17,163.47323608398438,19.206758499145508,14.22801685333252,43.08626174926758,18.22272491455078,39.04062271118164,16.635440826416016,56.22509002685547,32.784584045410156
2016-02-18,162.8036346435547,18.966928482055664,14.14710521697998,43.06113815307617,18.151243209838867,38.86453628540039,16.90809440612793,55.877967834472656,32.56906509399414
2016-02-19,162.72738647460938,18.923622131347656,14.14710521697998,42.97738265991211,18.164640426635742,38.92578125,16.795391082763672,55.8187141418457,32.658870697021484
2016-02-22,165.08352661132812,19.406620025634766,14.369624137878418,43.705963134765625,18.405879974365234,39.117191314697266,16.991701126098633,56.614532470703125,33.291934967041016
2016-02-23,162.9986114501953,18.743745803833008,14.113387107849121,43.270484924316406,18.115497589111328,39.109535217285156,17.00623893737793,56.19123458862305,33.10784912109375
2016-02-24,163.74447631835938,18.93361473083496,14.079672813415527,43.29561233520508,18.253990173339844,39.23204040527344,17.086223602294922,56.37748336791992,33.30091094970703
2016-02-25,165.7276611328125,18.950271606445312,14.275222778320312,43.865074157714844,18.481828689575195,39.67611312866211,17.260719299316406,57.080177307128906,33.63316345214844
2016-02-26,165.3462371826172,19.063522338867188,14.37636947631836,43.92371368408203,18.432689666748047,39.117191314697266,16.78447914123535,56.97859191894531,33.597225189208984
2016-02-29,164.04949951171875,18.847009658813477,14.221278190612793,43.64734649658203,18.303133010864258,38.987022399902344,16.831745147705078,56.07270812988281,33.42213439941406
2016-03-01,167.90585327148438,19.340002059936523,14.70003890991211,44.50152587890625,18.848161697387695,39.36219024658203,16.74813461303711,57.27491760253906,34.3066291809082
2016-03-02,168.66014099121094,19.813013076782227,14.861868858337402,44.535037994384766,18.90177345275879,39.47704315185547,16.835384368896484,57.3680419921875,34.275203704833984
2016-03-03,169.32125854492188,20.11280059814453,14.963019371032715,44.8532600402832,18.90177345275879,39.67611312866211,16.937179565429688,57.20719909667969,34.47724151611328
2016-03-04,169.87213134765625,20.30600357055664,15.023710250854492,45.03748321533203,18.950918197631836,39.84455871582031,17.12621307373047,57.071739196777344,34.445804595947266
2016-03-07,170.0077362060547,20.78234100341797,15.0169677734375,45.17149353027344,18.834758758544922,39.59955978393555,17.22072982788086,57.528907775878906,34.29764938354492
2016-03-08,168.15164184570312,19.909608840942383,14.774215698242188,44.535037994384766,18.718612670898438,39.71440124511719,17.391590118408203,56.8261833190918,34.028263092041016
2016-03-09,168.98220825195312,20.232725143432617,14.794445991516113,44.67740249633789,18.879432678222656,40.012996673583984,17.471569061279297,56.92780303955078,34.09560775756836
2016-03-10,169.1178741455078,20.249374389648438,14.780959129333496,44.61040496826172,18.86155891418457,40.028316497802734,17.486108779907227,56.96165084838867,34.1809196472168
2016-03-11,171.84690856933594,20.772350311279297,15.165314674377441,45.25523376464844,19.151947021484375,40.15847396850586,17.504289627075195,58.07075500488281,34.706214904785156
2016-03-14,171.62649536132812,20.63577651977539,15.11811351776123,45.297096252441406,19.17428207397461,40.13551712036133,17.52609634399414,57.82522964477539,34.8364143371582
2016-03-15,171.34681701660156,20.595806121826172,15.111369132995605,45.27198028564453,19.24576759338379,40.23503875732422,17.558822631835938,56.92780303955078,34.82744216918945
2016-03-16,172.33848571777344,20.952226638793945,15.077654838562012,45.43109893798828,19.46912956237793,40.32691955566406,17.827842712402344,56.79234313964844,35.11030197143555
2016-03-17,173.43179321289062,21.238693237304688,15.259716987609863,46.427635192871094,19.54060935974121,40.57193374633789,17.925994873046875,56.131954193115234,35.159690856933594
2016-03-18,174.1133270263672,21.29974937438965,15.395176887512207,46.825782775878906,19.572046279907227,40.51882553100586,17.811717987060547,56.792152404785156,35.20521926879883
2016-03-21,174.3603515625,21.225942611694336,15.368086814880371,47.10354995727539,19.63939094543457,40.54192352294922,17.79340171813965,57.12351989746094,35.2232551574707
2016-03-22,174.26666259765625,21.1085262298584,15.320676803588867,46.83420181274414,19.64388656616211,40.30332565307617,17.734806060791016,57.69281768798828,35.164649963378906
2016-03-23,173.11660766601562,20.645553588867188,15.205534934997559,46.53116989135742,19.531639099121094,40.311038970947266,17.866655349731445,57.28494644165039,34.91668701171875
2016-03-24,173.0398712158203,20.746206283569336,15.110709190368652,46.396488189697266,19.58551597595215,40.264869689941406,17.914270401000977,57.25947952270508,34.96177291870117
2016-03-28,173.1421356201172,20.635496139526367,15.158127784729004,46.413333892822266,19.53612518310547,40.48035430908203,17.848342895507812,57.098045349121094,35.119564056396484
2016-03-29,174.7436981201172,20.732789993286133,15.18521499633789,46.71635437011719,19.841445922851562,40.780487060546875,18.112058639526367,57.76078414916992,35.4757194519043
2016-03-30,175.51046752929688,20.77304458618164,15.273260116577148,46.800533294677734,19.958194732666016,41.04983139038086,18.06810760498047,57.76927185058594,35.70112991333008
2016-03-31,175.08448791503906,20.762983322143555,15.239397048950195,46.691097259521484,19.917781829833984,40.8343620300293,18.174320220947266,57.59082794189453,35.66056823730469
2016-04-01,176.2771453857422,20.484529495239258,15.374856948852539,46.909942626953125,20.07044219970703,41.26533508300781,18.243921279907227,58.24509811401367,35.80933380126953
2016-04-04,175.70640563964844,20.333560943603516,15.300358772277832,46.37966537475586,19.994108200073242,41.280723571777344,18.1669979095459,58.941829681396484,35.52982711791992
2016-04-05,173.9514617919922,20.196020126342773,15.08362102508545,46.093467712402344,19.80103874206543,41.00366973876953,17.826364517211914,58.17713928222656,35.22775650024414
2016-04-06,175.85121154785156,20.63214111328125,15.164899826049805,46.32073974609375,19.994108200073242,41.32688903808594,17.80438804626465,59.74049377441406,35.561370849609375
2016-04-07,173.74700927734375,20.511369705200195,14.880430221557617,45.874610900878906,19.706745147705078,40.880531311035156,17.79706573486328,59.08626174926758,35.1601448059082
2016-04-08,174.2155303955078,20.924013137817383,14.934612274169922,46.051387786865234,19.706745147705078,41.10371780395508,17.892295837402344,58.92483901977539,35.106040954589844
2016-04-11,173.80661010742188,20.83678436279297,14.995567321777344,46.06821823120117,19.652868270874023,40.811279296875,17.815380096435547,58.47449493408203,34.975311279296875
2016-04-12,175.4252471923828,21.457429885864258,15.18521499633789,46.33757019042969,19.787572860717773,41.06523132324219,17.939908981323242,58.95030212402344,35.24129867553711
2016-04-13,177.1972198486328,21.558073043823242,15.530643463134766,47.027801513671875,19.9896183013916,40.74970626831055,17.830032348632812,59.50260925292969,35.73719024658203
2016-04-14,177.20578002929688,21.608396530151367,15.564508438110352,47.11197280883789,19.985130310058594,40.56501007080078,17.808053970336914,59.53661346435547,35.73719024658203
2016-04-15,177.00978088378906,21.316524505615234,15.510324478149414,47.1793098449707,19.90880012512207,40.818973541259766,17.906944274902344,59.49410629272461,35.836387634277344
2016-04-18,178.25357055664062,21.668781280517578,15.62546157836914,47.22140121459961,19.994108200073242,41.04983139038086,17.97654151916504,60.046390533447266,36.174495697021484
2016-04-19,178.81582641601562,22.101551055908203,15.821884155273438,47.55809020996094,19.88185691833496,41.02676010131836,18.005834579467773,60.25884246826172,35.976139068603516
2016-04-20,178.98622131347656,22.29949188232422,15.943804740905762,47.482330322265625,19.922271728515625,40.56501007080078,17.555328369140625,60.581703186035156,36.02122497558594
2016-04-21,178.02354431152344,22.168643951416016,15.801562309265137,47.3644905090332,19.85042953491211,39.84158706665039,17.189058303833008,60.938560485839844,35.894996643066406
2016-04-22,178.02354431152344,22.490713119506836,15.95057201385498,47.482330322265625,19.504697799682617,39.98781204223633,17.342891693115234,61.06601333618164,35.82285690307617
2016-04-25,177.7169189453125,22.239099502563477,15.916706085205078,47.25507354736328,19.509183883666992,40.264869689941406,17.375858306884766,60.82809066772461,35.863441467285156
2016-04-26,177.98092651367188,22.594707489013672,16.018306732177734,47.675933837890625,19.41489601135254,40.103240966796875,17.401493072509766,60.59868621826172,35.94908142089844
2016-04-27,178.34730529785156,23.024126052856445,16.045392990112305,48.012630462646484,19.32509422302246,40.29563903808594,17.654220581054688,60.530723571777344,35.91303253173828
2016-04-28,176.72865295410156,22.68194007873535,15.87606430053711,47.54967498779297,19.082632064819336,40.33412170410156,17.62858009338379,60.241817474365234,35.52530288696289
2016-04-29,175.7745361328125,22.645030975341797,15.788017272949219,47.27190017700195,18.91650390625,40.249473571777344,17.734806060791016,59.29869079589844,35.705631256103516
2016-05-02,177.17166137695312,22.621549606323242,15.930245399475098,47.51601791381836,19.055694580078125,40.71121597290039,17.877643585205078,59.6385612487793,36.20604705810547
2016-05-03,175.62969970703125,22.0881290435791,15.727066040039062,47.12881088256836,18.88057518005371,40.634273529052734,17.862998962402344,59.451629638671875,35.87246322631836
2016-05-04,174.65003967285156,21.769428253173828,15.605142593383789,46.548011779785156,18.82221221923828,40.75740051269531,18.071762084960938,58.88237380981445,35.71015930175781
2016-05-05,174.61595153808594,21.94723129272461,15.598377227783203,46.52275848388672,18.831192016601562,40.765106201171875,18.002174377441406,59.128746032714844,35.480224609375
2016-05-06,175.25485229492188,21.89691162109375,15.666106224060059,46.83420181274414,18.97038459777832,40.97288513183594,17.884967803955078,58.78037643432617,35.7417106628418
2016-05-09,175.39967346191406,21.578205108642578,15.62546157836914,46.62377166748047,18.97038459777832,41.19606399536133,17.987529754638672,59.451629638671875,35.840885162353516
2016-05-10,177.5806121826172,21.95729637145996,15.84897232055664,47.42342758178711,19.21733856201172,41.60395050048828,18.005834579467773,59.952938079833984,36.30073928833008
2016-05-11,175.9193572998047,22.024394989013672,15.679646492004395,47.027801513671875,19.078136444091797,41.27303695678711,18.071762084960938,59.230716705322266,35.570396423339844
2016-05-12,175.97047424316406,22.084781646728516,15.686418533325195,46.926788330078125,19.024267196655273,41.49620819091797,18.177989959716797,58.88237380981445,35.63801574707031
2016-05-13,174.43701171875,21.80297088623047,15.496781349182129,46.33757019042969,18.952423095703125,40.97288513183594,18.09008026123047,58.746402740478516,35.2142448425293
2016-05-16,176.1579132080078,22.172000885009766,15.578054428100586,46.909942626953125,19.21733856201172,41.234554290771484,18.112058639526367,59.54509735107422,35.43514633178711
2016-05-17,174.5137176513672,22.27600860595703,15.490004539489746,46.68268585205078,19.024267196655273,40.42647171020508,17.80438804626465,58.92483901977539,35.033897399902344
2016-05-18,174.56483459472656,22.061296463012695,15.760930061340332,46.52275848388672,19.0601863861084,39.95702362060547,17.471084594726562,59.171241760253906,34.831031799316406
2016-05-19,173.95994567871094,22.06464958190918,15.611917495727539,46.085060119628906,18.956907272338867,40.34951400756836,17.646892547607422,58.66994094848633,34.799476623535156
2016-05-20,175.0589141845703,22.19548988342285,15.72028923034668,46.32073974609375,19.185897827148438,40.1417236328125,17.687185287475586,59.213722229003906,35.02941131591797
2016-05-23,174.82040405273438,22.13845443725586,15.706743240356445,46.236568450927734,19.149982452392578,40.180206298828125,17.529687881469727,58.97581481933594,34.907676696777344
2016-05-24,177.0864715576172,22.249162673950195,15.943804740905762,46.71635437011719,19.509183883666992,40.51882553100586,17.70549774169922,59.82548522949219,35.326934814453125
2016-05-25,178.28768920898438,22.601428985595703,16.113126754760742,47.03620910644531,19.64388656616211,40.58039855957031,17.654220581054688,60.19934844970703,35.52080154418945
2016-05-26,178.33880615234375,22.507484436035156,16.018306732177734,46.901546478271484,19.706745147705078,40.74201202392578,17.855669021606445,60.207828521728516,35.59292984008789
2016-05-27,179.10546875,22.520906448364258,16.126672744750977,47.078304290771484,19.80103874206543,40.78817367553711,17.884967803955078,60.479736328125,35.75974655151367
2016-05-31,178.76475524902344,22.433679580688477,16.086030960083008,47.06988525390625,19.841445922851562,40.52653503417969,18.002174377441406,60.62418746948242,35.72368240356445
2016-06-01,179.1310577392578,22.440383911132812,16.119897842407227,47.11197280883789,19.792062759399414,40.942100524902344,18.049793243408203,60.8450927734375,35.70112991333008
2016-06-02,179.67628479003906,22.410200119018555,16.153766632080078,47.17089080810547,19.77410316467285,40.95750045776367,18.057113647460938,61.62678909301758,35.89949035644531
2016-06-03,179.13954162597656,22.322967529296875,15.923478126525879,47.12881088256836,19.729209899902344,41.21915054321289,18.342805862426758,61.422874450683594,35.66507339477539
2016-06-06,180.0511474609375,22.816129684448242,16.018306732177734,47.574928283691406,19.765119552612305,41.26533508300781,18.317167282104492,61.75424575805664,35.7552375793457
2016-06-07,180.33226013183594,23.332778930664062,15.9844388961792,47.80219268798828,19.845943450927734,41.21915054321289,18.302518844604492,61.371910095214844,35.800323486328125
2016-06-08,180.92010498046875,23.279098510742188,15.997984886169434,48.105228424072266,19.8863468170166,41.46541976928711,18.412397384643555,61.58430862426758,35.840885162353516
2016-06-09,180.67298889160156,23.10129165649414,15.882843971252441,48.096797943115234,19.89084243774414,41.62703323364258,18.569894790649414,61.48235321044922,35.75974655151367
2016-06-10,178.96070861816406,22.601428985595703,15.686418533325195,47.53284454345703,19.738176345825195,41.6578254699707,18.522275924682617,60.989532470703125,35.38554763793945
2016-06-13,177.5806121826172,22.53432273864746,15.578054428100586,47.019378662109375,19.518165588378906,41.31149673461914,18.500307083129883,60.50522232055664,35.191707611083984
2016-06-14,177.23130798339844,22.520906448364258,15.347768783569336,47.027801513671875,19.563058853149414,41.47311019897461,18.599191665649414,60.59868621826172,35.101531982421875
2016-06-15,176.98423767089844,22.46722984313965,15.368086814880371,47.044639587402344,19.513675689697266,41.34999084472656,18.481990814208984,60.182334899902344,35.200714111328125
2016-06-16,177.51243591308594,22.359872817993164,15.408729553222656,47.12881088256836,19.55408477783203,41.56547164916992,18.599191665649414,60.394752502441406,35.31342697143555
2016-06-17,176.85133361816406,22.588150024414062,15.395792961120605,47.168575286865234,19.423688888549805,41.39746856689453,18.66640853881836,59.76774597167969,35.25777053833008
2016-06-20,177.99026489257812,22.784011840820312,15.484308242797852,47.60025405883789,19.50490379333496,41.529083251953125,18.59624481201172,60.14311218261719,35.57448959350586
2016-06-21,178.49546813964844,23.054162979125977,15.572826385498047,47.56639099121094,19.6402587890625,41.63747024536133,18.622089385986328,59.938377380371094,35.493038177490234
2016-06-22,178.2043914794922,22.925846099853516,15.559210777282715,47.43096160888672,19.572587966918945,41.66069412231445,18.533470153808594,60.10898208618164,35.443267822265625
2016-06-23,180.52505493164062,23.304054260253906,15.886054992675781,47.981109619140625,19.838787078857422,41.916202545166016,18.585161209106445,60.89382553100586,35.791648864746094
2016-06-24,174.04254150390625,22.55100440979004,15.034900665283203,46.02596664428711,19.076278686523438,41.11100387573242,18.61470603942871,59.12790298461914,34.46150588989258
2016-06-27,170.92547607421875,21.82834815979004,14.605913162231445,44.9426155090332,18.692760467529297,41.02584457397461,18.843650817871094,58.33454132080078,33.828102111816406
2016-06-28,174.00828552246094,22.436193466186523,14.980419158935547,45.70435333251953,19.062740325927734,41.28132247924805,18.913816452026367,59.46916198730469,34.50221633911133
2016-06-29,176.97122192382812,22.861679077148438,15.32088851928711,46.51686477661133,19.356019973754883,41.761348724365234,18.96550750732422,60.60379409790039,35.0587043762207
2016-06-30,179.38607788085938,23.044038772583008,15.566025733947754,47.40557098388672,19.568073272705078,42.698158264160156,19.37539291381836,61.175350189208984,35.316585540771484
2016-07-01,179.7628936767578,23.165605545043945,15.484308242797852,47.55792999267578,19.613191604614258,42.49685287475586,19.37908172607422,61.55925369262695,35.68305969238281
2016-07-05,178.46983337402344,22.699588775634766,15.252795219421387,47.126258850097656,19.46881103515625,42.73686218261719,19.523099899291992,61.499515533447266,35.39350891113281
2016-07-06,179.54026794433594,22.79751968383789,15.293649673461914,47.363250732421875,19.604171752929688,42.775569915771484,19.563720703125,62.19050216674805,35.69664001464844
2016-07-07,179.42889404296875,22.56451416015625,15.314077377319336,47.4902229309082,19.604171752929688,42.69040298461914,19.201839447021484,62.096717834472656,35.8504524230957
2016-07-08,182.10064697265625,22.86505889892578,15.606878280639648,48.43815994262695,19.910974502563477,43.11622619628906,19.401243209838867,62.864463806152344,36.47480010986328
2016-07-11,182.74295043945312,22.908960342407227,15.69540023803711,48.74284362792969,20.028287887573242,43.12397384643555,19.386474609375,62.6938591003418,36.68743896484375
2016-07-12,184.0702667236328,23.476280212402344,15.892868041992188,49.191429138183594,20.190717697143555,42.89170455932617,19.120601654052734,63.0009651184082,36.832252502441406
2016-07-13,184.04458618164062,23.27366828918457,15.892868041992188,49.3099250793457,20.19523048400879,43.1317138671875,19.272003173828125,62.97536849975586,36.6512565612793
2016-07-14,185.0721893310547,23.391855239868164,16.042667388916016,49.682308197021484,20.326065063476562,43.12397384643555,19.146451950073242,63.24835968017578,36.800559997558594
2016-07-15,184.82388305664062,23.37835121154785,16.01543426513672,49.673858642578125,20.308027267456055,43.12397384643555,19.201839447021484,63.19718933105469,36.63768005371094
2016-07-18,185.320556640625,23.395231246948242,16.06990623474121,49.63153839111328,20.44338035583496,43.07750701904297,19.257232666015625,63.222774505615234,36.777931213378906
2016-07-19,185.1321563720703,23.26352882385254,16.076711654663086,49.65694808959961,20.39826202392578,43.04653549194336,19.224000930786133,63.08625793457031,36.71006774902344
2016-07-20,185.90283203125,23.229766845703125,16.10394859313965,49.75003433227539,20.664461135864258,42.89170455932617,19.11321449279785,63.65787887573242,36.8639030456543
2016-07-21,185.20071411132812,23.000137329101562,16.022241592407227,49.242210388183594,20.556175231933594,42.7678337097168,19.22768783569336,63.84552764892578,36.764366149902344
2016-07-22,186.03131103515625,23.0710506439209,16.12438201904297,49.335304260253906,20.678003311157227,42.9691276550293,19.482479095458984,63.97350311279297,36.91819381713867
2016-07-25,185.5260467529297,22.611787796020508,16.090335845947266,49.072940826416016,20.650924682617188,42.92266845703125,19.44924545288086,63.90525436401367,36.97700119018555
2016-07-26,185.61167907714844,22.74349021911621,16.10394859313965,49.47920227050781,20.696048736572266,42.589752197265625,19.279386520385742,63.79436111450195,36.9317626953125
2016-07-27,185.41476440429688,22.520618438720703,16.097145080566406,49.2845344543457,20.867496490478516,41.95490646362305,19.057823181152344,64.08440399169922,36.81863784790039
2016-07-28,185.62884521484375,22.523990631103516,16.13119125366211,49.267601013183594,20.88103675842285,42.14070510864258,19.131683349609375,64.0246810913086,36.88651657104492
2016-07-29,185.92855834960938,22.753623962402344,16.10394859313965,49.123722076416016,20.957735061645508,42.349761962890625,19.24614906311035,64.15264129638672,36.9272346496582
2016-08-01,185.7744140625,22.00394630432129,16.063100814819336,49.06447219848633,20.998348236083984,42.396202087402344,19.257232666015625,64.56214904785156,36.98604965209961
2016-08-02,184.58407592773438,22.20318031311035,15.926916122436523,48.60742950439453,20.840423583984375,42.33427429199219,19.131683349609375,64.31473541259766,36.434078216552734
2016-08-03,185.12359619140625,22.63205337524414,16.090335845947266,48.84440994262695,20.912614822387695,42.10200500488281,19.0172061920166,64.13560485839844,36.538150787353516
2016-08-04,185.320556640625,22.598283767700195,16.04947853088379,48.86134719848633,21.025415420532227,42.19490051269531,19.006128311157227,64.04175567626953,36.520050048828125
2016-08-05,186.83621215820312,22.80427360534668,16.355892181396484,49.35224533081055,21.228450775146484,42.26459503173828,18.732873916625977,64.1953125,36.90462875366211
2016-08-08,186.72494506835938,23.10819435119629,16.376323699951172,49.419952392578125,21.223939895629883,42.2181396484375,18.725482940673828,63.649322509765625,36.78246307373047
2016-08-09,186.83621215820312,22.98661994934082,16.38994026184082,49.403018951416016,21.269060134887695,42.349761962890625,18.721797943115234,63.80287551879883,36.67386245727539
2016-08-10,186.37379455566406,22.73673439025879,16.260568618774414,49.37763595581055,21.201377868652344,42.50461196899414,18.725482940673828,63.589603424072266,36.75078582763672
2016-08-11,187.2387237548828,23.0710506439209,16.294614791870117,49.699256896972656,21.278079986572266,42.50461196899414,18.769798278808594,63.95642852783203,37.11726760864258
2016-08-12,187.07598876953125,23.19937515258789,16.246946334838867,49.5638427734375,21.25551986694336,42.65168762207031,18.795644760131836,63.79436111450195,37.09916305541992
2016-08-15,187.61558532714844,23.38510513305664,16.355892181396484,49.893917083740234,21.35929298400879,42.543304443359375,18.50762367248535,63.90525436401367,37.17154312133789
2016-08-16,186.6479034423828,23.422250747680664,16.315046310424805,49.673858642578125,21.201377868652344,42.35749435424805,18.289749145507812,63.33368682861328,36.95890426635742
2016-08-17,186.99896240234375,23.4931640625,16.369518280029297,49.817752838134766,21.19234848022461,42.4736213684082,18.56300163269043,63.461647033691406,36.872947692871094
2016-08-18,187.41859436035156,23.976057052612305,16.355892181396484,49.97008514404297,21.201377868652344,42.62071990966797,18.791954040527344,63.48723602294922,36.85030746459961
2016-08-19,187.1444854736328,23.776826858520508,16.349088668823242,49.95317840576172,21.214914321899414,42.52008056640625,18.56300163269043,63.436073303222656,36.872947692871094
2016-08-22,187.13597106933594,23.503292083740234,16.349088668823242,49.910850524902344,21.214914321899414,42.58201217651367,18.611013412475586,63.563987731933594,36.83674621582031
2016-08-23,187.5127716064453,23.668764114379883,16.369518280029297,49.95317840576172,21.2916202545166,42.49685287475586,18.529775619506836,63.623714447021484,37.02225875854492
2016-08-24,186.5537109375,23.574209213256836,16.362707138061523,49.800819396972656,21.174306869506836,42.42718505859375,18.522384643554688,62.625614166259766,36.84579849243164
2016-08-25,186.42523193359375,23.51004981994629,16.396760940551758,49.7923583984375,21.219423294067383,42.26459503173828,18.533470153808594,62.096717834472656,36.72364807128906
2016-08-26,186.0740966796875,23.429000854492188,16.417177200317383,49.648475646972656,21.228450775146484,42.047813415527344,18.14942741394043,62.33555603027344,36.61958312988281
2016-08-29,186.9904022216797,23.58772087097168,16.560178756713867,50.00394821166992,21.309661865234375,42.29554748535156,18.297136306762695,62.47205352783203,36.74626922607422
2016-08-30,186.68206787109375,23.506677627563477,16.709980010986328,49.868526458740234,21.237476348876953,42.047813415527344,18.105117797851562,62.2588005065918,36.54267120361328
2016-08-31,186.15115356445312,23.135217666625977,16.723600387573242,49.589229583740234,21.201377868652344,42.10200500488281,18.178970336914062,62.07111740112305,36.447669982910156
2016-09-01,186.15977478027344,23.06768035888672,16.6555118560791,49.63153839111328,21.269060134887695,42.117488861083984,18.086652755737305,61.909027099609375,36.520050048828125
2016-09-02,186.99896240234375,23.327701568603516,16.730405807495117,49.87699508666992,21.36380386352539,42.442665100097656,18.32668113708496,61.977264404296875,36.59244155883789
2016-09-06,187.5641326904297,23.678895950317383,16.703176498413086,49.73310089111328,21.47209930419922,42.535560607910156,18.526081085205078,62.19907760620117,36.660301208496094
2016-09-07,187.5469970703125,23.813961029052734,16.696361541748047,49.7923583984375,21.526241302490234,42.1639404296875,18.529775619506836,62.19907760620117,36.67839813232422
2016-09-08,187.1188507080078,24.259719848632812,16.682743072509766,49.75003433227539,21.350271224975586,41.93166732788086,18.592546463012695,62.250244140625,36.3616943359375
2016-09-09,182.6402130126953,23.53706169128418,16.369518280029297,48.345062255859375,20.8268985748291,40.79357147216797,17.89463233947754,61.00474548339844,35.48399353027344
2016-09-12,185.2605743408203,23.77006721496582,16.55336570739746,48.96291732788086,21.174306869506836,41.5600471496582,18.212200164794922,61.909027099609375,35.981658935546875
2016-09-13,182.59738159179688,23.091310501098633,16.260568618774414,48.243492126464844,21.020902633666992,41.04906463623047,17.961105346679688,61.08150100708008,35.47040939331055
2016-09-14,182.52890014648438,22.817779541015625,16.21971321105957,48.201171875,21.120166778564453,40.92518997192383,18.03126335144043,61.08150100708008,35.47494125366211
2016-09-15,184.35284423828125,23.101449966430664,16.315046310424805,48.582035064697266,21.467578887939453,41.258113861083984,18.16789436340332,61.71278762817383,35.73283004760742
2016-09-16,183.6401824951172,22.914926528930664,16.160419464111328,48.17526626586914,21.388748168945312,41.124114990234375,18.345165252685547,61.75476837158203,35.655601501464844
2016-09-19,183.6747283935547,22.901342391967773,16.263469696044922,48.38800048828125,21.34797477722168,41.03842544555664,18.52764320373535,61.5321044921875,35.62836456298828
2016-09-20,183.68321228027344,22.73487091064453,16.271879196166992,48.43055725097656,21.334381103515625,41.14748001098633,18.494131088256836,61.72049331665039,35.655601501464844
2016-09-21,185.74887084960938,23.261451721191406,16.37295150756836,49.060298919677734,21.574493408203125,41.37339782714844,18.870267868041992,62.33713912963867,36.00077438354492
2016-09-22,186.9193572998047,23.28864097595215,16.406639099121094,49.409210205078125,21.705888748168945,41.739540100097656,18.9857234954834,62.80813980102539,36.2641716003418
2016-09-23,185.89515686035156,22.979482650756836,16.322416305541992,49.119876861572266,21.515605926513672,41.552574157714844,18.970813751220703,62.611167907714844,36.182430267333984
2016-09-26,184.3890380859375,22.8775577545166,16.061323165893555,48.90711975097656,21.388748168945312,41.2020149230957,18.922405242919922,61.883209228515625,35.78278350830078
2016-09-27,185.53372192382812,22.72467803955078,16.187660217285156,49.24752426147461,21.624343872070312,41.37339782714844,18.676610946655273,62.319969177246094,36.14610290527344
2016-09-28,186.45460510253906,23.706501007080078,16.263469696044922,49.63046646118164,21.66511344909668,41.44351577758789,18.650541305541992,62.22577667236328,36.246028900146484
2016-09-29,184.76766967773438,23.665733337402344,16.036060333251953,49.23900604248047,21.53372573852539,41.03842544555664,18.371232986450195,61.12959289550781,36.059810638427734
2016-09-30,186.16201782226562,23.988487243652344,16.25503921508789,49.68153381347656,21.646989822387695,41.4513053894043,18.244613647460938,61.75476837158203,36.35047912597656
2016-10-03,185.71441650390625,23.97149658203125,16.179241180419922,49.72407913208008,21.58356475830078,41.186431884765625,17.987642288208008,61.703392028808594,36.32776641845703
2016-10-04,184.76766967773438,23.726890563964844,16.246618270874023,49.30708312988281,21.506546020507812,40.83587646484375,17.61150550842285,61.58349609375,36.20060729980469
2016-10-05,185.58529663085938,24.09040069580078,16.507707595825195,49.62196731567383,21.58356475830078,40.79692459106445,17.574264526367188,61.823280334472656,36.35047912597656
2016-10-06,185.71441650390625,24.12778091430664,16.53297233581543,49.62196731567383,21.633398056030273,40.87484359741211,17.57054328918457,61.5920524597168,36.37773132324219
2016-10-07,185.07757568359375,23.988487243652344,16.524555206298828,48.98371124267578,21.574493408203125,40.765769958496094,17.54819107055664,61.54923629760742,36.2142219543457
2016-10-10,186.04148864746094,24.36558723449707,16.60877799987793,49.03477478027344,21.72401237487793,40.765769958496094,17.693439483642578,61.83183670043945,36.27327346801758
2016-10-11,183.69187927246094,24.08700942993164,16.45716667175293,48.524166107177734,21.479358673095703,40.55543899536133,17.492334365844727,60.28176498413086,35.83275604248047
2016-10-12,183.9329071044922,23.985082626342773,16.440326690673828,48.617794036865234,21.515605926513672,40.78134536743164,17.66364288330078,59.999149322509766,36.00077438354492
2016-10-13,183.33041381835938,23.852590560913086,16.280309677124023,48.60076141357422,21.379690170288086,40.78914260864258,17.883371353149414,60.02483367919922,35.86906814575195
2016-10-14,183.42506408691406,23.71329689025879,16.356107711791992,48.702884674072266,21.46123695373535,40.79692459106445,17.78281593322754,59.62232971191406,35.82819366455078
2016-10-17,182.78819274902344,23.59778594970703,16.280309677124023,48.575233459472656,21.415929794311523,40.6021728515625,17.879642486572266,59.42536544799805,35.53300094604492
2016-10-18,183.9329071044922,23.692909240722656,16.41506576538086,48.67736053466797,21.53372573852539,40.726810455322266,18.03233528137207,60.136173248291016,35.76915740966797
2016-10-19,184.42343139648438,24.029251098632812,16.558242797851562,48.830535888671875,21.574493408203125,40.493106842041016,17.991369247436523,59.913509368896484,35.92811965942383
2016-10-20,184.07920837402344,24.002079010009766,16.558242797851562,48.56670379638672,21.474828720092773,40.46974563598633,17.980201721191406,60.19613265991211,35.85999298095703
2016-10-21,184.16526794433594,23.84579849243164,16.549821853637695,48.49863815307617,21.53372573852539,40.6878662109375,17.87592124938965,59.69941329956055,36.14610290527344
2016-10-24,184.948486328125,23.774457931518555,16.60034942626953,48.59223937988281,21.742136001586914,40.95272445678711,17.942949295043945,59.58808135986328,36.404964447021484
2016-10-25,184.32876586914062,23.665733337402344,16.58350944519043,48.464603424072266,21.66511344909668,41.100738525390625,18.0546817779541,59.416770935058594,35.97806930541992
2016-10-26,183.9586944580078,23.720096588134766,16.6845760345459,48.634803771972656,21.54278564453125,41.04621124267578,18.099365234375,59.05711364746094,35.82365036010742
2016-10-27,183.4680938720703,23.63176155090332,16.7266902923584,48.30290603637695,21.515605926513672,40.8592414855957,17.991369247436523,59.3311653137207,35.52391815185547
2016-10-28,182.92587280273438,23.567218780517578,16.650880813598633,48.59223937988281,21.492952346801758,41.03063201904297,18.047229766845703,58.04656219482422,35.44216537475586
2016-10-31,182.93450927734375,23.312421798706055,16.625619888305664,48.68586730957031,21.483888626098633,41.131900787353516,18.408475875854492,57.6868896484375,35.46941375732422
2016-11-01,181.60906982421875,23.315813064575195,16.558242797851562,48.26886749267578,21.29813575744629,40.95272445678711,18.07329750061035,57.378578186035156,35.21963119506836
2016-11-02,180.51600646972656,23.057621002197266,16.448755264282227,48.09015655517578,21.162220001220703,40.85144805908203,17.84613037109375,57.078834533691406,35.00617980957031
2016-11-03,179.68980407714844,23.149343490600586,16.465600967407227,48.01357650756836,20.958349227905273,40.571014404296875,17.913166046142578,56.539306640625,34.915340423583984
2016-11-04,179.49180603027344,23.023645401000977,16.41506576538086,48.056121826171875,20.922100067138672,40.20486068725586,17.857297897338867,56.93324279785156,34.84720993041992
2016-11-07,183.45089721679688,23.519655227661133,16.8277530670166,49.23900604248047,21.375158309936523,40.88261032104492,18.170129776000977,58.38911819458008,35.65108108520508
2016-11-08,184.27716064453125,23.55023193359375,16.836177825927734,49.536861419677734,21.479358673095703,41.05400848388672,18.311647415161133,58.551849365234375,35.79639434814453
2016-11-09,186.23080444335938,23.934125900268555,17.552064895629883,50.779327392578125,21.45217514038086,40.493106842041016,17.637571334838867,60.61573791503906,35.86906814575195
2016-11-10,186.69554138183594,24.03604507446289,18.200584411621094,51.860103607177734,21.10785484313965,39.4102783203125,17.213022232055664,61.28373336791992,36.00077438354492
2016-11-11,186.26527404785156,23.59778594970703,18.251131057739258,51.95370864868164,21.17128562927246,39.371334075927734,17.142263412475586,60.36741638183594,36.20515060424805
2016-11-14,186.41152954101562,23.73029136657715,18.697500228881836,52.17497253417969,20.849613189697266,39.301231384277344,17.131092071533203,60.178985595703125,36.20969009399414
2016-11-15,187.86614990234375,24.399559020996094,18.6806640625,52.37070083618164,21.144100189208984,39.542724609375,17.406675338745117,60.35027313232422,36.35047912597656
2016-11-16,187.5132293701172,24.22968864440918,18.411151885986328,52.072845458984375,21.338911056518555,39.550506591796875,17.287506103515625,60.09334945678711,36.55031204223633
2016-11-17,188.47718811035156,24.06662368774414,18.663818359375,52.183475494384766,21.474828720092773,39.48038864135742,17.291231155395508,60.333160400390625,36.99082565307617
2016-11-18,188.05545043945312,24.16514015197754,18.663818359375,52.16646194458008,21.456707000732422,39.340171813964844,17.239091873168945,59.690853118896484,36.877296447753906
2016-11-21,189.4755401611328,24.73929214477539,18.7311954498291,52.447296142578125,21.674175262451172,39.60503387451172,17.42157554626465,59.90492248535156,37.11798858642578
2016-11-22,189.84567260742188,24.72570037841797,18.73961639404297,52.68556213378906,21.742136001586914,39.80758285522461,17.48860740661621,59.03998565673828,37.55851745605469
2016-11-23,189.9488983154297,24.82762908935547,18.849103927612305,53.0770378112793,21.656055450439453,39.58946228027344,17.313570022583008,59.27122116088867,37.59486389160156
2016-11-25,190.65469360351562,24.705324172973633,18.874372482299805,53.36638641357422,21.746665954589844,39.901065826416016,17.563091278076172,59.50244903564453,37.68568801879883
2016-11-28,189.7595672607422,24.36219024658203,18.655391693115234,53.00042724609375,21.764785766601562,39.986759185791016,17.90199089050293,59.05711364746094,37.385948181152344
2016-11-29,190.12960815429688,24.063228607177734,18.705928802490234,53.04301071166992,21.778371810913086,40.041290283203125,17.976470947265625,59.442481994628906,37.48585891723633
2016-11-30,189.67349243164062,25.286266326904297,18.958595275878906,53.1110725402832,21.5201358795166,39.40250015258789,17.410400390625,58.87727737426758,37.1724853515625
2016-12-01,188.97637939453125,25.347414016723633,19.287065505981445,53.45998001098633,21.076147079467773,39.14541244506836,17.27260971069336,58.4490852355957,37.190650939941406
2016-12-02,189.0709991455078,25.422155380249023,19.07651138305664,53.45146942138672,21.153160095214844,39.394718170166016,17.429025650024414,58.58609390258789,36.98629379272461
2016-12-05,190.20712280273438,25.64637565612793,19.30390739440918,53.40892791748047,21.357036590576172,39.44144058227539,17.45136070251465,58.48332595825195,37.3904914855957
2016-12-06,190.80958557128906,25.59880256652832,19.47235679626465,53.511043548583984,21.42046546936035,39.55829620361328,17.41785430908203,58.64604949951172,37.476776123046875
2016-12-07,193.30555725097656,25.80265235900879,19.775562286376953,54.5067253112793,21.828210830688477,40.12696838378906,17.6450252532959,58.140769958496094,38.203426361083984
2016-12-08,193.77890014648438,25.941946029663086,19.960859298706055,54.20034408569336,21.8825740814209,39.963382720947266,17.67481803894043,58.25209045410156,38.203426361083984
2016-12-09,194.94935607910156,26.023479461669922,20.00296401977539,54.44713592529297,22.04115104675293,40.53984832763672,17.861024856567383,58.96290588378906,38.28971862792969
2016-12-12,194.7256317138672,26.14578628540039,19.809249877929688,54.25141906738281,21.973190307617188,40.703453063964844,18.047229766845703,59.24553680419922,37.9718017578125
2016-12-13,196.02523803710938,26.441354751586914,19.859783172607422,54.17482376098633,22.249561309814453,40.890403747558594,18.233436584472656,59.725101470947266,38.312416076660156
2016-12-14,194.4071807861328,25.911365509033203,19.767135620117188,53.630184173583984,22.172536849975586,40.44636917114258,17.857297897338867,59.416770935058594,38.053550720214844
2016-12-15,195.20755004882812,25.96912384033203,19.935583114624023,53.68974304199219,22.272205352783203,40.61775588989258,17.98392105102539,59.802188873291016,37.962711334228516
2016-12-16,194.82583618164062,26.130325317382812,19.76382827758789,53.58186721801758,22.11112403869629,40.850074768066406,18.203140258789062,59.849483489990234,37.77633285522461
2016-12-19,195.24998474121094,26.01078987121582,19.77229118347168,53.88154220581055,22.27039337158203,40.92854309082031,18.270824432373047,59.60005569458008,37.876834869384766
2016-12-20,196.00315856933594,25.952730178833008,20.017650604248047,54.189788818359375,22.352296829223633,40.850074768066406,18.29338836669922,59.55703353881836,38.17835998535156
2016-12-21,195.45777893066406,25.99371910095215,19.966890335083008,53.984291076660156,22.306787490844727,40.84221267700195,18.218177795410156,59.22156524658203,38.16007614135742
2016-12-22,195.1201629638672,26.09958839416504,19.9161319732666,53.88154220581055,22.261289596557617,40.779422760009766,18.282100677490234,59.29899215698242,37.74892807006836
2016-12-23,195.40591430664062,26.075674057006836,19.94996452331543,53.93292236328125,22.28403663635254,40.8579216003418,18.278345108032227,59.74626922607422,37.666683197021484
2016-12-27,195.8906707763672,26.133737564086914,19.975343704223633,54.04422378540039,22.375045776367188,40.850074768066406,18.29338836669922,59.86668014526367,37.81288146972656
2016-12-28,194.2716827392578,25.850271224975586,19.77229118347168,53.47914123535156,22.17483139038086,40.59891891479492,18.120418548583984,59.41082000732422,37.5524787902832
2016-12-29,194.22845458984375,25.79904556274414,19.628469467163086,53.461997985839844,22.179372787475586,40.78728103637695,18.364824295043945,59.51401138305664,37.502220153808594
2016-12-30,193.51852416992188,25.72390365600586,19.67076873779297,53.27364730834961,22.00645637512207,40.583221435546875,18.263301849365234,59.29899215698242,37.18700408935547
2017-01-03,194.99893188476562,26.01420783996582,19.8907470703125,53.59042739868164,22.202131271362305,40.73234558105469,18.218177795410156,60.0731315612793,37.406280517578125
2017-01-04,196.15904235839844,25.959564208984375,20.051496505737305,53.90724182128906,22.279489517211914,40.73234558105469,18.285865783691406,60.54619216918945,37.904232025146484
2017-01-05,196.00315856933594,25.894668579101562,19.848440170288086,53.753108978271484,22.315895080566406,40.865760803222656,18.304664611816406,60.85586929321289,37.876834869384766
2017-01-06,196.70449829101562,25.9185733795166,19.9161319732666,54.061363220214844,22.479713439941406,40.904998779296875,18.36107063293457,61.02788543701172,38.06413650512695
2017-01-09,196.05516052246094,25.542898178100586,19.78075408935547,53.64181900024414,22.475154876708984,40.57536697387695,18.120418548583984,61.28594970703125,38.032161712646484
2017-01-10,196.05516052246094,25.310657501220703,19.823062896728516,53.864418029785156,22.479713439941406,40.37132263183594,18.064010620117188,61.5009880065918,38.169219970703125
2017-01-11,196.60919189453125,25.58387565612793,19.94996452331543,54.146976470947266,22.584375381469727,40.44980239868164,18.25202178955078,60.88166809082031,38.25144577026367
2017-01-12,196.1157684326172,25.478004455566406,19.78075408935547,53.92436981201172,22.529767990112305,40.41056823730469,18.26706314086914,60.94188690185547,38.214900970458984
2017-01-13,196.56593322753906,25.402870178222656,19.8907470703125,54.129852294921875,22.598020553588867,40.434104919433594,18.240739822387695,61.002098083496094,38.35651779174805
2017-01-17,195.87332153320312,25.559967041015625,19.416963577270508,53.7103157043457,22.51156234741211,41.00703430175781,18.44003677368164,60.69243240356445,38.42047882080078
2017-01-18,196.30621337890625,25.501907348632812,19.57770538330078,53.915794372558594,22.570722579956055,41.14830017089844,18.4174747467041,60.61503601074219,38.351951599121094
2017-01-19,195.5789794921875,25.36188507080078,19.493093490600586,54.30965042114258,22.538869857788086,40.99917984008789,18.255779266357422,60.22795104980469,38.233177185058594
2017-01-20,196.29750061035156,25.457517623901367,19.586164474487305,54.318206787109375,22.66172981262207,41.266021728515625,18.289623260498047,60.0731315612793,38.342811584472656
2017-01-23,195.78675842285156,25.187705993652344,19.459253311157227,54.01853561401367,22.70269012451172,41.25032043457031,18.195613861083984,59.823699951171875,38.37022399902344
2017-01-24,197.04209899902344,25.464344024658203,19.70461082458496,54.55794906616211,22.8437557220459,41.52500534057617,18.19186019897461,59.41082000732422,38.685447692871094
2017-01-25,198.74757385253906,25.5975341796875,20.03457260131836,55.13161087036133,23.062183380126953,41.51716995239258,18.19186019897461,59.96989059448242,38.92299270629883
2017-01-26,198.5398406982422,25.61802864074707,20.0853328704834,55.26005554199219,22.998470306396484,41.33665466308594,18.19938087463379,59.50543212890625,38.98237991333008
2017-01-27,198.2281494140625,25.351634979248047,20.00919532775879,55.21723937988281,23.089488983154297,41.10905456542969,18.195613861083984,59.99571228027344,38.85905456542969
2017-01-30,196.99880981445312,24.887155532836914,19.848440170288086,54.7463264465332,22.902912139892578,41.077667236328125,18.210664749145508,59.70325469970703,38.8133544921875
2017-01-31,196.98147583007812,24.89740562438965,19.721527099609375,54.2668342590332,22.789155960083008,41.27385711669922,18.492679595947266,60.65803909301758,38.75397872924805
2017-02-01,197.05938720703125,24.71297836303711,19.746915817260742,54.17266845703125,22.962072372436523,40.952083587646484,18.17306137084961,61.18271255493164,38.68087387084961
2017-02-02,197.18927001953125,24.853004455566406,19.67076873779297,54.06990051269531,22.916566848754883,41.32880401611328,18.364824295043945,61.16551971435547,38.64889907836914
2017-02-03,198.54847717285156,25.068174362182617,20.068410873413086,54.47233963012695,23.06673240661621,41.595645904541016,18.387393951416016,61.432159423828125,38.598655700683594
2017-02-06,198.19351196289062,24.856422424316406,19.975343704223633,54.54938888549805,23.080385208129883,41.368045806884766,18.34978485107422,61.5009880065918,38.48443603515625
2017-02-07,198.20220947265625,24.50464630126953,19.924585342407227,54.643585205078125,23.1713924407959,41.70551300048828,18.394906997680664,61.561180114746094,38.44789505004883
2017-02-08,198.46192932128906,24.562711715698242,19.789216995239258,54.566532135009766,23.21234893798828,41.87818145751953,18.575403213500977,61.46659469604492,38.685447692871094
2017-02-09,199.63931274414062,24.839345932006836,20.05995750427246,54.986053466796875,23.28515625,42.05084991455078,18.4174747467041,61.69023132324219,38.92757797241211
2017-02-10,200.4271240234375,25.027191162109375,20.119176864624023,55.42273712158203,23.353416442871094,42.08221435546875,18.534038543701172,61.810630798339844,39.16512680053711
2017-02-13,201.5179901123047,25.07499885559082,20.347606658935547,55.97927474975586,23.458080291748047,42.08221435546875,18.62428092956543,62.1890983581543,39.210819244384766
2017-02-14,202.32308959960938,25.156963348388672,20.58450698852539,56.004974365234375,23.535438537597656,42.09008026123047,18.488910675048828,62.67937469482422,39.43467330932617
2017-02-15,203.3793487548828,25.05792236328125,20.745254516601562,56.30463409423828,23.612794876098633,42.474647521972656,18.443796157836914,63.358917236328125,39.64025115966797
2017-02-16,203.20611572265625,24.716398239135742,20.69449234008789,56.32176208496094,23.667404174804688,42.52958297729492,18.6280460357666,63.27291488647461,39.43923568725586
2017-02-17,203.5264434814453,24.579782485961914,20.70295524597168,56.41594696044922,23.749311447143555,42.741477966308594,18.63932228088379,63.358917236328125,39.56715393066406
2017-02-21,204.73851013183594,24.74713897705078,20.804479598999023,56.698486328125,23.872188568115234,43.12605285644531,18.834854125976562,63.64277267456055,39.79558181762695
2017-02-22,204.5566864013672,24.371448516845703,20.821399688720703,56.54438018798828,23.89948081970215,43.13390350341797,18.913818359375,63.54814147949219,39.79558181762695
2017-02-23,204.69525146484375,24.473913192749023,20.821399688720703,56.17619323730469,23.89493179321289,43.23591995239258,19.109350204467773,64.01261901855469,39.52603530883789
2017-02-24,204.95494079589844,24.245088577270508,20.66065216064453,56.41594696044922,23.949542999267578,43.385047912597656,19.39888572692871,64.32227325439453,39.708770751953125
2017-02-27,205.27525329589844,24.45341682434082,20.77063751220703,56.62143325805664,23.935890197753906,43.1888313293457,19.289838790893555,64.6319580078125,39.754459381103516
2017-02-28,204.72122192382812,24.378284454345703,20.762176513671875,56.39024353027344,23.822118759155273,43.243770599365234,19.46656036376953,64.5029296875,39.45751953125
2017-03-01,207.5867919921875,24.866662979125977,21.35441780090332,57.34064483642578,24.15886688232422,43.44782257080078,19.293601989746094,65.14801788330078,39.900638580322266
2017-03-02,206.27951049804688,24.631017684936523,21.024459838867188,56.72418975830078,23.99959945678711,43.43997573852539,19.432727813720703,64.94160461425781,39.80471420288086
2017-03-03,206.40939331054688,24.586620330810547,21.125980377197266,56.78411102294922,24.054197311401367,43.27516555786133,19.372560501098633,65.19965362548828,39.74531936645508
2017-03-06,205.79469299316406,24.641263961791992,20.965232849121094,56.647125244140625,24.017799377441406,43.08681106567383,19.334962844848633,64.9502182006836,39.61741256713867
2017-03-07,205.18002319335938,24.422683715820312,20.906005859375,56.48445129394531,24.017799377441406,43.0318717956543,19.323678970336914,64.49429321289062,39.48949432373047
2017-03-08,204.799072265625,23.787443161010742,20.914466857910156,56.287506103515625,24.04509925842285,42.937686920166016,19.045421600341797,64.75235748291016,39.65394592285156
2017-03-09,205.05880737304688,23.944547653198242,20.990612030029297,56.0306396484375,24.04054832458496,43.008323669433594,19.004060745239258,65.10501861572266,39.61741256713867
2017-03-10,205.77735900878906,23.91039276123047,20.973691940307617,56.373130798339844,24.167964935302734,43.204524993896484,19.161991119384766,65.3544692993164,39.67680358886719
2017-03-13,205.8812713623047,23.91380500793457,21.024459838867188,56.33888626098633,24.190719604492188,43.23591995239258,19.218393325805664,65.30284118652344,39.78186798095703
2017-03-14,205.0934295654297,23.644001007080078,20.965232849121094,55.80803680419922,24.1361141204834,43.11036682128906,19.19959831237793,65.0620346069336,39.772727966308594
2017-03-15,206.86817932128906,24.169952392578125,20.931392669677734,56.441619873046875,24.2999324798584,43.4321403503418,19.507938385009766,65.87915802001953,39.98286819458008
2017-03-16,206.46136474609375,23.999183654785156,20.965232849121094,56.18476867675781,24.313587188720703,43.49492263793945,19.293601989746094,65.2426528930664,39.97831344604492
2017-03-17,206.09872436523438,23.98166275024414,20.75975799560547,56.491817474365234,24.366113662719727,43.376564025878906,19.409910202026367,64.88350677490234,40.0291748046875
2017-03-20,205.87266540527344,23.94730567932129,20.58994483947754,56.38861083984375,24.388959884643555,43.46335983276367,19.281105041503906,64.78855895996094,39.93295669555664
2017-03-21,203.2294158935547,23.778959274291992,20.012575149536133,55.52850341796875,24.032649993896484,43.42390823364258,19.553884506225586,64.27922821044922,39.428924560546875
2017-03-22,203.7075958251953,23.744598388671875,19.970121383666992,55.7263298034668,24.183391571044922,43.337120056152344,19.648609161376953,64.29651641845703,39.47474670410156
2017-03-23,203.49020385742188,23.648395538330078,20.012575149536133,55.64890670776367,24.11944007873535,43.24245071411133,19.587989807128906,64.09796905517578,39.566383361816406
2017-03-24,203.3424072265625,23.55562973022461,19.987110137939453,55.502689361572266,24.137710571289062,43.155662536621094,19.65997314453125,64.13248443603516,39.662601470947266
2017-03-27,203.13372802734375,23.44568634033203,19.91068458557129,55.30487823486328,24.137710571289062,43.11623001098633,19.584192276000977,64.30512237548828,39.64884948730469
2017-03-28,204.61195373535156,23.778959274291992,20.182390213012695,55.88974380493164,24.31130599975586,43.19511795043945,19.56904411315918,64.34831237792969,39.95126724243164
2017-03-29,204.80316162109375,24.1053524017334,20.05503273010254,55.88113784790039,24.3524112701416,43.274009704589844,19.516000747680664,64.36556243896484,40.189552307128906
2017-03-30,205.4552764892578,24.09847640991211,20.3182430267334,56.19078826904297,24.398094177246094,43.187232971191406,19.36444664001465,64.37418365478516,40.29492950439453
2017-03-31,204.9770965576172,24.016027450561523,20.148427963256836,55.95854568481445,24.3524112701416,43.06100082397461,19.440229415893555,64.19292449951172,40.29951477050781
2017-04-03,204.6205596923828,23.974788665771484,20.10597038269043,55.838138580322266,24.329570770263672,42.989986419677734,19.436431884765625,64.24471282958984,40.1391487121582
2017-04-04,204.7510223388672,24.1500186920166,20.080503463745117,55.98435592651367,24.347843170166016,43.11623001098633,19.497058868408203,64.210205078125,40.074989318847656
2017-04-05,204.14234924316406,24.07443618774414,19.927663803100586,55.803741455078125,24.247352600097656,43.03731918334961,19.60693359375,64.0116195678711,39.9787712097168
2017-04-06,204.71617126464844,24.266830444335938,20.05503273010254,55.95854568481445,24.251914978027344,43.03731918334961,19.55767250061035,64.12385559082031,40.10249328613281
2017-04-07,204.50753784179688,24.174070358276367,19.970121383666992,56.01876449584961,24.238208770751953,43.155662536621094,19.474327087402344,64.23607635498047,39.983360290527344
2017-04-10,204.62925720214844,24.35616683959961,19.91917610168457,56.156375885009766,24.192537307739258,43.28189468383789,19.5084228515625,64.11522674560547,40.129981994628906
2017-04-11,204.3858184814453,24.35959243774414,19.8597412109375,56.23377990722656,24.101171493530273,43.29768753051758,19.50084114074707,64.02888488769531,40.09790802001953
2017-04-12,203.49020385742188,24.25651741027832,19.698423385620117,55.459693908691406,24.01894187927246,43.46335983276367,19.644821166992188,64.02888488769531,39.937530517578125
2017-04-13,202.16851806640625,23.813308715820312,19.443696975708008,55.06403732299805,23.923006057739258,43.266117095947266,19.580411911010742,63.864864349365234,39.658023834228516
2017-04-17,203.95974731445312,23.864850997924805,19.7833251953125,55.666114807128906,24.14227867126465,43.57381057739258,19.667543411254883,64.09796905517578,40.06582260131836
2017-04-18,203.35108947753906,23.64152717590332,19.59653091430664,55.48550033569336,24.137710571289062,43.771053314208984,19.713010787963867,63.39870071411133,40.07041549682617
2017-04-19,202.9772186279297,23.294509887695312,19.537099838256836,55.53710174560547,24.11944007873535,43.605369567871094,19.576623916625977,63.58863067626953,40.1070671081543
2017-04-20,204.62925720214844,23.40789031982422,19.868234634399414,56.207984924316406,24.338706970214844,43.51858901977539,19.50084114074707,63.985740661621094,40.52862548828125
2017-04-21,203.97715759277344,23.291074752807617,19.664459228515625,56.25959777832031,24.2884578704834,43.39234924316406,19.59934425354004,63.60588836669922,40.43697738647461
2017-04-24,206.22039794921875,23.428503036499023,20.10597038269043,57.05949020385742,24.576248168945312,43.78682327270508,19.70164680480957,64.23607635498047,40.69816970825195
2017-04-25,207.4203338623047,23.62778091430664,20.284278869628906,57.334720611572266,24.704153060913086,43.96040344238281,19.675128936767578,64.51234436035156,41.01890182495117
2017-04-26,207.28997802734375,23.548763275146484,20.26729393005371,57.343326568603516,24.676746368408203,43.605369567871094,19.6145076751709,64.86627197265625,41.21135711669922
2017-04-27,207.46385192871094,23.291074752807617,20.17389678955078,57.32612609863281,24.77724266052246,43.55013656616211,19.68270492553711,65.00438690185547,41.43128967285156
2017-04-28,207.01171875,23.308250427246094,19.97861099243164,57.05949020385742,24.84119987487793,43.53435516357422,19.587989807128906,65.17704772949219,41.2663459777832
2017-05-01,207.5333709716797,23.242969512939453,20.10597038269043,56.8874626159668,25.02849006652832,43.36867904663086,19.47052764892578,65.32381439208984,41.321319580078125
2017-05-02,207.61170959472656,23.12615966796875,20.080503463745117,57.16270446777344,25.08330726623535,43.07676696777344,19.493270874023438,65.50509643554688,41.367149353027344
2017-05-03,207.35951232910156,23.191434860229492,20.2418270111084,57.20570373535156,25.037626266479492,43.11623001098633,19.42506980895996,65.18567657470703,41.124290466308594
2017-05-04,207.6029815673828,22.76540756225586,20.275787353515625,57.265926361083984,25.01934814453125,43.44757843017578,19.493270874023438,65.61732482910156,41.06014633178711
2017-05-05,208.42030334472656,23.12615966796875,20.2418270111084,57.558353424072266,25.110713958740234,43.56592559814453,19.59934425354004,65.5827865600586,41.31673812866211
2017-05-08,208.3855438232422,23.291074752807617,20.224842071533203,57.40353775024414,25.220346450805664,43.55013656616211,19.591773986816406,65.17704772949219,41.39463424682617
2017-05-09,208.1942138671875,23.098669052124023,20.148427963256836,57.48093795776367,25.252330780029297,43.39234924316406,19.447805404663086,65.25475311279297,41.632904052734375
2017-05-10,208.56814575195312,23.404457092285156,20.216350555419922,57.36052703857422,25.34825325012207,43.42390823364258,19.47810935974121,65.06483459472656,41.490875244140625
2017-05-11,208.14212036132812,23.356355667114258,20.088993072509766,57.343326568603516,25.3162784576416,43.487022399902344,19.504629135131836,65.099365234375,41.24341583251953
2017-05-12,207.7942352294922,23.277328491210938,20.004087448120117,57.02507781982422,25.380231857299805,43.360801696777344,19.59934425354004,64.98712158203125,41.183860778808594
2017-05-15,208.94204711914062,23.459430694580078,20.15691566467285,57.29171371459961,25.521841049194336,43.502803802490234,19.68270492553711,65.41011047363281,41.193023681640625
2017-05-16,208.750732421875,23.342613220214844,20.216350555419922,57.23150634765625,25.64061164855957,43.46335983276367,19.538728713989258,65.15978240966797,41.05097579956055
2017-05-17,205.04664611816406,23.112417221069336,19.579551696777344,56.08756637573242,24.941692352294922,43.400245666503906,19.587989807128906,64.30512237548828,40.38657760620117
2017-05-18,205.87266540527344,23.10554313659668,19.655967712402344,56.164981842041016,25.087871551513672,43.43179702758789,19.65618896484375,64.59002685546875,40.620269775390625
2017-05-19,207.21173095703125,23.390710830688477,19.825780868530273,56.90468215942383,25.23404884338379,43.668487548828125,19.731962203979492,64.77130126953125,40.89518356323242
2017-05-22,208.26377868652344,23.339176177978516,19.87672233581543,57.343326568603516,25.435043334960938,43.913063049316406,19.90245246887207,64.9439468383789,41.101375579833984
2017-05-23,208.72462463378906,23.39414405822754,20.02955436706543,57.46372604370117,25.480722427368164,43.96040344238281,19.955501556396484,65.15978240966797,40.945587158203125
2017-05-24,209.2115478515625,23.270463943481445,20.02106475830078,57.53255081176758,25.585790634155273,44.13397216796875,20.06916046142578,65.32381439208984,41.09222412109375
2017-05-25,210.2115478515625,22.847862243652344,20.05503273010254,57.91100311279297,25.768518447875977,44.410099029541016,20.232074737548828,65.63457489013672,41.45419692993164
2017-05-26,210.16802978515625,22.885652542114258,20.046539306640625,57.97980880737305,25.75481414794922,44.57579040527344,20.232074737548828,65.51371765136719,41.57792282104492
2017-05-30,209.98545837402344,22.579872131347656,19.91068458557129,57.962615966796875,25.864450454711914,44.55999755859375,20.296489715576172,65.41875457763672,41.6099967956543
2017-05-31,209.93325805664062,22.483667373657227,19.74087142944336,58.07441711425781,25.823339462280273,44.68623352050781,20.398786544799805,65.67776489257812,41.719970703125
2017-06-01,211.60272216796875,22.624536514282227,19.987110137939453,58.435665130615234,25.887287139892578,45.04915237426758,20.542757034301758,66.40289306640625,42.114036560058594
2017-06-02,212.30694580078125,22.363420486450195,19.91068458557129,58.66789245605469,26.124820709228516,45.18327331542969,20.56549072265625,66.83452606201172,42.26523208618164
2017-06-05,212.15052795410156,22.404644012451172,19.94464683532715,58.46147155761719,26.14767074584961,45.23060989379883,20.501083374023438,66.64459991455078,42.150672912597656
2017-06-06,211.47227478027344,22.66920280456543,19.8597412109375,58.06581497192383,26.097415924072266,45.12016677856445,20.455615997314453,66.4805679321289,41.7886848449707
2017-06-07,211.86355590820312,22.349672317504883,20.012575149536133,57.997005462646484,26.179645538330078,45.10437774658203,20.523813247680664,66.6618881225586,41.86200714111328
2017-06-08,211.96788024902344,22.28439712524414,20.2418270111084,58.18623352050781,26.239025115966797,44.765132904052734,20.353321075439453,66.47193908691406,41.5916748046875
2017-06-09,211.6461944580078,22.82037353515625,20.6239070892334,58.40986633300781,25.59036636352539,44.709903717041016,20.334375381469727,66.92086791992188,41.40837860107422
2017-06-12,211.60272216796875,22.981855392456055,20.66636085510254,58.62488555908203,25.439619064331055,44.7020149230957,20.296489715576172,66.83452606201172,41.385467529296875
2017-06-13,212.63742065429688,23.153648376464844,20.776742935180664,58.8657112121582,25.62233543395996,44.773014068603516,20.34574317932129,66.97264862060547,41.642066955566406
2017-06-14,212.3678741455078,22.734485626220703,20.810699462890625,58.805503845214844,25.499000549316406,45.05704116821289,20.455615997314453,67.29204559326172,41.619163513183594
2017-06-15,211.95919799804688,22.562692642211914,20.72579002380371,59.15814971923828,25.38479995727539,44.95447540283203,20.57306480407715,67.2229995727539,41.44503402709961
2017-06-16,212.00552368164062,22.935964584350586,20.70278549194336,59.351749420166016,25.34030532836914,44.482234954833984,20.667409896850586,67.3339614868164,41.433555603027344
2017-06-19,213.77049255371094,22.790666580200195,20.915864944458008,59.71467590332031,25.716394424438477,44.6968879699707,20.598655700683594,68.03596496582031,41.75067901611328
2017-06-20,212.3288116455078,22.500080108642578,20.736875534057617,59.075218200683594,25.510013580322266,44.5219841003418,20.610118865966797,68.26132202148438,41.22673416137695
2017-06-21,212.2764129638672,22.1368350982666,20.566410064697266,58.67768478393555,25.652185440063477,44.394771575927734,20.48789405822754,69.12799072265625,41.291072845458984
2017-06-22,212.18026733398438,22.12299919128418,20.43856430053711,58.55668640136719,25.66136360168457,44.100616455078125,20.392404556274414,69.84737396240234,41.194557189941406
2017-06-23,212.4336700439453,22.27175521850586,20.36185646057129,58.77273178100586,25.821887969970703,44.116519927978516,20.323654174804688,69.74336242675781,41.14399337768555
2017-06-26,212.57342529296875,22.22332191467285,20.472658157348633,58.790016174316406,25.684289932250977,44.291412353515625,20.461158752441406,69.67403411865234,41.291072845458984
2017-06-27,210.8609619140625,22.18873405456543,20.574934005737305,58.34928894042969,25.262338638305664,43.9098014831543,20.231983184814453,69.04131317138672,40.96474838256836
2017-06-28,212.74818420410156,22.309810638427734,20.898813247680664,58.87642288208008,25.578807830810547,44.06880569458008,20.037187576293945,69.40535736083984,41.37839889526367
2017-06-29,210.87840270996094,22.35824203491211,21.043710708618164,58.37520980834961,25.12015724182129,43.5997428894043,19.876771926879883,68.77265167236328,40.978538513183594
2017-06-30,211.27159118652344,22.458560943603516,21.02666473388672,58.85913848876953,25.09722900390625,43.679237365722656,19.846210479736328,68.67733764648438,41.194557189941406
2017-07-03,211.62985229492188,22.8909912109375,21.333498001098633,59.222110748291016,24.92293930053711,43.63948440551758,19.754549026489258,68.79866027832031,41.15319061279297
2017-07-05,212.11911010742188,22.427427291870117,21.367591857910156,59.39494323730469,25.170610427856445,43.60768508911133,19.659053802490234,69.20600891113281,41.052085876464844
2017-07-06,210.17941284179688,22.178346633911133,21.205652236938477,58.87642288208008,24.9412841796875,43.361236572265625,19.651418685913086,68.31329345703125,40.63383865356445
2017-07-07,211.54241943359375,22.14375877380371,21.350547790527344,59.33445358276367,25.23023223876953,43.33737564086914,19.666696548461914,68.65998840332031,40.996925354003906
2017-07-10,211.76963806152344,22.21640396118164,21.324975967407227,59.50727462768555,25.413694381713867,43.0352668762207,19.651418685913086,68.52999114990234,41.08424377441406
2017-07-11,211.6123046875,22.33748435974121,21.137462615966797,59.4554328918457,25.46872901916504,42.91600799560547,19.63996124267578,68.45197296142578,41.00152587890625
2017-07-12,213.2025146484375,22.399749755859375,21.205652236938477,59.78382873535156,25.798959732055664,43.15451431274414,19.80802345275879,68.91998291015625,41.31405258178711
2017-07-13,213.56082153320312,22.489696502685547,21.333498001098633,59.740604400634766,25.84940528869629,43.162471771240234,19.739273071289062,68.98065948486328,41.31864929199219
2017-07-14,214.55685424804688,22.624614715576172,21.2397403717041,59.99986267089844,26.078739166259766,43.50432586669922,19.830934524536133,69.44869995117188,41.451927185058594
2017-07-17,214.53065490722656,22.596940994262695,21.171554565429688,59.965301513671875,26.083322525024414,43.55202865600586,19.922603607177734,69.19734191894531,41.55304718017578
2017-07-18,214.64418029785156,22.489696502685547,21.137462615966797,59.827022552490234,26.20256233215332,43.55202865600586,19.979900360107422,69.24932861328125,41.74150085449219
2017-07-19,215.80633544921875,22.818347930908203,21.145984649658203,59.887535095214844,26.3355712890625,43.71103286743164,20.06392478942871,69.8127212524414,41.94371795654297
2017-07-20,215.90243530273438,22.74915885925293,21.137462615966797,59.55048370361328,26.390615463256836,43.718994140625,20.20906639099121,70.27204132080078,41.856380462646484
2017-07-21,215.71022033691406,22.524290084838867,21.137462615966797,59.43812942504883,26.358509063720703,43.79054641723633,20.354209899902344,70.19404602050781,41.88396072387695
2017-07-24,215.6577911376953,22.4827823638916,21.23121452331543,59.30851364135742,26.42271614074707,43.6474494934082,20.163230895996094,70.16806030273438,41.74150085449219
2017-07-25,216.18199157714844,22.766447067260742,21.495433807373047,59.23073196411133,26.37226676940918,43.949546813964844,20.04865264892578,69.66537475585938,42.03562927246094
2017-07-26,216.1907501220703,22.790666580200195,21.350547790527344,59.30851364135742,26.47317123413086,43.94159698486328,20.239622116088867,69.43136596679688,42.017242431640625
2017-07-27,215.98980712890625,23.02244758605957,21.23121452331543,58.971492767333984,26.37226676940918,44.370933532714844,20.289276123046875,68.95468139648438,42.3251838684082
2017-07-28,215.73643493652344,22.994775772094727,21.23121452331543,59.10975646972656,26.344743728637695,43.997257232666016,20.25872039794922,69.30135345458984,42.00346374511719
2017-07-31,215.61410522460938,23.046661376953125,21.38463592529297,59.031986236572266,26.216325759887695,43.98134994506836,20.327476501464844,69.24064636230469,41.98967742919922
2017-08-01,216.09466552734375,23.043209075927734,21.538053512573242,58.85913848876953,26.34933090209961,43.933650970458984,20.44205665588379,69.08466339111328,42.06320571899414
2017-08-02,216.19949340820312,22.95672035217285,21.5721435546875,59.118412017822266,26.42271614074707,43.90185546875,20.5299072265625,68.92865753173828,41.94830322265625
2017-08-03,215.7801513671875,22.634994506835938,21.495433807373047,59.412227630615234,26.363100051879883,43.862083435058594,20.63303565979004,69.04131317138672,41.833404541015625
2017-08-04,216.17330932617188,22.707637786865234,21.640331268310547,59.524574279785156,26.42271614074707,43.74284362792969,20.541366577148438,68.88533020019531,41.83802032470703
2017-08-07,216.57518005371094,22.534666061401367,21.606239318847656,59.524574279785156,26.583240509033203,44.06880569458008,20.606298446655273,69.03266143798828,41.934513092041016
2017-08-08,216.0421905517578,22.4827823638916,21.546573638916016,59.34309005737305,26.546550750732422,43.90185546875,20.69032859802246,68.71199798583984,41.95750427246094
2017-08-09,216.0334930419922,22.503541946411133,21.546573638916016,59.36037063598633,26.532787322998047,43.97340774536133,20.58338737487793,68.78999328613281,41.71390914916992
2017-08-10,212.98411560058594,22.264833450317383,21.163040161132812,58.60852813720703,26.009933471679688,43.79054641723633,20.648311614990234,67.93196868896484,41.08884048461914
2017-08-11,213.2986602783203,22.119535446166992,21.07779884338379,58.643104553222656,26.18880844116211,43.82234573364258,20.526084899902344,68.1226577758789,41.300270080566406
2017-08-14,215.4131622314453,22.053813934326172,21.367591857910156,59.25667190551758,26.606178283691406,44.03700637817383,20.64449119567871,68.58198547363281,41.594417572021484
2017-08-15,215.38693237304688,21.970783233642578,21.38463592529297,59.127037048339844,26.64745330810547,44.25961685180664,20.759075164794922,68.58198547363281,41.21293258666992
2017-08-16,215.76255798339844,21.759767532348633,21.34202003479004,59.29125213623047,26.725425720214844,44.41067886352539,20.84310531616211,68.77265167236328,41.42436218261719
2017-08-17,212.3987274169922,21.451873779296875,20.97552490234375,58.26285934448242,26.20256233215332,44.00521469116211,20.69414520263672,67.91461181640625,40.762516021728516
2017-08-18,212.0666961669922,21.559112548828125,20.984046936035156,58.02954864501953,26.175048828125,43.88594436645508,20.816373825073242,67.60260009765625,40.560302734375
2017-08-21,212.232666015625,21.44841194152832,20.924381256103516,58.12459945678711,26.165874481201172,44.044952392578125,20.89276123046875,67.90596771240234,40.63383865356445
2017-08-22,214.45199584960938,21.590253829956055,21.154502868652344,58.790016174316406,26.555727005004883,44.05290985107422,20.9385929107666,68.72933197021484,41.07046127319336
2017-08-23,213.68310546875,21.683652877807617,21.086326599121094,58.23695373535156,26.49151611328125,43.925697326660156,21.00734519958496,68.20930480957031,40.72114944458008
2017-08-24,213.1851043701172,21.697490692138672,21.086326599121094,58.05546569824219,26.468578338623047,43.32147216796875,20.9920711517334,68.40864562988281,40.63383865356445
2017-08-25,213.68310546875,21.794353485107422,21.145984649658203,58.33199691772461,26.46399688720703,43.46458435058594,21.060819625854492,68.42597198486328,40.73493957519531
2017-08-28,213.6918487548828,21.697490692138672,21.009618759155273,58.29743194580078,26.514448165893555,43.33737564086914,21.09902000427246,68.78999328613281,40.75791931152344
2017-08-29,213.9364776611328,21.669816970825195,20.94143295288086,58.72087478637695,26.629104614257812,43.488433837890625,21.05318260192871,68.91998291015625,40.72114944458008
2017-08-30,214.9500732421875,21.68019676208496,21.02666473388672,58.962852478027344,26.821735382080078,43.48047637939453,20.9920711517334,69.27533721923828,41.01531219482422
2017-08-31,216.24322509765625,21.783977508544922,21.052230834960938,59.161624908447266,26.982271194458008,43.496395111083984,20.995891571044922,70.45406341552734,41.20834732055664
2017-09-01,216.5489959716797,21.994997024536133,21.11189079284668,59.21345520019531,26.959333419799805,43.70309066772461,20.930957794189453,70.40205383300781,41.39678955078125
2017-09-05,214.99371337890625,22.1160831451416,20.66016387939453,58.6171875,26.720842361450195,43.76670455932617,20.984432220458984,70.09868621826172,41.22673416137695
2017-09-06,215.72769165039062,22.47586441040039,20.711305618286133,58.67768478393555,26.743776321411133,43.949546813964844,20.888940811157227,70.43670654296875,41.48410415649414
2017-09-07,215.7014617919922,22.517370223999023,20.353330612182617,58.79863739013672,26.835500717163086,44.013153076171875,21.045541763305664,71.21674346923828,41.1255989074707
2017-09-08,215.4480743408203,22.27867889404297,20.540843963623047,58.997413635253906,26.61534881591797,43.798492431640625,21.144853591918945,71.53743743896484,40.98312759399414
2017-09-11,217.7459716796875,22.489696502685547,20.898813247680664,59.50727462768555,26.991439819335938,44.06880569458008,21.324371337890625,72.09211730957031,41.19914627075195
2017-09-12,218.47994995117188,22.62807273864746,21.145984649658203,59.79246139526367,27.055652618408203,44.16420364379883,20.96915626525879,72.24812316894531,41.382999420166016
2017-09-13,218.5847930908203,22.911746978759766,21.180082321166992,59.706031799316406,27.018959045410156,44.188072204589844,20.866025924682617,71.97941589355469,41.68172836303711
2017-09-14,218.5149383544922,23.02244758605957,21.137462615966797,59.991233825683594,26.92722511291504,44.100616455078125,21.04172134399414,72.07478332519531,41.4565315246582
2017-09-15,218.80911254882812,23.076772689819336,21.19993782043457,60.23950958251953,27.037240982055664,44.17741012573242,21.071359634399414,71.84425354003906,41.340301513671875
2017-09-18,219.27444458007812,23.17491912841797,21.448150634765625,60.578067779541016,27.060256958007812,44.24140930175781,20.855831146240234,71.82685852050781,41.197322845458984
2017-09-19,219.4939727783203,23.269550323486328,21.610759735107422,60.63884735107422,27.179927825927734,44.10540771484375,20.813499450683594,71.26145935058594,41.16041946411133
2017-09-20,219.57301330566406,23.42727279663086,21.739139556884766,61.08158874511719,27.069456100463867,43.681392669677734,20.659557342529297,71.33103942871094,41.29879379272461
2017-09-21,218.98468017578125,23.434280395507812,21.790494918823242,61.263893127441406,26.92216682434082,43.265380859375,20.655702590942383,70.9656753540039,41.229591369628906
2017-09-22,219.02859497070312,23.553455352783203,21.764816284179688,61.42015838623047,26.93597984313965,43.13738250732422,20.48636817932129,70.9656753540039,41.29879379272461
2017-09-25,218.58078002929688,23.893436431884766,21.739139556884766,61.42015838623047,26.618383407592773,43.44939422607422,20.67494773864746,70.75689697265625,41.21116256713867
2017-09-26,218.7125244140625,23.88292121887207,21.73057746887207,61.42015838623047,26.71504020690918,43.55339431762695,20.636463165283203,70.64382934570312,41.21577072143555
2017-09-27,219.5642547607422,23.984561920166016,21.99590492248535,61.4896125793457,26.986604690551758,43.2173957824707,20.359359741210938,70.61772918701172,41.441776275634766
2017-09-28,219.82763671875,24.005592346191406,22.030136108398438,61.454872131347656,27.01883316040039,43.2173957824707,20.432476043701172,70.67860412597656,41.39103698730469
2017-09-29,220.60037231445312,24.002092361450195,22.132841110229492,61.63719940185547,27.20294189453125,43.18538284301758,20.41708755493164,71.09615325927734,41.547855377197266
2017-10-02,221.55751037597656,23.995079040527344,22.32113265991211,62.06257247924805,27.244367599487305,43.10538101196289,20.451725006103516,71.81816864013672,41.626258850097656
2017-10-03,222.03164672851562,23.97054672241211,22.39816665649414,62.33169174194336,27.30881118774414,43.153377532958984,20.39399528503418,71.80077362060547,41.8015251159668
2017-10-04,222.29505920410156,23.95301628112793,22.295454025268555,62.314334869384766,27.2903995513916,43.289390563964844,20.597972869873047,72.14872741699219,42.01830291748047
2017-10-05,223.61215209960938,24.06167984008789,22.526546478271484,62.46193313598633,27.552762985229492,43.481388092041016,20.578731536865234,72.2009048461914,42.25353240966797
2017-10-06,223.3575439453125,23.858388900756836,22.552230834960938,62.45321273803711,27.594186782836914,43.04937744140625,20.563337326049805,72.10521697998047,42.30428695678711
2017-10-09,222.98873901367188,23.907461166381836,22.466638565063477,62.27961730957031,27.66322898864746,42.92937469482422,20.59027862548828,71.65288543701172,42.17052459716797
2017-10-10,223.57701110839844,23.928482055664062,22.569339752197266,62.375118255615234,27.690847396850586,43.305389404296875,20.790409088134766,71.81816864013672,42.129005432128906
2017-10-11,223.92825317382812,23.984561920166016,22.526546478271484,62.34038162231445,27.78290367126465,43.39338684082031,20.878921508789062,71.95734405517578,42.15206527709961
2017-10-12,223.59463500976562,23.896944046020508,22.355377197265625,62.670265197753906,27.71385955810547,43.57740783691406,20.9866886138916,71.87905883789062,41.8707160949707
2017-10-13,223.8668670654297,23.88292121887207,22.363927841186523,62.55741882324219,27.847347259521484,43.657405853271484,20.840442657470703,71.69637298583984,42.073665618896484
2017-10-16,224.16537475585938,23.93549346923828,22.50942039489746,62.62686538696289,27.9486083984375,43.67340850830078,20.794260025024414,71.38322448730469,42.129005432128906
2017-10-17,224.3234405517578,23.94951820373535,22.39816665649414,62.46193313598633,27.9486083984375,43.513389587402344,20.91741371154785,72.34010314941406,42.15206527709961
2017-10-18,224.54295349121094,23.781274795532227,22.517986297607422,62.48796844482422,28.017648696899414,43.457393646240234,20.878921508789062,72.4444808959961,42.03676223754883
2017-10-19,224.60440063476562,23.707672119140625,22.53510093688965,62.66160583496094,27.934799194335938,43.225379943847656,21.098297119140625,72.88814544677734,42.03676223754883
2017-10-20,225.7635040283203,23.75323486328125,22.80042266845703,63.33871841430664,28.123516082763672,43.12138366699219,21.113689422607422,72.96641540527344,42.13823699951172
2017-10-23,224.8854522705078,23.630565643310547,22.783308029174805,62.93939208984375,27.990034103393555,43.089378356933594,21.125242233276367,72.78373718261719,41.85227584838867
2017-10-24,225.280517578125,23.67612648010254,22.945920944213867,63.295326232910156,28.068279266357422,42.93736267089844,21.14448356628418,72.29661560058594,41.953731536865234
2017-10-25,224.16537475585938,23.511388778686523,22.808977127075195,62.670265197753906,27.91638946533203,42.81736373901367,21.0521183013916,72.19221496582031,41.792301177978516
2017-10-26,224.4551239013672,23.560462951660156,22.937366485595703,62.7570686340332,28.03145980834961,42.84937286376953,21.055967330932617,71.47020721435547,41.939903259277344
2017-10-27,226.290283203125,23.60251808166504,22.92024803161621,62.78312301635742,28.786331176757812,42.48136901855469,21.18682098388672,71.45281982421875,42.61790466308594
2017-10-30,225.44740295410156,23.72519874572754,22.82610511779785,62.34904479980469,28.850765228271484,42.1213493347168,21.190662384033203,70.68732452392578,42.424198150634766
2017-10-31,225.798583984375,23.80231285095215,22.76618766784668,62.097312927246094,28.975048065185547,42.47336196899414,21.213762283325195,70.55681610107422,42.42880630493164
2017-11-01,226.09718322753906,24.072193145751953,22.80042266845703,62.06257247924805,28.97964859008789,42.60935974121094,21.09444808959961,70.73080444335938,42.442649841308594
2017-11-02,226.1849365234375,24.002092361450195,23.014387130737305,62.41851043701172,28.99346160888672,42.50536346435547,21.171419143676758,70.40895080566406,42.1244010925293
2017-11-03,226.9401092529297,24.072193145751953,22.92024803161621,62.357730865478516,29.22360610961914,42.51335525512695,21.248395919799805,70.99176025390625,42.2950439453125
2017-11-06,227.2913055419922,24.622467041015625,22.894561767578125,62.39247131347656,29.288043975830078,42.057350158691406,21.16757583618164,70.7742919921875,42.60408020019531
2017-11-07,227.13330078125,24.59092903137207,22.577898025512695,62.48796844482422,29.301851272583008,42.52936553955078,21.421586990356445,70.92218017578125,42.35041427612305
2017-11-08,227.51962280273438,24.471759796142578,22.466638565063477,62.3837890625,29.462953567504883,42.99338150024414,21.436979293823242,71.08744049072266,42.396514892578125
2017-11-09,226.6942901611328,24.545358657836914,22.38960075378418,61.60245895385742,29.228199005126953,42.98537826538086,21.463926315307617,71.09615325927734,42.46109390258789
2017-11-10,226.62400817871094,24.415674209594727,22.32113265991211,61.68928146362305,29.228199005126953,43.425384521484375,21.363853454589844,70.63510131835938,42.60408020019531
2017-11-13,226.83473205566406,24.275480270385742,22.355377197265625,61.48093032836914,29.219003677368164,43.67340850830078,21.61786651611328,70.7047119140625,42.74706268310547
2017-11-14,226.30792236328125,23.88292121887207,22.34680938720703,61.31598663330078,29.15915870666504,43.82539749145508,21.88727569580078,70.41764068603516,42.78395462036133
2017-11-15,225.1751708984375,23.613035202026367,22.406723022460938,60.968746185302734,28.942827224731445,43.361392974853516,21.69869041442871,70.21756744384766,42.599449157714844
2017-11-16,227.08938598632812,23.518400192260742,22.415283203125,61.54169845581055,29.34787940979004,43.96141052246094,21.629411697387695,70.94827270507812,42.954620361328125
2017-11-17,226.42202758789062,23.63406753540039,22.38960075378418,61.203125,29.15915870666504,43.80939865112305,21.47931480407715,70.66991424560547,43.14372634887695
2017-11-20,226.80836486816406,23.57798957824707,22.4923095703125,61.48093032836914,29.269634246826172,43.76140213012695,21.41388511657715,70.3741455078125,43.22674560546875
2017-11-21,228.29234313964844,23.630565643310547,22.56077766418457,61.92367935180664,29.578022003173828,43.9054069519043,21.471614837646484,70.99176025390625,43.49424362182617
2017-11-22,228.0904541015625,23.72519874572754,22.44951629638672,61.99312973022461,29.522783279418945,43.84939956665039,21.471614837646484,70.9656753540039,43.535770416259766
2017-11-24,228.61727905273438,23.791793823242188,22.44095802307129,61.99312973022461,29.688491821289062,43.81740188598633,21.506258010864258,71.13095092773438,43.64646911621094
2017-11-27,228.50315856933594,23.549945831298828,22.42384147644043,62.097312927246094,29.688491821289062,43.84139633178711,21.59861946105957,71.19184112548828,43.678749084472656
2017-11-28,230.8212127685547,23.732206344604492,23.005828857421875,63.04357147216797,29.785152435302734,44.201419830322266,21.69869041442871,71.71377563476562,44.163047790527344
2017-11-29,230.68067932128906,23.861894607543945,23.399534225463867,63.599178314208984,29.126941680908203,44.43342208862305,21.71023178100586,72.07044982910156,44.35215377807617
2017-11-30,232.70028686523438,24.219396591186523,23.5535888671875,64.68433380126953,29.38469886779785,44.8414421081543,21.783363342285156,72.60977172851562,44.57814407348633
2017-12-01,232.21737670898438,24.42268943786621,23.604942321777344,63.885643005371094,29.23280906677246,44.95344161987305,21.71023178100586,72.46186828613281,44.559715270996094
2017-12-04,231.93641662597656,24.41217613220215,23.964406967163086,64.42388153076172,28.76331901550293,45.3774528503418,21.587081909179688,71.57460021972656,45.07627868652344
2017-12-05,231.1021728515625,24.307024002075195,23.836029052734375,63.87697219848633,28.77251625061035,45.305458068847656,21.31382179260254,71.45281982421875,44.81798553466797
2017-12-06,231.14610290527344,23.991575241088867,23.750444412231445,63.97247314453125,28.956632614135742,45.59346389770508,21.39464569091797,71.39191436767578,44.52741622924805
2017-12-07,231.87489318847656,24.06167984008789,23.827472686767578,64.56278228759766,29.13614845275879,45.1534423828125,21.433130264282227,71.40931701660156,44.642723083496094
2017-12-08,233.1393585205078,24.282487869262695,23.97296714782715,64.840576171875,29.274227142333984,45.2734375,21.502405166625977,72.20962524414062,44.854888916015625
2017-12-11,233.84181213378906,24.45773696899414,23.913061141967773,64.71035766601562,29.52739143371582,45.26544952392578,21.633264541625977,72.51408386230469,44.95174789428711
2017-12-12,234.2544708251953,24.39113998413086,24.152698516845703,64.7798080444336,29.518186569213867,45.2734375,21.263792037963867,72.80113983154297,44.97019958496094
2017-12-13,234.22825622558594,24.35608673095703,23.8531436920166,65.03157806396484,29.52739143371582,45.529457092285156,21.32151985168457,73.05341339111328,45.007110595703125
2017-12-14,233.27110290527344,24.268468856811523,23.69908905029297,64.5888442993164,29.490568161010742,45.329444885253906,21.294586181640625,72.3139877319336,45.145469665527344
2017-12-15,235.213623046875,24.246597290039062,23.912330627441406,65.0444564819336,29.826906204223633,45.843658447265625,21.372657775878906,73.1096420288086,45.340782165527344
2017-12-18,236.70516967773438,24.433595657348633,24.127290725708008,65.507080078125,30.090242385864258,45.819480895996094,21.13570213317871,73.1358413696289,45.74802780151367
2017-12-19,235.79615783691406,24.468875885009766,24.024110794067383,65.5245361328125,29.905447006225586,45.87590408325195,20.75113868713379,73.04850769042969,45.6878776550293
2017-12-20,235.67250061035156,24.814655303955078,23.981121063232422,65.74276733398438,29.896202087402344,45.79530715942383,20.587984085083008,72.81268310546875,45.599937438964844
2017-12-21,236.157958984375,25.34037208557129,24.18747901916504,65.79510498046875,29.836137771606445,45.763057708740234,20.34326171875,72.64675903320312,45.896141052246094
2017-12-22,236.09619140625,25.393291473388672,24.118694305419922,65.81259155273438,29.817665100097656,45.835601806640625,20.37433433532715,72.41094970703125,45.80819320678711
2017-12-26,235.81378173828125,25.615585327148438,24.04990577697754,65.88239288330078,29.618999481201172,45.940391540527344,20.253921508789062,72.42840576171875,45.91002655029297
2017-12-27,235.9285125732422,25.530899047851562,24.07569694519043,66.03950500488281,29.65134048461914,45.93231964111328,20.339372634887695,72.55072784423828,45.81745529174805
2017-12-28,236.4139404296875,25.569711685180664,24.1702823638916,66.17042541503906,29.70216178894043,45.85978317260742,20.4520263671875,72.65550231933594,45.94241714477539
2017-12-29,235.52252197265625,25.495615005493164,23.99831771850586,66.04824829101562,29.54508399963379,45.85173034667969,20.46367835998535,72.21007537841797,45.67399215698242
2018-01-02,237.20826721191406,25.915485382080078,24.006912231445312,66.44099426269531,29.910064697265625,45.569637298583984,20.273344039916992,73.02232360839844,46.36819076538086
2018-01-03,238.7086181640625,26.30360984802246,24.135892868041992,66.79888916015625,30.159543991088867,45.55351257324219,20.11407470703125,73.72100067138672,46.581092834472656
2018-01-04,239.71469116210938,26.46238136291504,24.359453201293945,67.28768157958984,30.312013626098633,45.68246841430664,19.947036743164062,73.82581329345703,46.733795166015625
2018-01-05,241.3122100830078,26.45178985595703,24.428239822387695,67.75028991699219,30.630794525146484,45.88396072387695,19.939266204833984,74.45464324951172,47.10405349731445
2018-01-08,241.7534637451172,26.61056137084961,24.393842697143555,68.02961730957031,30.746292114257812,45.99679946899414,20.1257266998291,74.18389129638672,47.15959167480469
2018-01-09,242.30072021484375,26.543529510498047,24.5830135345459,68.46602630615234,30.667747497558594,45.93231964111328,19.9276180267334,75.0572509765625,47.252159118652344
2018-01-10,241.929931640625,26.511770248413086,24.78936767578125,68.45729064941406,30.561487197875977,45.70664596557617,19.710081100463867,74.92626190185547,47.21975326538086
2018-01-11,243.6951141357422,27.05513572692871,24.909748077392578,69.33013153076172,30.686233520507812,45.64216995239258,19.636276245117188,75.2493896484375,47.988014221191406
2018-01-12,245.2837677001953,27.31622886657715,25.13331413269043,69.97603607177734,30.866413116455078,45.658287048339844,19.52362060546875,75.8258056640625,48.608158111572266
2018-01-16,244.44532775878906,26.970455169677734,25.06452178955078,69.34759521484375,30.746292114257812,45.86783981323242,19.480897903442383,76.20135498046875,48.26105499267578
2018-01-17,246.77528381347656,27.206850051879883,25.25369644165039,69.73164367675781,31.208295822143555,46.39173126220703,19.60131072998047,76.93499755859375,48.492462158203125
2018-01-18,246.3605194091797,26.98457145690918,25.219295501708984,69.3563003540039,31.263731002807617,46.254695892333984,19.47701072692871,76.95246887207031,48.4508056640625
2018-01-19,247.48138427734375,26.949277877807617,25.39986801147461,69.55708312988281,31.323795318603516,46.7705192565918,19.41874122619629,77.24066925048828,48.8719596862793
2018-01-22,249.49363708496094,27.53145980834961,25.60622787475586,69.55708312988281,31.628721237182617,47.12515640258789,19.44593620300293,77.7472152709961,49.41344451904297
2018-01-23,250.02308654785156,27.489116668701172,25.63202667236328,69.59197235107422,31.767309188842773,46.97201919555664,19.63239288330078,77.37166595458984,49.82994842529297
2018-01-24,249.92608642578125,27.415023803710938,25.803991317749023,69.5308837890625,31.5224552154541,47.06874084472656,19.511972427368164,77.59874725341797,50.042850494384766
2018-01-25,250.03189086914062,27.19979476928711,25.752403259277344,69.60071563720703,31.467025756835938,47.09291458129883,19.81496238708496,78.26252746582031,49.954917907714844
2018-01-26,252.92684936523438,27.347986221313477,25.94156837463379,70.40373229980469,31.965974807739258,47.31858444213867,19.82662010192871,79.9481430053711,50.44549560546875
2018-01-29,251.24989318847656,26.9351749420166,25.838380813598633,69.93241119384766,31.674924850463867,47.13320541381836,19.574121475219727,79.72978210449219,50.306644439697266
2018-01-30,248.6728057861328,26.391820907592773,25.503049850463867,69.38251495361328,31.388477325439453,46.81888198852539,19.609086990356445,78.05290222167969,50.056732177734375
2018-01-31,248.79640197753906,26.409452438354492,25.57183074951172,69.59197235107422,31.624088287353516,46.60127639770508,19.82662010192871,76.94373321533203,49.894744873046875
2018-02-01,248.51393127441406,26.68113899230957,25.812591552734375,69.46977996826172,31.651826858520508,46.39976501464844,19.51585578918457,76.96990966796875,49.33937454223633
2018-02-02,243.10385131835938,25.566186904907227,25.24509620666504,68.07323455810547,30.713951110839844,45.513206481933594,19.376012802124023,75.88697814941406,48.86732864379883
2018-02-05,232.9365997314453,24.493574142456055,23.972518920898438,64.98336029052734,29.42957878112793,43.860965728759766,19.057477951049805,72.52447509765625,47.21975326538086
2018-02-06,237.52587890625,24.687633514404297,24.41104507446289,66.17042541503906,30.275049209594727,44.34455490112305,18.773906707763672,73.3279800415039,48.42766571044922
2018-02-07,236.23739624023438,24.27482032775879,24.428239822387695,66.29264831542969,29.88697052001953,44.151119232177734,18.6845703125,73.24067687988281,48.27956771850586
2018-02-08,227.37637329101562,23.540935516357422,23.35343360900879,63.735191345214844,28.648801803588867,43.200077056884766,18.474802017211914,70.69913482666016,46.35431671142578
2018-02-09,230.79193115234375,23.523284912109375,23.80055046081543,64.42475128173828,29.351036071777344,43.28873062133789,18.86325454711914,71.70349884033203,46.66438674926758
2018-02-12,234.18104553222656,23.90787124633789,24.135892868041992,65.46341705322266,29.877721786499023,43.73200988769531,19.006980895996094,72.37602233886719,47.298431396484375
2018-02-13,234.7635498046875,23.809083938598633,24.239070892333984,65.61181640625,29.951648712158203,43.933502197265625,19.092439651489258,72.42840576171875,47.54372024536133
2018-02-14,237.9319305419922,24.154863357543945,24.815170288085938,66.44099426269531,30.50142478942871,43.90932083129883,18.87879180908203,73.2493896484375,48.302703857421875
2018-02-15,240.9679718017578,24.094879150390625,24.952747344970703,67.44477844238281,31.083553314208984,44.634708404541016,19.298322677612305,74.06160736083984,48.733123779296875
2018-02-16,241.03854370117188,24.034893035888672,24.91834831237793,67.46224212646484,31.037351608276367,44.81203079223633,19.469240188598633,74.59436798095703,48.4970817565918
2018-02-20,239.5294189453125,23.904342651367188,24.84096336364746,66.78141784667969,31.065078735351562,43.79649353027344,19.216751098632812,73.77339935302734,48.34899139404297
2018-02-21,238.33792114257812,23.502117156982422,24.875362396240234,66.79888916015625,30.866413116455078,43.272605895996094,18.96425437927246,73.46772766113281,48.27956771850586
2018-02-22,238.6468048095703,23.759679794311523,24.66899299621582,67.24402618408203,30.903369903564453,43.38545227050781,19.061363220214844,73.35416412353516,48.33972930908203
2018-02-23,242.45071411132812,24.27482032775879,25.03873062133789,67.80265045166016,31.5501708984375,43.80455017089844,19.55858612060547,74.52449798583984,49.01542663574219
2018-02-26,245.2660675048828,24.419485092163086,25.41705894470215,68.7365951538086,32.044517517089844,44.07857894897461,19.50031852722168,75.46774291992188,49.42731857299805
2018-02-27,242.20361328125,24.10193634033203,25.176307678222656,67.87248992919922,31.72112464904785,43.49827575683594,19.189558029174805,74.68169403076172,48.381385803222656
2018-02-28,239.75003051757812,23.547990798950195,24.823766708374023,66.90363311767578,31.494733810424805,43.04694366455078,19.057477951049805,73.48519134521484,48.16386032104492
2018-03-01,236.2638702392578,23.51270294189453,24.393842697143555,65.59436798095703,30.972679138183594,42.95022201538086,19.061363220214844,72.31487274169922,47.645530700683594
2018-03-02,237.48182678222656,23.62208366394043,24.454030990600586,65.57688903808594,31.26835823059082,43.31291198730469,19.010866165161133,73.04850769042969,47.691802978515625
2018-03-05,240.22666931152344,23.872594833374023,24.797969818115234,66.36243438720703,31.587135314941406,43.691707611083984,19.399324417114258,73.7122802734375,48.26105499267578
2018-03-06,240.83563232421875,23.886707305908203,24.901147842407227,66.65922546386719,31.65644645690918,43.723960876464844,19.139055252075195,73.60746002197266,48.59427261352539
2018-03-07,240.74732971191406,23.70676040649414,24.85816192626953,66.6505126953125,31.83200454711914,43.32902526855469,18.99532699584961,73.9830093383789,48.26569366455078
2018-03-08,241.9123077392578,23.699708938598633,24.935548782348633,66.9996566772461,31.970598220825195,43.723960876464844,19.13517189025879,74.48082733154297,48.418399810791016
2018-03-09,246.12210083007812,24.151323318481445,25.537439346313477,68.47474670410156,32.57582092285156,44.006046295166016,19.189558029174805,75.55506134033203,49.168148040771484
2018-03-12,245.81324768066406,24.144269943237305,25.45145034790039,67.62805938720703,32.677467346191406,43.92545700073242,19.271129608154297,75.23194122314453,49.330135345458984
2018-03-13,244.22459411621094,23.971389770507812,25.167707443237305,67.2964096069336,32.30323791503906,43.89320755004883,19.313858032226562,75.32801055908203,48.9830207824707
2018-03-14,242.97142028808594,23.830257415771484,24.883956909179688,66.56322479248047,32.275535583496094,43.449920654296875,19.511972427368164,74.96118927001953,48.922874450683594
2018-03-15,242.7066650390625,23.70676040649414,24.892555236816406,66.75525665283203,32.29399490356445,43.14365768432617,19.50031852722168,74.83892059326172,48.8719596862793
2018-03-16,242.96983337402344,23.918193817138672,24.91412925720215,67.11190795898438,32.26063537597656,43.1590576171875,19.6713924407959,74.83891296386719,48.820899963378906
2018-03-19,239.68238830566406,23.54863166809082,24.7329044342041,66.5948486328125,31.621074676513672,42.73759841918945,19.550029754638672,73.62942504882812,48.212833404541016
2018-03-20,240.08998107910156,23.74762535095215,24.79331398010254,66.82271575927734,31.607168197631836,42.61602020263672,19.459991455078125,73.73458862304688,48.50062561035156
2018-03-21,239.62921142578125,24.369482040405273,24.78468132019043,66.9015884399414,31.41716194152832,42.089202880859375,19.393449783325195,73.41909790039062,48.463497161865234
2018-03-22,233.6391143798828,23.871994018554688,23.86992835998535,64.69315338134766,30.606128692626953,41.74068832397461,19.479570388793945,71.306884765625,47.43304443359375
2018-03-23,228.65924072265625,23.726301193237305,23.1450252532959,63.74666976928711,29.79045295715332,41.22196578979492,19.205533981323242,69.8257064819336,46.50006103515625
2018-03-26,234.91506958007812,24.152719497680664,23.895816802978516,65.28907775878906,30.921262741088867,41.813629150390625,19.405189514160156,71.2718276977539,47.874000549316406
2018-03-27,230.9188232421875,23.9252986907959,23.429813385009766,64.3864517211914,29.929481506347656,41.78931427001953,19.68313217163086,70.43045043945312,46.936397552490234
2018-03-28,230.23651123046875,23.459793090820312,23.47295570373535,64.1673355102539,29.730207443237305,42.36477279663086,19.675304412841797,70.80734252929688,46.3654670715332
2018-03-29,233.1783905029297,23.95372772216797,23.792261123657227,65.10505676269531,30.318777084350586,42.65654373168945,19.781003952026367,71.34194946289062,47.01529312133789
2018-04-02,228.14529418945312,23.47400665283203,23.26584243774414,63.76420593261719,29.595802307128906,41.61099624633789,19.628328323364258,69.72052001953125,45.68778991699219
2018-04-03,231.06942749023438,23.975040435791016,23.585145950317383,64.6493148803711,29.887779235839844,42.162139892578125,19.694875717163086,70.78102111816406,46.26798629760742
2018-04-04,233.54165649414062,23.943065643310547,23.835411071777344,64.92977142333984,30.304887771606445,42.818660736083984,19.737937927246094,71.78890991210938,47.1174201965332
2018-04-05,235.38478088378906,24.37302589416504,24.025264739990234,65.58706665039062,30.43001365661621,42.924015045166016,19.894533157348633,71.73632049560547,47.74867630004883
2018-04-06,230.13902282714844,23.932401657104492,23.447065353393555,63.77295684814453,29.68386459350586,42.48634338378906,19.737937927246094,70.00975799560547,46.732154846191406
2018-04-09,231.2732696533203,24.046112060546875,23.576509475708008,63.580169677734375,29.91558265686035,42.462032318115234,19.77709197998047,70.7021484375,46.62075424194336
2018-04-10,234.95057678222656,24.842090606689453,23.930334091186523,64.55294036865234,30.6524715423584,42.55928039550781,19.62441062927246,71.89410400390625,47.18703079223633
2018-04-11,233.7188720703125,25.101482391357422,23.645553588867188,64.07971954345703,30.47172737121582,42.47824478149414,19.59701156616211,71.306884765625,47.043148040771484
2018-04-12,235.64166259765625,25.097929000854492,24.05978012084961,64.99986267089844,30.837846755981445,42.413394927978516,19.33863639831543,71.78890991210938,47.247379302978516
2018-04-13,234.95057678222656,25.375106811523438,23.69733238220215,64.84212493896484,30.735889434814453,42.624122619628906,19.49131965637207,71.75386810302734,46.98281478881836
2018-04-16,236.88229370117188,25.63450050354004,23.800891876220703,65.49065399169922,30.972251892089844,43.08611297607422,19.75751304626465,72.32353973388672,47.33556365966797
2018-04-17,239.41648864746094,25.733999252319336,23.800891876220703,66.04275512695312,31.546934127807617,43.183372497558594,19.957162857055664,72.88447570800781,48.21749496459961
2018-04-18,239.5937957763672,26.139095306396484,23.688709259033203,66.72630310058594,31.463502883911133,42.85917282104492,19.882781982421875,72.94579315185547,48.44491958618164
2018-04-19,238.26463317871094,26.171077728271484,24.0511531829834,66.54228973388672,31.11591339111328,41.619110107421875,19.871034622192383,72.33230590820312,48.291751861572266
2018-04-20,236.2442626953125,26.046701431274414,24.05978012084961,66.25308990478516,30.684911727905273,40.92208480834961,19.690959930419922,71.9466781616211,47.799739837646484
2018-04-23,236.2089080810547,26.206602096557617,24.033899307250977,66.17422485351562,30.573688507080078,40.87345504760742,19.702707290649414,72.22712707519531,47.9018440246582
2018-04-24,233.0276641845703,25.92588996887207,23.87855339050293,64.3250961303711,30.040712356567383,40.61408615112305,19.835811614990234,71.68374633789062,47.145263671875
2018-04-25,233.6037139892578,26.131977081298828,23.861299514770508,64.5091323852539,30.045351028442383,40.68702697753906,19.839719772338867,72.0080337524414,47.3402099609375
2018-04-26,235.97842407226562,26.51220703125,23.86992835998535,64.2724838256836,30.592222213745117,40.9301872253418,20.039369583129883,72.91950225830078,48.10607147216797
2018-04-27,236.20001220703125,26.231475830078125,23.904449462890625,64.14105987548828,30.536603927612305,41.149024963378906,20.242937088012695,73.21749877929688,48.324241638183594
2018-04-30,234.38348388671875,26.227928161621094,23.688709259033203,63.29098129272461,30.337322235107422,40.88966751098633,20.18421745300293,72.09566497802734,48.13393783569336
2018-05-01,234.7999267578125,26.068025588989258,23.69733238220215,63.001766204833984,30.717348098754883,40.53303527832031,20.121585845947266,72.06060791015625,48.198917388916016
2018-05-02,233.22267150878906,26.17462730407715,23.429813385009766,62.44966506958008,30.684911727905273,39.73874282836914,20.102001190185547,71.07022857666016,47.86935806274414
2018-05-03,232.7087860107422,26.114212036132812,23.2313232421875,62.59865188598633,30.754417419433594,39.6982307434082,20.074604034423828,70.43045043945312,47.65584182739258
2018-05-04,235.7214813232422,26.242143630981445,23.533367156982422,63.32600784301758,31.338375091552734,40.273681640625,20.164644241333008,70.99137115478516,48.2824592590332
2018-05-07,236.51898193359375,26.277666091918945,23.688709259033203,63.74666976928711,31.55619239807129,40.02241897583008,20.058948516845703,70.88618469238281,48.44491958618164
2018-05-08,236.51898193359375,26.483774185180664,23.8526668548584,64.20240020751953,31.625715255737305,39.86032485961914,19.557863235473633,70.35153198242188,48.240692138671875
2018-05-09,238.80506896972656,27.023900985717773,24.206491470336914,64.89472961425781,32.0150032043457,39.917057037353516,19.420848846435547,70.75471496582031,48.40779495239258
2018-05-10,241.03805541992188,27.226442337036133,24.404970169067383,65.33290100097656,32.43210983276367,40.1521110534668,19.694875717163086,71.7012939453125,48.584163665771484
2018-05-11,241.77349853515625,27.265535354614258,24.387710571289062,65.47312927246094,32.38576126098633,40.1521110534668,19.72228240966797,72.77050018310547,48.68629455566406
2018-05-14,241.88876342773438,27.453861236572266,24.370458602905273,65.35919189453125,32.38113021850586,40.135894775390625,19.647907257080078,73.25255584716797,48.779109954833984
2018-05-15,240.22288513183594,27.460966110229492,24.327299118041992,65.14009857177734,32.07526397705078,39.98190689086914,19.483488082885742,72.3060073852539,48.49598693847656
2018-05-16,241.23301696777344,27.556907653808594,24.370458602905273,65.376708984375,32.21891784667969,40.26556396484375,19.330806732177734,72.70918273925781,48.899803161621094
2018-05-17,241.0292205810547,27.97266387939453,24.318675994873047,65.63086700439453,32.052093505859375,40.40336227416992,19.174222946166992,72.73545837402344,48.737342834472656
2018-05-18,240.42662048339844,27.75590705871582,24.120193481445312,66.01648712158203,31.917680740356445,40.1521110534668,19.178136825561523,72.91950225830078,48.67701721191406
2018-05-21,242.234375,28.040172576904297,24.29278564453125,67.0155258178711,32.19575500488281,40.32231140136719,19.2760009765625,72.98961639404297,48.94623565673828
2018-05-22,241.5609130859375,27.66706657409668,24.45675277709961,66.19174194335938,32.1494026184082,40.249366760253906,19.34646987915039,72.84939575195312,48.728065490722656
2018-05-23,242.22543334960938,27.66351890563965,24.30141258239746,66.1303939819336,32.38576126098633,40.39525604248047,19.522632598876953,73.0860366821289,49.080833435058594
2018-05-24,241.72923278808594,27.208675384521484,24.111560821533203,66.45466613769531,32.348690032958984,40.36283493041992,19.68313217163086,72.79681396484375,49.18758773803711
2018-05-25,241.1532440185547,26.501541137695312,24.033899307250977,66.33194732666016,32.32551574707031,40.42767333984375,19.76926040649414,72.6916275024414,49.26185989379883
2018-05-29,238.3798065185547,26.419811248779297,23.2313232421875,65.27156829833984,32.1494026184082,40.33851623535156,19.76926040649414,71.9466781616211,48.8812370300293
2018-05-30,241.5609130859375,27.219337463378906,23.65418243408203,66.19174194335938,32.38576126098633,40.90586471557617,19.92976188659668,73.0246810913086,49.32683181762695
2018-05-31,240.0811309814453,27.01323890686035,23.45570182800293,65.23648834228516,32.395023345947266,40.249366760253906,19.96108055114746,72.22712707519531,49.090110778808594
2018-06-01,242.4381561279297,27.141151428222656,23.714595794677734,65.95512390136719,32.946537017822266,40.249366760253906,19.655733108520508,73.05976867675781,49.45215606689453
2018-06-04,243.59011840820312,26.906631469726562,23.792261123657227,65.85872650146484,33.210697174072266,40.5816650390625,19.499147415161133,73.3314437866211,50.004520416259766
2018-06-05,243.767333984375,26.842670440673828,23.688709259033203,65.93758392333984,33.32657241821289,40.39525604248047,19.397361755371094,73.18244934082031,50.29694366455078
2018-06-06,245.80532836914062,26.970596313476562,24.120193481445312,66.48970794677734,33.54439163208008,40.44388961791992,18.935426712036133,74.00630950927734,50.7657470703125
2018-06-07,245.77870178222656,27.379243850708008,24.19786262512207,66.77011108398438,33.27558517456055,40.69514083862305,19.068523406982422,74.10272216796875,50.91427993774414
2018-06-08,246.50537109375,27.325937271118164,24.232378005981445,66.9892349243164,33.219970703125,41.19764709472656,19.060697555541992,74.53216552734375,51.021034240722656
2018-06-11,246.8331756591797,27.46807861328125,24.180601119995117,67.12066650390625,33.25703430175781,41.53806686401367,19.021547317504883,74.6723861694336,51.22527313232422
2018-06-12,247.15225219726562,27.2584228515625,24.120193481445312,67.0505599975586,33.419254302978516,41.619110107421875,19.240772247314453,74.62857818603516,51.47126770019531
2018-06-13,246.36363220214844,27.15537452697754,24.033899307250977,66.51599884033203,33.24778366088867,41.489418029785156,19.189878463745117,74.64608764648438,51.550174713134766
2018-06-14,246.98391723632812,27.11628532409668,23.809518814086914,66.2618408203125,33.48413848876953,41.5623779296875,19.428682327270508,75.03173065185547,52.088623046875
2018-06-15,246.66880798339844,26.533878326416016,23.808652877807617,66.096435546875,33.35623550415039,42.09654235839844,19.566917419433594,75.17777252197266,52.174251556396484
2018-06-18,246.161376953125,26.79861068725586,23.76531410217285,65.82365417480469,33.393455505371094,41.48396301269531,19.630115509033203,74.45642852783203,52.085819244384766
2018-06-19,245.21795654296875,26.73779296875,23.704648971557617,64.4334716796875,33.22135543823242,41.704490661621094,19.823652267456055,74.64994812011719,52.02067565917969
2018-06-20,245.63626098632812,26.855850219726562,23.643978118896484,64.47744750976562,33.29112243652344,41.745338439941406,19.83945083618164,74.80828094482422,52.267333984375
2018-06-21,244.0964813232422,26.358583450317383,23.574634552001953,63.66796875,33.035335540771484,41.827003479003906,19.906597137451172,74.37723541259766,51.895023345947266
2018-06-22,244.54153442382812,26.884469985961914,23.461971282958984,63.88795471191406,32.9283561706543,42.17006301879883,20.04483413696289,74.71153259277344,51.80659866333008
2018-06-25,241.21253967285156,26.344276428222656,23.21061897277832,63.078460693359375,32.24467849731445,42.382408142089844,20.376615524291992,74.02537536621094,50.68036651611328
2018-06-26,241.7465362548828,26.676977157592773,23.13261604309082,63.31601333618164,32.37489318847656,42.20272445678711,20.400314331054688,73.7966537475586,51.043365478515625
2018-06-27,239.74398803710938,27.03472328186035,22.846599578857422,62.80568313598633,31.933063507080078,42.11287307739258,20.499053955078125,73.17207336425781,50.38252639770508
2018-06-28,241.1146240234375,26.998947143554688,23.045942306518555,62.89369583129883,32.323734283447266,42.11287307739258,20.491151809692383,73.26885223388672,50.77809524536133
2018-06-29,241.4617919921875,27.167089462280273,23.045942306518555,63.02566909790039,32.309791564941406,42.088375091552734,20.522750854492188,73.41837310791016,50.86651611328125
2018-07-02,241.97801208496094,26.766407012939453,23.158615112304688,63.166439056396484,32.598140716552734,41.84334182739258,20.66889190673828,73.64710998535156,50.93632507324219
2018-07-03,241.12359619140625,26.934555053710938,22.95060920715332,62.964054107666016,32.21212387084961,41.94135284423828,20.728134155273438,73.82304382324219,50.68036651611328
2018-07-05,243.09068298339844,26.90592384338379,23.002613067626953,63.27200698852539,32.66790008544922,42.52126693725586,20.83872413635254,74.58836364746094,50.931678771972656
2018-07-06,245.14671325683594,27.070491790771484,23.115280151367188,63.491973876953125,33.049285888671875,42.65195846557617,21.00066375732422,75.66160583496094,51.33191680908203
2018-07-09,247.35418701171875,27.474750518798828,23.643978118896484,64.67102813720703,33.30042266845703,42.488590240478516,20.35291290283203,76.21575927734375,51.94622039794922
2018-07-10,248.2441864013672,27.67865562438965,23.557308197021484,64.8733901977539,33.37948989868164,42.9949951171875,20.546445846557617,76.5060806274414,52.05791091918945
2018-07-11,246.428466796875,27.091964721679688,23.444631576538086,63.80876159667969,33.249263763427734,42.856143951416016,20.732088088989258,75.89909362792969,51.93690490722656
2018-07-12,248.6625518798828,27.138465881347656,23.487974166870117,64.556640625,33.77482223510742,42.79896545410156,20.747882843017578,76.74359130859375,52.281288146972656
2018-07-13,248.85842895507812,27.281557083129883,23.383962631225586,64.89098358154297,33.73760986328125,43.07667541503906,20.751834869384766,76.88434600830078,52.39763641357422
2018-07-16,248.6358184814453,26.966747283935547,23.79998016357422,64.62703704833984,33.65855026245117,42.87248229980469,20.732088088989258,76.41813659667969,52.52794647216797
2018-07-17,249.64166259765625,26.85943603515625,23.825986862182617,64.88218688964844,33.90968704223633,43.240020751953125,20.71628761291504,76.8403549194336,52.57913589477539
2018-07-18,250.16676330566406,26.8773136138916,24.207340240478516,65.59490966796875,33.853878021240234,42.888816833496094,20.609647750854492,76.9019546508789,52.546566009521484
2018-07-19,249.2233428955078,26.884469985961914,23.843326568603516,65.56848907470703,33.73295974731445,42.9133186340332,20.79923439025879,76.47088623046875,52.425559997558594
2018-07-20,248.93844604492188,26.791454315185547,23.88665199279785,65.49810791015625,33.74226379394531,43.1746940612793,20.653091430664062,76.32135772705078,52.19287872314453
2018-07-23,249.4013671875,26.673402786254883,24.216007232666016,65.09336853027344,33.91434097290039,42.905155181884766,20.506948471069336,76.47968292236328,52.13703155517578
2018-07-24,250.65631103515625,27.009672164916992,24.285343170166016,65.3661117553711,34.100379943847656,42.98682403564453,20.578048706054688,77.17462921142578,51.98344802856445
2018-07-25,252.7925567626953,27.23505973815918,24.33734130859375,66.36038208007812,34.52826690673828,43.313541412353516,20.637290954589844,78.15988159179688,52.365055084228516
2018-07-26,252.1961669921875,27.531984329223633,24.32868194580078,66.87071990966797,33.998069763183594,43.54222869873047,20.858482360839844,77.93997192382812,52.090484619140625
2018-07-27,250.48724365234375,27.413928985595703,24.38068199157715,66.87953186035156,33.41669845581055,43.59941482543945,20.79133415222168,77.376953125,51.95551300048828
2018-07-30,249.1787872314453,27.63930320739746,24.39801597595215,66.2196044921875,32.89579391479492,43.55040740966797,20.664941787719727,77.42094421386719,51.54133224487305
2018-07-31,250.4070281982422,27.58922576904297,24.22467803955078,67.68021392822266,32.98416519165039,43.754600524902344,20.8505802154541,78.23025512695312,51.78333282470703
2018-08-01,249.98883056640625,27.206439971923828,24.22467803955078,66.76513671875,33.281822204589844,43.387054443359375,20.71628761291504,78.24785614013672,51.5273551940918
2018-08-02,251.35057067871094,27.056182861328125,24.233346939086914,66.67715454101562,33.70041275024414,43.82810592651367,20.81898307800293,78.53814697265625,51.881065368652344
2018-08-03,252.42770385742188,26.916664123535156,24.372024536132812,66.7387466430664,33.82132339477539,44.342674255371094,21.052005767822266,79.00437927246094,52.05791091918945
2018-08-06,253.3533172607422,27.01682472229004,24.502031326293945,66.83552551269531,34.00271224975586,44.38351821899414,21.067811965942383,79.1451416015625,52.406944274902344
2018-08-07,254.19000244140625,27.217166900634766,24.61469268798828,67.31063842773438,34.132930755615234,44.11397933959961,21.036209106445312,79.15393829345703,52.6489372253418
2018-08-08,254.0831756591797,27.020410537719727,24.67536163330078,67.01148986816406,34.225955963134766,43.77910232543945,20.925622940063477,79.27708435058594,52.70479202270508
2018-08-09,253.73605346679688,26.769990921020508,24.52802848815918,66.6419448852539,34.23991012573242,43.64841842651367,21.020414352416992,79.18911743164062,52.90026092529297
2018-08-10,252.03599548339844,26.934555053710938,24.242008209228516,66.05241394042969,33.96549987792969,43.48506164550781,20.92957305908203,78.84603118896484,52.45813751220703
2018-08-13,251.09242248535156,26.591114044189453,24.00800132751465,65.7356948852539,33.91899871826172,43.48506164550781,20.95722198486328,78.87242126464844,52.19287872314453
2018-08-14,252.69459533691406,26.655517578125,24.233346939086914,66.19320678710938,34.12828826904297,43.78725814819336,21.00066375732422,79.24188995361328,52.70014572143555
2018-08-15,250.8076171875,25.72537612915039,24.042667388916016,65.87647247314453,33.82132339477539,43.96696472167969,21.19420623779297,79.10993194580078,52.05791091918945
2018-08-16,252.83697509765625,25.91140365600586,24.363353729248047,66.71234130859375,33.97016143798828,44.59587478637695,21.423288345336914,79.88406372070312,52.31386947631836
2018-08-17,253.72708129882812,25.97579002380371,24.415355682373047,67.11707305908203,34.02131271362305,44.93892288208008,21.533878326416016,80.13037872314453,52.36040115356445
2018-08-20,254.27017211914062,26.151098251342773,24.493356704711914,67.5657958984375,33.97016143798828,44.91442108154297,21.45883560180664,80.39425659179688,52.73271179199219
2018-08-21,254.86654663085938,26.2834529876709,24.588699340820312,68.0673599243164,34.025962829589844,44.59587478637695,21.304792404174805,80.39425659179688,53.15156936645508
2018-08-22,254.7151336669922,26.598268508911133,24.502031326293945,67.4074478149414,34.12828826904297,44.31816864013672,21.146808624267578,80.47343444824219,53.20740509033203
2018-08-23,254.3769989013672,26.47305679321289,24.389347076416016,67.2138671875,34.20270538330078,44.21198654174805,21.131011962890625,80.44706726074219,53.15621566772461
2018-08-24,255.9078826904297,26.666240692138672,24.476022720336914,67.50422668457031,34.5468635559082,44.15481185913086,21.22184944152832,80.83409881591797,53.468021392822266
2018-08-27,257.92840576171875,26.863000869750977,24.805374145507812,68.35770416259766,34.863136291503906,44.17930603027344,21.091510772705078,81.12442779541016,53.812408447265625
2018-08-28,258.052978515625,26.748531341552734,24.779375076293945,68.21693420410156,34.923587799072266,44.03228759765625,21.048063278198242,81.16839599609375,53.91944885253906
2018-08-29,259.44146728515625,26.913087844848633,24.77070426940918,68.26971435546875,35.23985290527344,44.0813102722168,21.20210838317871,81.69621276855469,54.52444839477539
2018-08-30,258.3911437988281,26.837961196899414,24.580028533935547,67.79458618164062,35.13288497924805,43.94245529174805,21.210002899169922,81.63463592529297,54.212646484375
2018-08-31,258.4000244140625,26.630474090576172,24.554025650024414,67.83857727050781,35.16078567504883,43.92611312866211,21.119157791137695,81.61703491210938,54.42671203613281
2018-09-04,257.955078125,26.573225021362305,24.67536163330078,67.7857894897461,35.025901794433594,43.86894607543945,21.213956832885742,80.96607208251953,54.529090881347656
2018-09-05,257.26068115234375,26.537458419799805,24.692699432373047,68.26971435546875,34.58872604370117,44.37533950805664,21.510181427001953,81.29156494140625,53.94271469116211
2018-09-06,256.48638916015625,26.047346115112305,24.580028533935547,68.48089599609375,34.33757400512695,44.497867584228516,21.63262176513672,81.29156494140625,53.79378890991211
2018-09-07,255.9879150390625,26.04376983642578,24.554025650024414,68.26971435546875,34.22129821777344,44.408016204833984,21.367992401123047,81.41472625732422,53.78913879394531
2018-09-10,256.4329528808594,26.03303337097168,24.52802848815918,68.62165832519531,34.328269958496094,44.563209533691406,21.474632263183594,81.2035903930664,53.989261627197266
2018-09-11,257.27850341796875,26.279882431030273,24.554025650024414,68.60405731201172,34.62128448486328,44.39984893798828,21.419336318969727,81.13321685791016,54.422061920166016
2018-09-12,257.3409423828125,26.41582489013672,24.32868194580078,68.81525421142578,34.47711181640625,44.91442108154297,21.39958953857422,81.5378646850586,54.52444839477539
2018-09-13,258.8629150390625,26.426551818847656,24.29401206970215,69.2287826538086,34.881736755371094,44.84906768798828,21.561527252197266,82.54952239990234,54.61751937866211
2018-09-14,258.907470703125,26.56607437133789,24.46735954284668,69.57194519042969,34.853824615478516,44.72655487060547,21.44698715209961,82.27680969238281,54.412742614746094
2018-09-17,257.53662109375,26.60900115966797,24.363353729248047,69.59834289550781,34.41664505004883,44.8899040222168,21.518075942993164,81.97769165039062,53.73795700073242
2018-09-18,258.9341125488281,26.784297943115234,24.484683990478516,70.23186492919922,34.635231018066406,44.702056884765625,21.47858428955078,82.45275115966797,54.422061920166016
2018-09-19,259.2100524902344,26.8665828704834,24.900712966918945,70.1702651977539,34.5468635559082,44.62038803100586,21.01251792907715,82.33837127685547,54.44533920288086
2018-09-20,261.31060791015625,26.873733520507812,25.117395401000977,70.2758560180664,34.95615005493164,45.18395233154297,21.05596351623535,83.13888549804688,54.8176383972168
2018-09-21,261.0718994140625,27.051305770874023,25.019887924194336,70.73030090332031,34.81801223754883,45.25633239746094,21.145633697509766,83.25105285644531,54.575374603271484
2018-09-24,260.2046203613281,27.447542190551758,24.74131202697754,69.51900482177734,34.99067687988281,44.565399169921875,20.95832633972168,83.4188461303711,54.220638275146484
2018-09-25,259.9632263183594,27.624040603637695,24.645549774169922,69.30682373046875,34.948673248291016,44.302188873291016,20.671390533447266,83.16273498535156,54.44934844970703
2018-09-26,259.1853942871094,27.35748863220215,24.34955596923828,69.26263427734375,34.81801223754883,44.351539611816406,20.468143463134766,83.34819793701172,54.575374603271484
2018-09-27,259.9095153808594,27.35748863220215,24.26250648498535,69.35990142822266,35.023353576660156,44.29396057128906,20.679357528686523,83.7720718383789,54.76209259033203
2018-09-28,259.93634033203125,27.281843185424805,24.01004409790039,69.315673828125,35.15401840209961,44.35976028442383,20.98223876953125,84.02818298339844,54.71540832519531
2018-10-01,260.8394470214844,27.66006088256836,24.105804443359375,69.92572784423828,35.32201385498047,44.32685470581055,20.910499572753906,84.44325256347656,54.547367095947266
2018-10-02,260.6874084472656,27.68887710571289,24.105804443359375,70.08489227294922,35.32667541503906,44.58184051513672,21.193452835083008,84.34610748291016,53.80986785888672
2018-10-03,260.8304748535156,27.912199020385742,24.3321475982666,70.37664031982422,35.434017181396484,44.104774475097656,20.938398361206055,84.1871566772461,53.62782287597656
2018-10-04,258.7919006347656,27.796939849853516,24.49754524230957,70.14677429199219,34.794677734375,43.997840881347656,21.04998207092285,83.3658676147461,52.787628173828125
2018-10-05,257.3434143066406,27.793333053588867,24.375673294067383,69.78424835205078,34.356021881103516,43.95671844482422,21.372793197631836,83.26870727539062,52.390865325927734
2018-10-08,257.3434143066406,27.771718978881836,24.54108238220215,69.9610824584961,33.96867752075195,44.565399169921875,21.552122116088867,83.23339080810547,52.52623748779297
2018-10-09,256.9679260253906,28.0202693939209,24.44532012939453,68.8824462890625,34.09001159667969,44.46669006347656,21.639801025390625,83.37467956542969,52.37220764160156
2018-10-10,248.83154296875,27.141361236572266,23.68792724609375,66.66329193115234,32.43801498413086,43.93204116821289,21.52024269104004,81.40534210205078,50.60779571533203
2018-10-11,243.3506317138672,26.22284698486328,22.982784271240234,64.90388488769531,32.027347564697266,42.846282958984375,21.125701904296875,79.20638275146484,49.716251373291016
2018-10-12,246.73028564453125,26.294885635375977,23.008893966674805,65.33709716796875,33.05401611328125,43.08481979370117,21.10179901123047,80.42510223388672,50.63579559326172
2018-10-15,245.34449768066406,26.075172424316406,22.904434204101562,65.46087646484375,32.5126838684082,43.34803771972656,21.20142364501953,79.86869812011719,50.51909637451172
2018-10-16,250.7091064453125,26.291282653808594,23.2874755859375,66.56602478027344,33.49268341064453,43.83334732055664,21.420610427856445,82.05885314941406,51.53199768066406
2018-10-17,250.75387573242188,26.125591278076172,23.522525787353516,66.07976531982422,33.338680267333984,44.038963317871094,21.380760192871094,82.49158477783203,51.10723876953125
2018-10-18,247.13275146484375,25.99591636657715,23.130773544311523,64.93925476074219,32.68534469604492,43.98139953613281,21.41263771057129,81.55547332763672,50.12701416015625
2018-10-19,246.99864196777344,25.76538848876953,23.21782875061035,64.70053100585938,32.67134475708008,44.98488998413086,21.747394561767578,80.81364440917969,49.63688659667969
2018-10-22,245.8898468017578,25.480833053588867,22.72161293029785,64.47949981689453,32.942012786865234,44.64765167236328,21.607921600341797,80.15133666992188,49.83760452270508
2018-10-23,244.63812255859375,24.8144474029541,22.538787841796875,63.41856384277344,32.81600570678711,44.84505844116211,21.488359451293945,79.71858215332031,49.84693908691406
2018-10-24,237.22598266601562,23.834693908691406,21.97292709350586,61.27012252807617,31.346012115478516,45.03424072265625,22.010427474975586,77.08692169189453,48.35794448852539
2018-10-25,241.48187255859375,24.12645721435547,22.31244468688965,61.703330993652344,32.424015045166016,45.14118576049805,21.667694091796875,78.0848388671875,49.818939208984375
2018-10-26,237.23487854003906,23.94635772705078,21.990345001220703,61.09328079223633,31.775344848632812,44.27751541137695,21.2691707611084,77.20173645019531,48.26924514770508
2018-10-29,235.9205322265625,23.49970245361328,22.18186378479004,60.07654571533203,31.238676071166992,44.787479400634766,21.568065643310547,77.3960189819336,47.844478607177734
2018-10-30,239.41651916503906,24.043615341186523,22.564908981323242,61.314308166503906,31.58868408203125,45.67583465576172,21.65175437927246,78.22613525390625,48.56331253051758
2018-10-31,241.97361755371094,24.191295623779297,22.878313064575195,61.78291320800781,32.34001159667969,45.24810791015625,21.396699905395508,78.33209228515625,49.188785552978516
2018-11-01,244.54867553710938,24.3966121673584,22.982784271240234,62.87038803100586,32.718013763427734,45.568912506103516,21.301057815551758,79.3211898803711,50.19236373901367
2018-11-02,243.10020446777344,24.33537483215332,22.965364456176758,62.76430130004883,32.078670501708984,45.33036804199219,21.181495666503906,78.82664489746094,50.397743225097656
2018-11-05,244.44131469726562,24.742408752441406,23.331003189086914,63.0914192199707,32.04600524902344,45.897918701171875,21.480392456054688,79.52432250976562,50.4677619934082
2018-11-06,245.98822021484375,24.857677459716797,23.452880859375,63.7545166015625,32.24667739868164,46.17758560180664,21.623859405517578,79.93052673339844,50.691802978515625
2018-11-07,251.25454711914062,25.26470375061035,23.757579803466797,64.7889404296875,33.19401168823242,46.440792083740234,21.870946884155273,82.27963256835938,52.064117431640625
2018-11-08,250.79852294921875,24.717191696166992,23.827220916748047,64.68286895751953,33.16600799560547,46.46547317504883,21.835071563720703,82.32379150390625,52.078125
2018-11-09,248.3487091064453,24.673973083496094,23.60957908630371,64.02859497070312,32.59200668334961,46.736915588378906,21.866954803466797,82.08531951904297,51.35462188720703
2018-11-12,243.7081756591797,24.1624755859375,23.139480590820312,62.76430130004883,31.44400405883789,46.49015426635742,21.85500144958496,80.97260284423828,50.32304000854492
2018-11-13,243.25228881835938,23.607765197753906,23.270065307617188,63.04721450805664,31.48134422302246,46.38322067260742,21.946664810180664,80.40742492675781,50.29972457885742
2018-11-14,241.58920288085938,23.568145751953125,22.956663131713867,62.83502197265625,31.103343963623047,46.07066345214844,21.719501495361328,79.76273345947266,49.921634674072266
2018-11-15,244.11058044433594,23.913938522338867,23.296186447143555,63.666107177734375,31.882680892944336,45.99662399291992,21.5401668548584,80.46923828125,49.84693908691406
2018-11-16,244.74537658691406,24.198495864868164,23.322298049926758,63.6484260559082,31.831340789794922,46.11178207397461,21.870946884155273,81.2817153930664,49.65089416503906
2018-11-19,240.60569763183594,24.191295623779297,23.313589096069336,62.64051818847656,30.618011474609375,46.03774642944336,21.96658706665039,80.24846649169922,48.437286376953125
2018-11-20,236.1529541015625,23.398847579956055,22.79996681213379,61.34083938598633,29.960012435913086,45.27279281616211,21.87493133544922,79.4978256225586,47.34035873413086
2018-11-21,236.9576873779297,23.766254425048828,22.817373275756836,61.77407455444336,30.17934226989746,44.91086959838867,21.552122116088867,79.04741668701172,47.835140228271484
2018-11-23,235.37509155273438,23.0206356048584,22.63455581665039,61.650272369384766,29.904016494750977,45.0671501159668,21.564075469970703,79.1622314453125,47.620418548583984
2018-11-26,239.1750946044922,23.366430282592773,23.0959529876709,62.1011962890625,30.580673217773438,45.12472915649414,21.69160270690918,79.93052673339844,48.68934631347656
2018-11-27,239.97976684570312,23.301591873168945,23.11336326599121,61.99509811401367,30.641342163085938,45.52777099609375,21.85500144958496,80.76067352294922,48.834049224853516
2018-11-28,245.50538635253906,23.701417922973633,23.557348251342773,63.48042297363281,31.714675903320312,45.9061393737793,21.839065551757812,82.70350646972656,50.276371002197266
2018-11-29,244.96893310546875,23.85630989074707,23.357120513916016,63.515811920166016,31.406673431396484,45.98017501831055,21.831090927124023,82.97727966308594,50.04299545288086
2018-11-30,246.4620819091797,23.813077926635742,23.478994369506836,64.13469696044922,31.70534324645996,46.27629089355469,22.153898239135742,84.66401672363281,50.40707015991211
2018-12-03,249.7256317138672,24.342586517333984,23.626991271972656,64.87734985351562,32.40534210205078,46.317420959472656,22.37706756591797,84.2577896118164,51.349971771240234
2018-12-04,241.63388061523438,23.643783569335938,22.5997314453125,62.11887741088867,31.17801284790039,45.5359992980957,22.39301109313965,82.37675476074219,49.501522064208984
2018-12-06,241.26722717285156,23.207942962646484,22.28632926940918,61.77407455444336,31.248022079467773,45.585350036621094,22.416915893554688,82.06766510009766,49.73958206176758
2018-12-07,235.66123962402344,23.078262329101562,21.85975456237793,60.14727020263672,30.146678924560547,45.009578704833984,22.500608444213867,79.97470092773438,48.25058364868164
2018-12-10,236.1082763671875,22.71806526184082,21.5550594329834,60.297569274902344,30.56200408935547,45.009578704833984,22.544448852539062,80.28376007080078,48.287925720214844
2018-12-11,236.16192626953125,22.725263595581055,21.346126556396484,59.94392395019531,30.59933853149414,45.37971878051758,22.636106491088867,80.53105163574219,48.306583404541016
2018-12-12,237.35107421875,22.815311431884766,21.468006134033203,60.279884338378906,30.83734893798828,45.322139739990234,22.49263572692871,81.21987915039062,48.815372467041016
2018-12-13,237.27059936523438,22.887357711791992,21.311309814453125,60.11193084716797,30.88867950439453,45.6017951965332,22.687917709350586,81.29937744140625,48.57264709472656
2018-12-14,232.88949584960938,22.365062713623047,21.102371215820312,59.280818939208984,30.132675170898438,44.82861328125,22.644079208374023,78.56172180175781,47.76512145996094
2018-12-17,228.32054138183594,21.958030700683594,20.8934326171875,58.30828094482422,29.49334144592285,43.792205810546875,21.914783477783203,76.99861145019531,46.551517486572266
2018-12-18,228.07020568847656,21.43933868408203,20.81508445739746,58.600032806396484,29.72667694091797,43.27400207519531,21.7673282623291,76.32743072509766,46.91559982299805
2018-12-19,224.65469360351562,21.187198638916016,20.55391502380371,57.49488830566406,29.138675689697266,42.85450744628906,21.73145866394043,75.32950592041016,45.9867057800293
2018-12-20,220.9977569580078,20.600065231323242,20.3710994720459,56.442771911621094,28.616010665893555,42.08954620361328,21.719501495361328,74.26980590820312,44.955142974853516
2018-12-21,216.46963500976562,20.40009880065918,19.963764190673828,55.37704086303711,27.746585845947266,41.65292739868164,21.626657485961914,73.34717559814453,43.9363899230957
2018-12-24,210.7498779296875,19.574785232543945,19.543291091918945,53.677921295166016,27.006053924560547,40.44932174682617,20.722368240356445,71.59069061279297,43.102272033691406
2018-12-26,221.39797973632812,20.79275894165039,20.42803955078125,56.17767333984375,28.63709831237793,41.578224182128906,21.003707885742188,74.71334075927734,45.65616989135742
2018-12-27,223.09768676757812,20.90182876586914,20.673315048217773,56.88044738769531,28.84332847595215,41.97665023803711,21.180543899536133,75.53837585449219,45.89984130859375
2018-12-28,222.8099365234375,20.74185562133789,20.66455078125,56.729225158691406,28.7777099609375,41.97665023803711,21.23279571533203,75.62708282470703,45.90453338623047
2018-12-31,224.76148986816406,20.850927352905273,20.866031646728516,57.29855728149414,29.049551010131836,42.15097427368164,21.26896095275879,76.74485778808594,46.396568298339844
2019-01-02,224.9952850341797,21.261764526367188,21.041229248046875,57.592124938964844,29.068296432495117,41.901954650878906,20.903230667114258,75.58271026611328,46.748023986816406
2019-01-03,219.62628173828125,21.05089569091797,20.568199157714844,55.839630126953125,27.601289749145508,41.661231994628906,20.899215698242188,74.0479965209961,45.735836029052734
2019-01-04,226.98284912109375,21.767133712768555,21.251466751098633,57.956851959228516,28.824581146240234,42.54939651489258,21.20867919921875,76.2569351196289,47.24943542480469
2019-01-07,228.77256774902344,22.090715408325195,21.277742385864258,58.42833709716797,29.082359313964844,42.49129867553711,21.06399154663086,76.54969787597656,48.31783676147461
2019-01-08,230.9219512939453,22.2615909576416,21.295269012451172,59.228973388671875,29.326078414916992,42.881431579589844,21.325231552124023,77.14405822753906,48.85205841064453
2019-01-09,232.0011444091797,22.614259719848633,21.400386810302734,59.62929153442383,29.705718994140625,42.48299789428711,21.196619033813477,77.49003601074219,49.10041046142578
2019-01-10,232.819580078125,22.67970085144043,21.409149169921875,60.43881607055664,29.836950302124023,42.732017517089844,21.473934173583984,77.64083862304688,48.9598274230957
2019-01-11,232.90948486328125,22.54517936706543,21.461708068847656,60.37653350830078,29.780712127685547,42.856544494628906,21.393558502197266,77.89810180664062,49.006690979003906
2019-01-14,231.48849487304688,22.490644454956055,21.610620498657227,60.367637634277344,29.50417709350586,42.649009704589844,20.911266326904297,77.03759765625,48.706790924072266
2019-01-15,234.1415252685547,22.570634841918945,21.8033390045166,60.18084716796875,29.949445724487305,43.07234191894531,21.168485641479492,78.42152404785156,49.14726638793945
2019-01-16,234.70814514160156,22.54154396057129,22.26761245727539,60.24311065673828,29.977556228637695,42.83993148803711,21.24485206604004,78.27957916259766,49.03480911254883
2019-01-17,236.48883056640625,22.74878692626953,22.39025115966797,61.275020599365234,30.169721603393555,43.02254104614258,21.333267211914062,78.97151947021484,49.36752700805664
2019-01-18,239.63650512695312,23.21051597595215,22.77569007873535,62.440399169921875,30.62904167175293,43.53718566894531,21.357385635375977,79.91189575195312,50.05168914794922
2019-01-22,236.3988800048828,22.70515251159668,22.51289176940918,61.15049362182617,30.113489151000977,43.138755798339844,21.397573471069336,79.36187744140625,49.30191421508789
2019-01-23,236.8935089111328,22.47246742248535,22.539165496826172,61.23945236206055,30.216596603393555,43.65339279174805,21.614608764648438,79.45059967041016,49.40032196044922
2019-01-24,237.01939392089844,22.592443466186523,22.591726303100586,61.55081558227539,30.469688415527344,43.11384201049805,21.727140426635742,78.78521728515625,49.60651397705078
2019-01-25,239.0249481201172,22.879667282104492,22.77569007873535,62.333641052246094,30.900896072387695,42.939544677734375,21.429725646972656,78.8828125,50.15477752685547
2019-01-28,237.20835876464844,22.650617599487305,22.705610275268555,61.737606048583984,30.488435745239258,43.122154235839844,21.329254150390625,77.98683166503906,49.86425018310547
2019-01-29,236.8935089111328,22.71969985961914,22.626771926879883,62.591617584228516,30.160348892211914,43.22175598144531,21.389535903930664,78.3682861328125,49.540897369384766
2019-01-30,240.64373779296875,23.039636611938477,22.758167266845703,63.57017517089844,31.097728729248047,43.51228713989258,21.554325103759766,79.44171905517578,50.515602111816406
2019-01-31,242.75717163085938,23.188701629638672,22.72312355041504,63.84595489501953,31.064929962158203,44.31745910644531,22.00847625732422,80.43527221679688,50.97483444213867
2019-02-01,242.87403869628906,23.59227180480957,22.81948471069336,63.943790435791016,31.247722625732422,44.17633056640625,21.924072265625,80.50625610351562,50.229759216308594
2019-02-04,244.58282470703125,23.646806716918945,22.915843963623047,64.77112579345703,31.749217987060547,44.45857238769531,21.960247039794922,80.27559661865234,50.55778503417969
2019-02-05,245.6080322265625,23.68316078186035,22.854522705078125,65.33155822753906,32.0163688659668,44.46686553955078,22.004457473754883,80.1602783203125,51.031063079833984
2019-02-06,245.28431701660156,23.508647918701172,22.828243255615234,65.349365234375,32.12417221069336,44.47516632080078,21.992403030395508,80.52399444580078,50.8202018737793
2019-02-07,242.94602966308594,22.988739013671875,22.60049057006836,64.90457916259766,31.683595657348633,44.44196319580078,22.281774520874023,79.63688659667969,50.403133392333984
2019-02-08,243.24278259277344,22.883298873901367,22.486616134643555,65.0024185180664,31.86639404296875,44.64948654174805,22.37822914123535,79.7876968383789,50.20164108276367
2019-02-11,243.377685546875,22.99237060546875,22.55668830871582,65.349365234375,31.85232925415039,44.76569747924805,22.370193481445312,79.69009399414062,50.290672302246094
2019-02-12,246.50747680664062,23.28323745727539,22.889564514160156,66.36347198486328,32.274147033691406,45.114322662353516,22.422443389892578,80.78126525878906,51.063873291015625
2019-02-13,247.30772399902344,23.5740909576416,22.950881958007812,66.75489807128906,32.31632995605469,45.19731903076172,22.358129501342773,80.95867156982422,51.41064453125
2019-02-14,246.75914001464844,23.657716751098633,22.67056655883789,66.44355010986328,32.372589111328125,44.69098663330078,22.321964263916016,81.14497375488281,51.22319793701172
2019-02-15,249.4481964111328,24.039466857910156,23.152362823486328,67.33316040039062,32.63036346435547,45.114322662353516,22.390287399291992,82.36921691894531,51.57464599609375
2019-02-19,249.87991333007812,24.112180709838867,23.187400817871094,67.30647277832031,32.639739990234375,45.346744537353516,22.522918701171875,82.17404174804688,51.785518646240234
2019-02-20,250.383544921875,24.213985443115234,23.336320877075195,67.62671661376953,32.67723083496094,45.263729095458984,22.623397827148438,82.07645416259766,51.88862609863281
2019-02-21,249.49317932128906,23.839502334594727,23.213680267333984,67.3509521484375,32.69129180908203,45.39654541015625,22.78817367553711,81.35791015625,51.785518646240234
2019-02-22,251.0399627685547,23.90858268737793,23.17864227294922,67.79573822021484,33.10842514038086,45.18071746826172,22.92884635925293,82.10308074951172,52.06667709350586
2019-02-25,251.3817901611328,23.948579788208008,23.275001525878906,68.0626220703125,33.26777267456055,44.93170166015625,22.780139923095703,82.2183837890625,51.893314361572266
2019-02-26,251.20196533203125,23.872220993041992,23.204923629760742,67.87579345703125,33.33808135986328,44.956607818603516,22.752004623413086,81.92562866210938,51.96359634399414
2019-02-27,251.0939483642578,23.963117599487305,23.292522430419922,68.14266967773438,33.30527877807617,44.890201568603516,22.780139923095703,81.54417419433594,51.92609786987305
2019-02-28,250.62628173828125,23.723155975341797,23.231199264526367,67.91138458251953,33.2115364074707,45.106021881103516,22.912769317626953,81.3046646118164,51.64494705200195
2019-03-01,252.1912078857422,24.159442901611328,23.38011932373047,67.97364044189453,33.4365119934082,45.02301788330078,22.960996627807617,82.4579086303711,52.06199264526367
2019-03-04,251.27386474609375,24.20307731628418,23.231199264526367,67.67118835449219,33.30996322631836,44.94830322265625,23.00118637084961,81.34014892578125,51.89798355102539
2019-03-05,250.93209838867188,24.123088836669922,23.143604278564453,67.23530578613281,33.2115364074707,44.91511154174805,22.97305679321289,81.29576873779297,52.02919387817383
2019-03-06,249.41226196289062,23.817686080932617,22.99468421936035,66.60369873046875,33.038116455078125,44.84870529174805,22.97305679321289,80.1070556640625,51.785518646240234
2019-03-07,247.3257598876953,23.675893783569336,22.758167266845703,66.20337677001953,32.72410583496094,44.55817413330078,23.04941749572754,79.47720336914062,51.1575813293457
2019-03-08,246.8310546875,23.232332229614258,22.74940299987793,66.06993103027344,32.71941375732422,44.58308029174805,23.12980079650879,79.30864715576172,50.801448822021484
2019-03-11,250.4105682373047,23.595909118652344,22.985923767089844,66.63037872314453,33.42244338989258,45.16411590576172,23.29458236694336,80.2135009765625,51.49967956542969
2019-03-12,251.3548126220703,23.748605728149414,23.038482666015625,66.07881927490234,33.619300842285156,45.18071746826172,23.455347061157227,80.79900360107422,51.64494705200195
2019-03-13,253.01853942871094,23.988561630249023,23.19615936279297,66.65706634521484,33.8395881652832,45.43804931640625,23.47945785522461,81.66836547851562,51.827693939208984
2019-03-14,252.85670471191406,24.014015197753906,23.28376007080078,66.43465423583984,33.90989685058594,45.39654541015625,23.475439071655273,81.53530883789062,51.67306137084961
2019-03-15,254.1059112548828,24.004487991333008,23.446640014648438,66.2002182006836,34.32038879394531,45.653602600097656,23.560462951660156,81.91018676757812,52.004547119140625
2019-03-18,255.02728271484375,24.337932586669922,23.684364318847656,66.84444427490234,34.46614074707031,45.72037124633789,23.471391677856445,81.78553009033203,52.50767135620117
2019-03-19,255.09056091308594,24.271982192993164,23.499473571777344,66.60285949707031,34.53667068481445,45.68699645996094,23.204166412353516,82.43553924560547,52.77098846435547
2019-03-20,254.3226776123047,24.4845027923584,23.015216827392578,66.14656829833984,34.442626953125,45.495025634765625,23.264894485473633,81.86565399169922,52.84621047973633
2019-03-21,257.1952819824219,24.65672492980957,22.944782257080078,66.78180694580078,35.30780792236328,46.0291862487793,23.511877059936523,82.18621063232422,53.57033157348633
2019-03-22,252.24513244628906,23.989837646484375,22.31085205078125,65.26973724365234,34.47555160522461,45.97077941894531,23.681928634643555,80.69029235839844,52.50767135620117
2019-03-25,252.05548095703125,24.000825881958008,22.21400260925293,65.42182922363281,34.325077056884766,46.06257629394531,23.702178955078125,80.64579010009766,52.81800842285156
2019-03-26,253.934326171875,24.34527015686035,22.478139877319336,65.8602294921875,34.51316833496094,46.454837799072266,23.87222671508789,81.19783782958984,53.043697357177734
2019-03-27,252.60647583007812,24.17304801940918,22.38128662109375,65.93181610107422,34.315670013427734,46.2962646484375,23.706222534179688,80.52110290527344,52.93555450439453
2019-03-28,253.56398010253906,24.2646541595459,22.574989318847656,66.41496276855469,34.456729888916016,46.521602630615234,23.426855087280273,80.72592163085938,53.25529861450195
2019-03-29,255.16282653808594,24.228008270263672,22.636619567871094,67.13075256347656,34.7952880859375,46.830413818359375,23.5523681640625,81.69649505615234,53.532711029052734
2019-04-01,258.18890380859375,24.54679298400879,23.191307067871094,68.51756286621094,35.27019119262695,46.671836853027344,23.390417098999023,81.82112884521484,54.12046813964844
2019-04-02,258.3153076171875,24.37824058532715,23.1737003326416,68.49073028564453,35.3924446105957,46.28791809082031,23.42280387878418,81.6341552734375,54.11106491088867
2019-04-03,258.7218322753906,24.143728256225586,23.244136810302734,68.2849349975586,35.67927169799805,46.06257629394531,23.386363983154297,81.52730560302734,54.49192810058594
2019-04-04,259.4083557128906,24.34527015686035,23.385019302368164,68.7054443359375,35.52880859375,46.23783493041992,23.305387496948242,81.35811614990234,54.93391799926758
2019-04-05,260.6639099121094,24.773983001708984,23.420228958129883,68.90229034423828,35.698089599609375,46.39641571044922,23.524024963378906,81.91909790039062,55.258365631103516
2019-04-08,260.8625793457031,24.883909225463867,23.446640014648438,68.6070327758789,35.834442138671875,46.58837890625,23.358020782470703,81.9012680053711,55.45585250854492
2019-04-09,259.5257263183594,24.57977294921875,23.252939224243164,67.6765365600586,35.66518020629883,46.52996063232422,23.414705276489258,81.68757629394531,54.95743179321289
2019-04-10,260.41094970703125,24.671384811401367,23.323383331298828,67.65864562988281,35.914371490478516,46.66349411010742,23.341825485229492,81.71428680419922,55.22074890136719
2019-04-11,260.3387145996094,24.689706802368164,23.464248657226562,68.24020385742188,35.86735153198242,46.75529479980469,23.459245681762695,80.7081298828125,55.29127883911133
2019-04-12,262.10009765625,24.755659103393555,23.895679473876953,69.14388275146484,36.116573333740234,46.9055290222168,23.56856346130371,79.96905517578125,55.63451385498047
2019-04-15,261.9284973144531,24.60909652709961,23.746000289916992,68.75914001464844,36.10245895385742,47.18096160888672,23.564516067504883,80.28959655761719,55.74737548828125
2019-04-16,262.10009765625,24.770315170288086,24.080581665039062,69.17963409423828,36.285831451416016,47.189308166503906,23.272993087768555,78.64231872558594,55.991878509521484
2019-04-17,261.458740234375,24.737340927124023,24.142210006713867,69.26911926269531,36.488033294677734,47.42300033569336,23.183917999267578,76.38064575195312,56.10001754760742
2019-04-18,261.9736328125,24.620080947875977,24.0717716217041,70.06542205810547,36.59147644042969,47.46471405029297,23.196067810058594,76.50530242919922,56.08122253417969
2019-04-22,262.19952392578125,25.14040184020996,24.0013370513916,69.85069274902344,36.676116943359375,47.481422424316406,23.175823211669922,76.54985046386719,55.86963653564453
2019-04-23,264.55706787109375,25.100101470947266,24.1510066986084,70.45909881591797,37.07578659057617,47.33119201660156,23.2406005859375,77.76078033447266,56.53731918334961
2019-04-24,263.969970703125,24.660388946533203,24.124595642089844,70.25331115722656,37.08989715576172,47.43134307861328,23.390417098999023,77.67173767089844,56.58904266357422
2019-04-25,263.8072814941406,24.58344078063965,24.168622970581055,68.83965301513672,37.08049392700195,47.13087844848633,23.487585067749023,78.47313690185547,56.29280090332031
2019-04-26,265.03582763671875,24.2646541595459,24.388736724853516,69.35861206054688,36.939430236816406,47.5565299987793,23.524024963378906,79.2567138671875,56.739498138427734
2019-04-29,265.4513244628906,24.24266815185547,24.635265350341797,69.51961517333984,36.948829650878906,47.614959716796875,23.386363983154297,79.11425018310547,56.542015075683594
2019-04-30,265.5867919921875,24.22433853149414,24.670488357543945,69.79701232910156,37.00996017456055,48.16581344604492,23.771013259887695,79.47930908203125,56.45738983154297
2019-05-01,263.590576171875,23.740663528442383,24.46797752380371,69.34071350097656,36.91591262817383,47.5732307434082,23.5280818939209,79.33683776855469,55.77088928222656
2019-05-02,263.02142333984375,23.326602935791016,24.494394302368164,69.3049087524414,36.723121643066406,47.5565299987793,23.47544288635254,79.67520904541016,55.813201904296875
2019-05-03,265.5959167480469,23.542789459228516,24.714508056640625,70.14595031738281,37.071083068847656,47.91542053222656,23.60500717163086,80.28071594238281,56.47148895263672
2019-05-06,264.5028991699219,23.56477928161621,24.547222137451172,69.47491455078125,36.78425979614258,47.840301513671875,23.47544288635254,80.69029235839844,56.12823486328125
2019-05-07,260.0858154296875,23.35958480834961,24.142210006713867,68.07020568847656,35.99431228637695,47.36457443237305,23.402557373046875,79.14096069335938,55.27717208862305
2019-05-08,259.7244567871094,23.35958480834961,24.08938217163086,68.07020568847656,35.952003479003906,47.35623550415039,23.082700729370117,79.31015014648438,55.295963287353516
2019-05-09,258.93865966796875,23.35958480834961,24.03655242919922,67.97179412841797,35.70749282836914,47.256065368652344,23.05435562133789,79.14096069335938,55.070289611816406
2019-05-10,260.2393493652344,23.469514846801758,24.195035934448242,68.24020385742188,35.82033157348633,47.83195495605469,23.46734046936035,79.16767883300781,55.15021514892578
2019-05-13,253.69943237304688,23.06644058227539,23.490671157836914,66.29866027832031,34.4708366394043,47.381263732910156,23.718374252319336,77.6806640625,53.50920486450195
2019-05-14,255.99388122558594,23.34859275817871,23.67556381225586,66.98761749267578,35.02569580078125,47.60661697387695,23.560462951660156,78.07245635986328,54.0499267578125
2019-05-15,257.4933166503906,23.469514846801758,23.5875186920166,67.07705688476562,35.40655517578125,47.98219299316406,23.51997947692871,78.30394744873047,54.41670227050781
2019-05-16,259.8780822753906,23.597761154174805,23.825239181518555,67.69441986083984,35.73099136352539,48.357765197753906,23.677886962890625,78.91838073730469,54.91981887817383
2019-05-17,258.1979064941406,23.35958480834961,23.66676139831543,66.94286346435547,35.444175720214844,48.19918441772461,23.79935073852539,78.7491683959961,54.5013427734375
2019-05-20,256.49072265625,23.37057113647461,23.693172454833984,66.77286529541016,34.82819747924805,48.08234405517578,23.831743240356445,78.71354675292969,54.11577606201172
2019-05-21,258.8031005859375,23.641727447509766,23.939706802368164,67.56021118164062,35.25608825683594,47.98219299316406,23.876279830932617,79.45259857177734,54.49192810058594
2019-05-22,258.0081787109375,23.27530288696289,23.798828125,67.00547790527344,35.07270812988281,48.19918441772461,24.054431915283203,79.9067153930664,53.93238830566406
2019-05-23,254.8556671142578,22.49481773376465,23.464248657226562,65.98550415039062,34.456729888916016,48.182498931884766,24.26091957092285,79.63070678710938,53.26470184326172
2019-05-24,255.43382263183594,22.57909393310547,23.649150848388672,66.01234436035156,34.46614074707031,48.00722885131836,24.224483489990234,79.7464599609375,53.335227966308594
2019-05-28,253.05819702148438,22.344581604003906,23.376209259033203,65.40391540527344,34.36738967895508,47.22269058227539,23.827695846557617,78.60669708251953,52.982574462890625
2019-05-29,251.3598175048828,22.201677322387695,23.332185745239258,65.10870361328125,34.16520690917969,46.8804931640625,23.511877059936523,77.849853515625,52.51237487792969
2019-05-30,252.0464324951172,21.919530868530273,23.252939224243164,65.35919189453125,34.376800537109375,47.080806732177734,23.47544288635254,78.2772445678711,52.85561752319336
2019-05-31,248.65005493164062,21.5347843170166,22.9007568359375,64.46448516845703,33.80315399169922,46.413108825683594,23.584758758544922,77.71627044677734,52.1644172668457
2019-06-03,248.0177764892578,21.80960464477539,23.05043601989746,64.90290069580078,33.210689544677734,46.99734878540039,23.819589614868164,77.90325927734375,51.727149963378906
2019-06-04,253.4014129638672,22.18702507019043,23.67556381225586,66.45075988769531,34.32038879394531,47.42300033569336,23.83983612060547,79.19436645507812,53.12833023071289
2019-06-05,255.59640502929688,21.941518783569336,23.825239181518555,67.0949478149414,34.767066955566406,47.96549606323242,24.35000228881836,79.79096221923828,53.391658782958984
2019-06-06,257.25848388671875,22.34825325012207,23.913293838500977,67.2112808227539,35.17146682739258,48.466270446777344,24.49980354309082,80.20055389404297,53.664363861083984
2019-06-07,259.8328552246094,22.450847625732422,23.878070831298828,67.74812316894531,35.82503890991211,48.933658599853516,24.317607879638672,81.03756713867188,54.440208435058594
2019-06-10,261.0252685546875,22.516803741455078,24.080581665039062,67.83756256103516,36.191802978515625,48.95034408569336,24.151601791381836,81.27798461914062,54.90100860595703
2019-06-11,260.9620056152344,22.56077766418457,24.08938217163086,67.25601196289062,36.191802978515625,49.10891342163086,24.005842208862305,81.1444091796875,55.112606048583984
2019-06-12,260.501220703125,22.241987228393555,23.851661682128906,67.39918518066406,35.98961639404297,49.18404006958008,24.317607879638672,81.53619384765625,55.098487854003906
2019-06-13,261.5761413574219,22.502147674560547,23.93089485168457,67.73916625976562,36.09776306152344,49.29254913330078,24.366199493408203,81.43824005126953,55.59221267700195
2019-06-14,261.2872009277344,22.355579376220703,23.983722686767578,67.47074890136719,35.78273010253906,49.31758499145508,24.62127685546875,81.25126647949219,55.714454650878906
2019-06-17,261.386474609375,22.54245376586914,23.763607025146484,67.23809814453125,35.81092834472656,49.17568588256836,24.552440643310547,81.6163330078125,55.73796081542969
2019-06-18,264.12347412109375,22.853906631469727,24.080581665039062,68.54442596435547,36.45981979370117,48.90861511230469,24.451217651367188,82.3108901977539,56.16115951538086
2019-06-19,264.7196350097656,22.828266143798828,24.03655242919922,68.49073028564453,36.59147644042969,49.10891342163086,24.637466430664062,83.04993438720703,56.26460647583008
2019-06-20,267.2489318847656,23.333934783935547,24.142210006713867,69.63597106933594,37.12751388549805,49.542930603027344,24.795381546020508,83.41498565673828,56.65486526489258
2019-06-21,266.8604736328125,23.502548217773438,24.088226318359375,69.26483154296875,36.95198059082031,49.382293701171875,24.891284942626953,83.81561279296875,56.39252471923828
2019-06-24,266.5336608886719,23.291776657104492,23.99088478088379,69.13005065917969,37.022762298583984,49.508445739746094,24.89944839477539,83.37745666503906,56.09056091308594
2019-06-25,263.91949462890625,23.10689926147461,23.911237716674805,68.60885620117188,36.343257904052734,49.483211517333984,24.748437881469727,83.03765106201172,55.55268096923828
2019-06-26,263.6562194824219,23.461870193481445,23.86699104309082,68.77960205078125,36.73490905761719,48.776790618896484,24.20972442626953,81.99139404296875,55.73198699951172
2019-06-27,264.5911865234375,23.2880802154541,24.079376220703125,68.84249877929688,36.82930374145508,48.869300842285156,24.242374420166016,82.56369018554688,56.08113479614258
2019-06-28,265.9527282714844,23.558012008666992,24.42450523376465,69.57035827636719,36.824581146240234,48.83566665649414,24.336240768432617,82.84090423583984,56.24155044555664
2019-07-01,268.36712646484375,23.580196380615234,24.716533660888672,69.63327026367188,37.40968704223633,49.12999725341797,24.2750244140625,83.25223541259766,56.736976623535156
2019-07-02,269.06610107421875,23.203033447265625,24.65459442138672,69.54341888427734,37.5087776184082,49.558895111083984,24.605602264404297,83.69935607910156,56.85963439941406
2019-07-03,271.21734619140625,23.29547882080078,24.849279403686523,69.92982482910156,37.7966194152832,50.172828674316406,24.77701187133789,84.41471862792969,57.35506057739258
2019-07-05,270.90869140625,23.328754425048828,24.920082092285156,69.65125274658203,37.72584533691406,49.954166412353516,24.7647705078125,83.83348846435547,57.421112060546875
2019-07-08,269.4200439453125,23.362037658691406,24.796188354492188,69.07613372802734,37.4379997253418,50.02143478393555,24.801498413085938,83.20753479003906,57.49189376831055
2019-07-09,269.75604248046875,23.380521774291992,24.84042739868164,68.92335510253906,37.57012939453125,49.72709655761719,24.834144592285156,83.28804016113281,57.55323028564453
2019-07-10,271.0448303222656,23.680038452148438,24.75193977355957,68.76160430908203,37.86739730834961,50.04666519165039,24.891284942626953,83.57414245605469,57.76082229614258
2019-07-11,271.68023681640625,23.72810173034668,24.893524169921875,69.22887420654297,38.008968353271484,50.172828674316406,24.89944839477539,83.592041015625,57.878787994384766
2019-07-12,272.89654541015625,23.82794761657715,25.061664581298828,70.44200134277344,38.2873649597168,50.31578826904297,24.736202239990234,82.66207122802734,58.544063568115234
2019-07-15,272.9873046875,23.61347770690918,24.920082092285156,70.15445709228516,38.414772033691406,50.433528900146484,24.834144592285156,82.84090423583984,58.732784271240234
2019-07-16,272.1068420410156,23.362037658691406,24.85813331604004,70.6037826538086,38.05615997314453,50.45035171508789,24.69131088256836,82.4295654296875,58.657291412353516
2019-07-17,270.25518798828125,23.09580421447754,24.6457462310791,69.0941162109375,37.957054138183594,50.39147186279297,24.785173416137695,82.44744110107422,58.09581756591797
2019-07-18,271.2445068359375,23.09949493408203,24.831579208374023,69.21989440917969,38.240177154541016,50.72786331176758,25.001480102539062,82.91243743896484,58.020328521728516
2019-07-19,269.7377624511719,23.206729888916016,24.72538948059082,69.59732055664062,38.07502365112305,50.408294677734375,24.63825035095215,82.05400085449219,57.638160705566406
2019-07-22,270.400390625,23.313968658447266,24.778486251831055,69.65125274658203,38.513858795166016,50.11394119262695,24.58519744873047,81.88407135009766,57.67118453979492
2019-07-23,272.333740234375,23.37682342529297,25.03512191772461,70.5318832397461,38.72620391845703,50.47556686401367,24.43010711669922,82.39379119873047,58.062782287597656
2019-07-24,273.61358642578125,23.476659774780273,25.291749954223633,70.83739471435547,39.04707336425781,50.1391716003418,24.45051383972168,82.4384994506836,58.35531997680664
2019-07-25,272.3064880371094,23.210432052612305,25.11475944519043,70.6936264038086,38.88664245605469,50.20646286010742,24.389293670654297,82.03609466552734,58.029762268066406
2019-07-26,274.1309814453125,23.09210205078125,25.389097213745117,70.54085540771484,38.971580505371094,50.76990509033203,24.479082107543945,82.33122253417969,58.29399108886719
2019-07-29,273.6316833496094,22.999664306640625,25.194412231445312,70.4150619506836,38.9479866027832,50.8624153137207,24.605602264404297,82.6709976196289,58.010902404785156
2019-07-30,272.9599914550781,23.258502960205078,25.123613357543945,70.72057342529297,38.69789123535156,51.0137939453125,24.417865753173828,82.31332397460938,57.61928176879883
2019-07-31,269.9737243652344,23.184541702270508,24.999725341796875,69.92982482910156,38.11276626586914,49.97939682006836,24.303592681884766,81.49955749511719,56.958717346191406
2019-08-01,267.6229248046875,22.659473419189453,24.433353424072266,68.57288360595703,37.9193000793457,49.80278396606445,24.55254554748535,81.60689544677734,56.184932708740234
2019-08-02,265.60772705078125,22.334077835083008,24.42450523376465,68.132568359375,37.30116271972656,49.811187744140625,24.5484619140625,81.41909790039062,55.7225341796875
2019-08-05,257.6201171875,21.66849136352539,23.61035919189453,66.2455062866211,35.74400329589844,48.516082763671875,24.19747543334961,79.50546264648438,54.22684860229492
2019-08-06,261.2327575683594,21.642606735229492,23.99088478088379,67.24296569824219,36.33855438232422,48.953392028808594,24.49948501586914,80.53378295898438,55.05254364013672
2019-08-07,261.38702392578125,21.47990608215332,23.672298431396484,67.20703125,36.56504821777344,49.525264739990234,24.560710906982422,80.56062316894531,55.2743034362793
2019-08-08,266.51544189453125,22.09741973876953,24.123628616333008,68.3482666015625,37.461605072021484,50.1644172668457,24.813739776611328,81.63370513916016,56.34063720703125
2019-08-09,264.70013427734375,21.853374481201172,24.04397964477539,67.77313995361328,37.03691864013672,49.88689041137695,24.842313766479492,81.73206329345703,55.81218338012695
2019-08-12,261.47784423828125,21.594539642333984,23.58380889892578,66.83860778808594,36.55088424682617,49.55049514770508,24.7933349609375,80.93618774414062,55.000648498535156
2019-08-13,265.5442810058594,21.79421043395996,23.87584114074707,67.63834381103516,37.46630859375,50.11394119262695,24.809659957885742,81.99139404296875,55.906551361083984
2019-08-14,257.6927490234375,20.940040588378906,22.990894317626953,65.57154083251953,36.31495666503906,49.323429107666016,24.605602264404297,79.71111297607422,54.15607833862305
2019-08-15,258.3734130859375,20.810623168945312,23.105937957763672,65.49964904785156,36.248897552490234,50.06349563598633,24.923934936523438,79.98833465576172,54.06643295288086
2019-08-16,262.185791015625,21.084253311157227,23.513010025024414,66.76670837402344,36.93782424926758,50.63534927368164,25.05044937133789,80.97198486328125,54.679805755615234
2019-08-19,265.3445739746094,21.550159454345703,23.7519474029541,67.39573669433594,37.49935531616211,51.13994598388672,25.209617614746094,81.74995422363281,55.36867904663086
2019-08-20,263.3114013671875,21.368976593017578,23.43337059020996,67.0003433227539,37.31058883666992,50.58489990234375,25.168807983398438,81.0524673461914,55.38283157348633
2019-08-21,265.4534606933594,21.50579261779785,23.539562225341797,67.4136962890625,37.749427795410156,50.719459533691406,25.336137771606445,81.65157318115234,56.449153900146484
2019-08-22,265.3717956542969,21.40965461730957,23.6988525390625,67.51254272460938,37.65978240966797,50.98856735229492,25.36062240600586,81.24918365478516,56.46330261230469
2019-08-23,258.5550537109375,20.692296981811523,23.097091674804688,65.70632934570312,36.41404342651367,50.1391716003418,25.091264724731445,79.37129974365234,54.96289825439453
2019-08-26,261.4142761230469,20.781042098999023,23.31832504272461,66.19161224365234,36.918941497802734,50.76150894165039,25.381027221679688,80.20294952392578,55.505516052246094
2019-08-27,260.3885803222656,20.651626586914062,23.17673683166504,65.8501205444336,36.86232376098633,50.61853790283203,25.425926208496094,79.72899627685547,55.23183822631836
2019-08-28,262.22216796875,20.94743537902832,23.389118194580078,66.65885162353516,36.89535140991211,51.1063117980957,25.35654067993164,80.31024932861328,55.92070770263672
2019-08-29,265.571533203125,21.25434684753418,23.743099212646484,67.80008697509766,37.53709411621094,51.13153839111328,25.532028198242188,80.91832733154297,56.760555267333984
2019-08-30,265.4534606933594,21.25434684753418,23.82274627685547,68.07867431640625,37.52765655517578,51.06426239013672,25.540199279785156,81.01669311523438,56.42084884643555
2019-09-03,263.9013366699219,21.150815963745117,23.574960708618164,67.15311431884766,37.069950103759766,51.358604431152344,25.99321174621582,80.54275512695312,56.18964767456055
2019-09-04,266.89666748046875,21.446622848510742,23.80504035949707,68.00679779052734,37.70226287841797,51.821136474609375,26.0177001953125,80.59640502929688,56.74639892578125
2019-09-05,270.3277893066406,21.712862014770508,24.291767120361328,69.22887420654297,38.49026870727539,51.50156784057617,25.736093521118164,81.39226531982422,57.831607818603516
2019-09-06,270.53656005859375,21.82749366760254,24.282917022705078,69.37265014648438,38.45722579956055,51.66975784301758,25.634065628051758,81.61582946777344,57.97314453125
2019-09-09,270.6727600097656,22.26382064819336,24.65459442138672,69.57935333251953,38.16938781738281,51.552032470703125,25.507545471191406,80.86467742919922,58.19489669799805
2019-09-10,270.6091613769531,22.526355743408203,24.74308204650879,70.21736145019531,37.97593307495117,51.23244857788086,25.540199279785156,81.0971908569336,57.96371078491211
2019-09-11,272.53350830078125,22.548538208007812,24.884679794311523,70.87335205078125,38.3723030090332,51.4174690246582,25.79323387145996,81.90196228027344,58.072227478027344
2019-09-12,273.47747802734375,22.408029556274414,25.01742172241211,70.91826629638672,38.579933166503906,51.627716064453125,25.850366592407227,81.8751449584961,58.35060501098633
2019-09-13,273.2958679199219,22.58551788330078,25.212106704711914,71.30467224121094,38.296810150146484,51.333370208740234,25.687116622924805,81.8304443359375,58.232643127441406
2019-09-16,272.4517822265625,23.343544006347656,25.123613357543945,71.24176788330078,38.20242691040039,50.83719253540039,25.70752716064453,81.65157318115234,57.48716354370117
2019-09-17,273.1416015625,23.018150329589844,25.150163650512695,71.20584106445312,38.35814666748047,51.11471939086914,25.931997299194336,81.77680206298828,57.83631896972656
2019-09-18,273.3049621582031,22.90721893310547,25.2386531829834,71.09799194335938,38.35342788696289,51.19881057739258,26.042186737060547,81.7678451538086,57.80800247192383
2019-09-19,273.28680419921875,22.848058700561523,25.123613357543945,70.73855590820312,38.43836975097656,51.190399169921875,26.164621353149414,82.1523666381836,57.65230941772461
2019-09-20,271.9956359863281,22.866710662841797,24.975967407226562,70.29138946533203,37.9901123046875,51.027976989746094,26.26826286315918,82.61029052734375,56.991458892822266
2019-09-23,271.9317626953125,22.87417221069336,25.02043342590332,70.1558837890625,38.10845184326172,51.23101043701172,26.272377014160156,82.17031860351562,57.19028091430664
2019-09-24,269.7980041503906,22.512216567993164,24.780284881591797,69.7584228515625,37.73925018310547,51.4425048828125,26.58083152770996,81.41606140136719,56.57960510253906
2019-09-25,271.3937683105469,22.54953384399414,24.984861373901367,70.2100830078125,38.18891143798828,51.4763298034668,26.56438446044922,81.02095031738281,57.0955924987793
2019-09-26,270.8284606933594,22.254749298095703,24.86922836303711,70.30946350097656,38.231510162353516,51.76395034790039,26.704219818115234,80.57199096679688,56.849430084228516
2019-09-27,269.3694763183594,22.25101661682129,24.967069625854492,70.0293960571289,37.720306396484375,51.70474624633789,26.609619140625,80.21282196044922,56.65061950683594
2019-09-30,270.6187438964844,22.090557098388672,24.90481185913086,70.12876892089844,38.11790084838867,51.958526611328125,26.626081466674805,80.93115997314453,57.13820266723633
2019-10-01,267.3997497558594,21.5793399810791,24.380029678344727,68.4485092163086,37.76291275024414,51.823177337646484,26.56438446044922,80.1409683227539,56.66008377075195
2019-10-02,262.6761779785156,21.049468994140625,23.88193130493164,67.15668487548828,37.05290603637695,50.78264236450195,26.2106876373291,78.9736557006836,55.64228439331055
2019-10-03,264.8281555175781,21.277084350585938,23.97977066040039,67.5993423461914,37.507301330566406,51.13794708251953,26.272377014160156,79.68302154541016,55.91212844848633
2019-10-04,268.4119873046875,21.41142463684082,24.424503326416016,68.30398559570312,38.127384185791016,51.94161605834961,26.638408660888672,80.93115997314453,56.437591552734375
2019-10-07,267.2538757324219,21.221115112304688,24.29998016357422,67.96067810058594,37.966453552246094,51.51863098144531,26.53559112548828,80.66178131103516,56.19142150878906
2019-10-08,263.10479736328125,20.859155654907227,23.819671630859375,66.91278839111328,37.270633697509766,51.027976989746094,26.288827896118164,79.12631225585938,55.59967803955078
2019-10-09,265.603271484375,21.049468994140625,24.042034149169922,67.48188018798828,37.82445526123047,51.41712188720703,26.416324615478516,79.70096588134766,56.07307815551758
2019-10-10,267.3997497558594,21.314403533935547,24.291078567504883,68.09619903564453,38.08477783203125,51.51863098144531,26.38753318786621,80.09607696533203,56.447044372558594
2019-10-11,270.1719055175781,21.60172462463379,24.593496322631836,69.37897491455078,38.610191345214844,51.467872619628906,26.288827896118164,80.76055145263672,57.08613967895508
2019-10-14,269.87091064453125,21.590534210205078,24.62907600402832,69.24346160888672,38.586517333984375,51.214088439941406,26.120203018188477,80.7246322631836,57.05772399902344
2019-10-15,272.5427551269531,21.680089950561523,24.984861373901367,69.80357360839844,39.01251983642578,50.994140625,26.037944793701172,82.1972427368164,57.55952835083008
2019-10-16,272.1049499511719,21.377838134765625,24.92259979248047,69.76744079589844,38.74271774291992,51.04489517211914,26.09552764892578,82.08949279785156,57.79621124267578
2019-10-17,272.9074401855469,21.39276885986328,24.94038963317871,70.11071014404297,38.666988372802734,51.28176498413086,26.161327362060547,82.70008087158203,57.94770812988281
2019-10-18,271.7129821777344,21.28081703186035,25.00264549255371,69.50546264648438,38.29777526855469,51.38328170776367,26.247697830200195,82.39479064941406,57.83409118652344
2019-10-21,273.5549621582031,21.661434173583984,25.349533081054688,69.92101287841797,38.709590911865234,51.5524787902832,26.35051918029785,82.30500030517578,58.03764724731445
2019-10-22,272.66131591796875,21.94129753112793,25.278379440307617,70.47207641601562,38.18891143798828,51.569393157958984,26.461563110351562,82.48458099365234,57.668399810791016
2019-10-23,273.45465087890625,22.124141693115234,25.38511848449707,70.46302795410156,38.22205352783203,51.80625534057617,26.56849479675293,82.99642944335938,57.40330505371094
2019-10-24,273.9014892578125,22.030853271484375,25.349533081054688,70.5624008178711,38.78057861328125,51.98390197753906,26.658973693847656,82.57437896728516,57.374900817871094
2019-10-25,275.02301025390625,22.209964752197266,25.474056243896484,71.00504302978516,39.24919128417969,51.67936706542969,26.38753318786621,82.66417694091797,57.308624267578125
2019-10-28,276.57318115234375,22.08309555053711,25.60747718811035,71.20379638671875,39.746185302734375,51.57785415649414,26.025606155395508,83.51721954345703,57.4885139465332
2019-10-29,276.49114990234375,22.172649383544922,25.669742584228516,71.43868255615234,39.38645553588867,51.57785415649414,26.050289154052734,84.7024917602539,57.16188049316406
2019-10-30,277.3392639160156,21.721139907836914,25.651954650878906,71.69160461425781,39.627864837646484,51.814720153808594,26.28059959411621,85.17839050292969,57.51691436767578
2019-10-31,276.6005859375,21.62784767150879,25.527427673339844,70.92376708984375,39.60419845581055,51.738582611083984,26.424551010131836,85.07962799072266,57.20921325683594
2019-11-01,279.1629638671875,22.12040901184082,25.901004791259766,72.46852111816406,40.07752990722656,51.73012924194336,26.358745574951172,85.18738555908203,57.58792495727539
2019-11-04,280.2846374511719,22.840587615966797,26.123361587524414,73.30864715576172,40.28580856323242,51.23101043701172,26.021501541137695,84.92696380615234,57.61632537841797
2019-11-05,279.97454833984375,22.870441436767578,26.221206665039062,73.46222686767578,40.238468170166016,51.40019226074219,25.754167556762695,84.32537841796875,57.7015266418457
2019-11-06,280.0383605957031,22.404003143310547,26.354623794555664,73.50740814208984,40.21952819824219,51.6116943359375,25.85287094116211,84.61270141601562,57.7630729675293
2019-11-07,281.0231018066406,22.739845275878906,26.550304412841797,73.76033782958984,40.53667449951172,51.43404006958008,25.50328826904297,84.80127716064453,57.41749954223633
2019-11-08,281.7162170410156,22.64655113220215,26.541412353515625,73.85970306396484,40.76388168334961,51.40019226074219,25.39635467529297,85.42084503173828,57.441165924072266
2019-11-11,281.1783142089844,22.519681930541992,26.47025489807129,73.89584350585938,40.782806396484375,51.324066162109375,25.240074157714844,85.07063293457031,57.32282257080078
2019-11-12,281.7709655761719,22.404003143310547,26.505826950073242,73.88680267333984,40.92007827758789,51.493255615234375,25.301759719848633,85.58246612548828,57.284950256347656
2019-11-13,281.8621826171875,22.30698013305664,26.336835861206055,73.57968139648438,41.0100212097168,51.88239288330078,25.676023483276367,85.68125915527344,57.10505676269531
2019-11-14,282.2724304199219,22.247278213500977,26.390201568603516,73.81454467773438,40.962669372558594,51.8654899597168,25.766508102416992,85.69023132324219,57.351234436035156
2019-11-15,284.3151550292969,22.418930053710938,26.46135902404785,74.35655212402344,41.29400634765625,51.88239288330078,25.848758697509766,87.51305389404297,57.45537185668945
2019-11-18,284.52484130859375,22.146530151367188,26.514724731445312,74.07650756835938,41.41707992553711,52.15309143066406,25.90222930908203,87.21672821044922,57.65420150756836
2019-11-19,284.44281005859375,21.818153381347656,26.568090438842773,74.01327514648438,41.4975471496582,52.085418701171875,25.836421966552734,87.8093490600586,57.019859313964844
2019-11-20,283.3850402832031,22.03831672668457,26.44356918334961,73.42608642578125,41.24666976928711,52.203853607177734,25.992712020874023,87.69263458251953,56.887298583984375
2019-11-21,282.9291076660156,22.400272369384766,26.416885375976562,73.39899444580078,41.03840637207031,51.94161605834961,25.90222930908203,87.91712951660156,56.565406799316406
2019-11-22,283.5582580566406,22.325645446777344,26.612565994262695,73.77841186523438,40.98634338378906,51.85701370239258,25.91044807434082,88.23139953613281,56.95357894897461
2019-11-25,285.75592041015625,22.348031997680664,26.781566619873047,74.31138610839844,41.58274459838867,51.916229248046875,25.824087142944336,89.2640380859375,57.45537185668945
2019-11-26,286.4032897949219,22.142797470092773,26.754880905151367,74.52821350097656,41.6206169128418,52.339210510253906,25.91044807434082,89.19219970703125,57.84828567504883
2019-11-27,287.679931640625,22.198774337768555,26.861616134643555,74.4559326171875,41.85255432128906,52.46609878540039,25.95569610595703,89.65011596679688,58.3453483581543
2019-11-29,286.61309814453125,21.97488021850586,26.817140579223633,74.11265563964844,41.72948455810547,52.449188232421875,25.931011199951172,89.33586120605469,57.96664047241211
2019-12-02,284.1783447265625,21.97488021850586,26.648141860961914,72.89309692382812,41.13307571411133,52.56761932373047,25.76239585876465,88.94078063964844,57.4885139465332
2019-12-03,282.2724304199219,21.646507263183594,26.27457046508789,72.09811401367188,40.76860809326172,52.483028411865234,25.83230972290039,88.74321746826172,56.910972595214844
2019-12-04,284.01422119140625,21.971153259277344,26.523616790771484,72.37818145751953,40.93427658081055,52.82986831665039,26.029726028442383,89.5693359375,57.228145599365234
2019-12-05,284.52484130859375,21.86667251586914,26.648141860961914,72.396240234375,41.08574676513672,52.81295394897461,26.074960708618164,89.5693359375,57.17134094238281
2019-12-06,287.1237487792969,22.28460121154785,27.003931045532227,73.27250671386719,41.54014205932617,53.01597213745117,25.9968204498291,90.16197204589844,57.630531311035156
2019-12-09,286.22088623046875,22.25847625732422,26.941665649414062,72.99247741699219,41.322410583496094,53.05827331542969,25.906339645385742,89.53341674804688,57.7015266418457
2019-12-10,285.9017639160156,22.303251266479492,26.950559616088867,72.90213012695312,41.35554504394531,52.88907241821289,25.90222930908203,89.73095703125,57.60211944580078
2019-12-11,286.7132873535156,22.265933990478516,26.888301849365234,73.36286163330078,41.63481903076172,52.96521759033203,25.972143173217773,89.81175231933594,57.74887466430664
2019-12-12,289.18450927734375,22.676406860351562,27.413084030151367,74.01327514648438,42.07974624633789,52.92292785644531,25.861101150512695,90.64683532714844,58.25539779663086
2019-12-13,289.3578186035156,22.504751205444336,27.315235137939453,73.81454467773438,42.3590202331543,53.1090202331543,26.0626277923584,90.58397674560547,58.30747604370117
2019-12-16,291.345703125,22.807008743286133,27.413084030151367,73.77841186523438,42.73768997192383,53.29513931274414,26.38753318786621,91.562744140625,58.563114166259766
2019-12-17,291.4095764160156,22.821931838989258,27.519813537597656,73.70612335205078,42.6382942199707,53.21055221557617,26.473905563354492,91.46395874023438,58.823482513427734
2019-12-18,291.4278259277344,22.907756805419922,27.404186248779297,73.39899444580078,42.63356018066406,53.12593460083008,26.58083152770996,91.58967590332031,58.880271911621094
2019-12-19,292.6224365234375,22.900291442871094,27.395292282104492,73.59774017333984,42.94123077392578,53.41356658935547,26.58906364440918,91.9488525390625,59.06489944458008
2019-12-20,293.9052734375,23.119964599609375,27.427471160888672,73.93636322021484,43.190547943115234,53.81698226928711,26.771848678588867,92.59984588623047,59.15514373779297
2019-12-23,294.3542785644531,23.357345581054688,27.364891052246094,74.54462432861328,43.31400680541992,53.58671569824219,26.523157119750977,92.96952056884766,59.017417907714844
2019-12-24,294.363525390625,23.346040725708008,27.427471160888672,74.24503326416016,43.32826614379883,53.654937744140625,26.560455322265625,92.8523178100586,59.150390625
2019-12-26,295.9305114746094,23.338504791259766,27.579448699951172,74.41753387451172,43.65117263793945,53.70610427856445,26.60605812072754,92.7891845703125,59.87232208251953
2019-12-27,295.857177734375,23.240541458129883,27.507932662963867,74.35399627685547,43.646427154541016,53.94491958618164,26.684804916381836,92.81624603271484,59.86758041381836
2019-12-30,294.2259826660156,23.167192459106445,27.427471160888672,74.00899505615234,43.394737243652344,53.6634635925293,26.6806640625,92.259033203125,59.48285675048828
2019-12-31,294.9407653808594,23.299135208129883,27.516874313354492,73.96360778808594,43.5324592590332,53.714637756347656,26.78428840637207,92.44052124023438,59.56835174560547
2020-01-02,297.6990051269531,23.508684158325195,27.785070419311523,75.3616943359375,44.34925842285156,53.28820037841797,26.44854736328125,92.6855697631836,60.276023864746094
2020-01-03,295.44476318359375,23.43883514404297,27.490049362182617,75.2164535522461,43.85063934326172,53.20290756225586,26.50243377685547,91.87784576416016,59.763084411621094
2020-01-06,296.57183837890625,23.62122344970703,27.4721736907959,75.24369049072266,43.95509719848633,53.313785552978516,26.52729606628418,92.44959259033203,59.92930603027344
2020-01-07,295.7379455566406,23.55913543701172,27.293376922607422,75.08934783935547,43.93611145019531,52.90439987182617,26.4899959564209,92.26810455322266,59.834327697753906
2020-01-08,297.3141784667969,23.17107391357422,27.4721736907959,75.34354400634766,44.40623474121094,53.100563049316406,26.477563858032227,92.86705017089844,60.01480484008789
2020-01-09,299.330078125,23.341821670532227,27.642030715942383,75.66130065917969,44.90962219238281,53.47583770751953,26.62263298034668,93.2663803100586,60.33301544189453
2020-01-10,298.4687194824219,23.209884643554688,27.43640899658203,75.12567138671875,44.80514144897461,53.44171142578125,26.693098068237305,93.2936019897461,60.00531005859375
2020-01-13,300.52142333984375,23.21764373779297,27.6241512298584,75.74302673339844,45.36550521850586,53.79139709472656,26.854745864868164,92.96691131591797,60.19528579711914
2020-01-14,300.06317138671875,23.221525192260742,27.570507049560547,75.7520980834961,45.15180587768555,53.80845642089844,26.93350601196289,93.52957153320312,60.17627716064453
2020-01-15,300.7413024902344,23.050777435302734,27.41853141784668,75.8700942993164,45.204044342041016,54.192264556884766,27.310686111450195,94.33724975585938,60.03855895996094
2020-01-16,303.2430419921875,23.089584350585938,27.659910202026367,76.62362670898438,45.81189727783203,54.337242126464844,27.480621337890625,94.82731628417969,60.57525634765625
2020-01-17,304.1868591308594,22.94211769104004,27.740367889404297,76.63272094726562,46.12057113647461,54.43106460571289,27.671289443969727,94.82731628417969,60.788978576660156
2020-01-21,303.5912170410156,22.530780792236328,27.507932662963867,75.78841400146484,46.10157775878906,54.61870193481445,27.92413330078125,94.92716979980469,60.60374450683594
2020-01-22,303.6278381347656,22.313461303710938,27.588390350341797,75.3889389038086,46.26778793334961,54.66134262084961,28.01118278503418,95.04512023925781,60.57525634765625
2020-01-23,303.97607421875,22.22809600830078,27.516874313354492,76.20602416992188,46.48622512817383,54.610172271728516,28.259862899780273,94.56413269042969,60.66549301147461
2020-01-24,301.2727966308594,21.971967697143555,27.168216705322266,75.85194396972656,46.26778793334961,54.23489761352539,28.334482192993164,92.98503875732422,59.82007598876953
2020-01-27,296.4436340332031,21.362714767456055,26.748043060302734,74.41753387451172,45.16605758666992,54.0643310546875,28.264009475708008,92.27719116210938,58.92716598510742
2020-01-28,299.550048828125,21.459732055664062,27.060935974121094,74.8987045288086,46.03034210205078,54.1325569152832,28.380075454711914,92.73094177246094,59.50185012817383
2020-01-29,299.3026428222656,21.23465347290039,27.016239166259766,75.29817199707031,46.14906311035156,53.85963821411133,28.45467758178711,92.47684478759766,59.4686164855957
2020-01-30,300.2740173339844,21.40540313720703,27.355953216552734,75.37986755371094,46.547969818115234,54.49930191040039,28.719947814941406,91.8052749633789,59.36886978149414
2020-01-31,294.8216552734375,20.73793601989746,26.783802032470703,73.63676452636719,45.27053451538086,53.885223388671875,28.591459274291992,89.97206115722656,59.52085876464844
2020-02-03,297.01171875,20.466299057006836,26.971540451049805,73.60953521728516,45.868873596191406,53.885223388671875,28.682645797729492,90.7888412475586,59.94356155395508
2020-02-04,301.53851318359375,20.54003143310547,27.230792999267578,74.99856567382812,47.070343017578125,54.20931625366211,28.396650314331055,92.38606262207031,61.03594970703125
2020-02-05,305.0207214355469,21.312265396118164,27.776126861572266,76.25141143798828,47.34575653076172,54.644283294677734,28.51270294189453,94.16483306884766,61.344669342041016
2020-02-06,306.0470275878906,21.09495735168457,27.740367889404297,76.49652862548828,47.77790069580078,54.73809814453125,28.520994186401367,94.24651336669922,61.2069206237793
2020-02-07,304.41595458984375,20.947492599487305,27.642030715942383,75.94274139404297,47.341026306152344,54.80633544921875,28.429800033569336,93.51139831542969,60.94096374511719
2020-02-10,306.6884765625,20.842716217041016,27.722488403320312,76.36943054199219,47.98210525512695,55.036617279052734,28.53757095336914,94.01054382324219,61.6296272277832
2020-02-11,307.2200012207031,21.07555389404297,27.820823669433594,76.65994262695312,47.82063674926758,54.83191680908203,28.641197204589844,94.5732192993164,62.11409378051758
2020-02-12,309.1994323730469,21.358835220336914,27.83870506286621,77.37715911865234,48.33826446533203,54.80633544921875,28.661924362182617,94.69117736816406,62.750518798828125
2020-02-13,308.8694152832031,21.292861938476562,27.829763412475586,76.94139099121094,48.21003723144531,55.130435943603516,28.981075286865234,94.24651336669922,62.64128494262695
2020-02-14,309.36431884765625,21.18032455444336,27.86552619934082,76.84149932861328,48.41898727416992,55.25836181640625,29.17588233947754,94.319091796875,62.54629135131836
2020-02-18,308.56707763671875,21.005701065063477,27.6241512298584,76.40576171875,48.23855209350586,55.062191009521484,29.42043685913086,93.98332977294922,62.541534423828125
2020-02-19,310.0424499511719,21.285099029541016,27.829763412475586,76.37850952148438,48.81315231323242,55.00249099731445,29.101282119750977,94.41891479492188,62.82178497314453
2020-02-20,308.7687072753906,21.26181983947754,27.776126861572266,76.26957702636719,48.30502700805664,55.04513931274414,29.20490074157715,93.81090545654297,62.84550476074219
2020-02-21,305.5888977050781,21.00957679748535,27.507932662963867,75.88826751708984,47.222293853759766,55.13896560668945,29.151018142700195,93.8653564453125,61.8861198425293
2020-02-24,295.45391845703125,20.039426803588867,26.61394691467285,73.7275619506836,45.27053451538086,53.868160247802734,28.81113624572754,90.90681457519531,59.758338928222656
2020-02-25,286.5009460449219,19.154651641845703,25.711015701293945,70.7225341796875,43.82213592529297,52.895870208740234,28.205982208251953,88.14791870117188,58.16249465942383
2020-02-26,285.44720458984375,18.57644271850586,25.523279190063477,70.1868896484375,44.02158737182617,52.59736633300781,27.91999053955078,88.13884735107422,57.7017936706543
2020-02-27,272.62725830078125,17.583011627197266,24.4326229095459,67.58131408691406,41.64717102050781,50.45662307739258,26.664081573486328,85.1440200805664,55.36978530883789
2020-02-28,271.4819030761719,17.567485809326172,23.771066665649414,66.34661865234375,41.9653434753418,49.45875930786133,25.772930145263672,84.0459213256836,55.013580322265625
2020-03-02,283.23883056640625,18.27763557434082,24.98689079284668,68.67982482910156,44.39200210571289,52.102691650390625,27.289958953857422,87.9845962524414,56.903873443603516
2020-03-03,275.12896728515625,17.718830108642578,24.048202514648438,67.00028228759766,42.70616912841797,51.39479446411133,26.954225540161133,85.79744720458984,55.526512145996094
2020-03-04,286.6933898925781,18.1379337310791,24.843854904174805,69.76927947998047,44.539207458496094,53.919334411621094,28.483684539794922,90.74346160888672,57.44532012939453
2020-03-05,277.16326904296875,17.47435188293457,23.645912170410156,66.35569763183594,43.133548736572266,52.90439987182617,28.04433822631836,88.63800048828125,55.30329513549805
2020-03-06,272.5815124511719,16.4925594329834,22.841327667236328,65.77468872070312,42.221778869628906,52.486488342285156,27.816360473632812,88.16607666015625,54.45314407348633
2020-03-09,251.2943572998047,13.17076301574707,20.391807556152344,59.71013641357422,39.01632308959961,50.20075607299805,26.303476333618164,83.58306884765625,51.02397918701172
2020-03-10,264.297607421875,13.795541763305664,21.589744567871094,62.80595779418945,41.61867141723633,51.64213562011719,26.548030853271484,86.45087432861328,53.845191955566406
2020-03-11,251.41348266601562,13.065986633300781,20.418628692626953,59.12004089355469,39.65266418457031,49.109066009521484,25.21337890625,83.14746856689453,50.900489807128906
2020-03-12,227.35890197753906,11.43613338470459,18.210481643676758,53.00105285644531,35.782379150390625,44.49496078491211,22.66840934753418,76.93998718261719,45.756778717041016
2020-03-13,246.7950897216797,12.491657257080078,20.606361389160156,57.140899658203125,39.980342864990234,48.281761169433594,23.903579711914062,82.27626037597656,48.587486267089844
2020-03-16,219.78977966308594,10.79195499420166,17.781368255615234,50.65876007080078,34.45745086669922,45.006690979003906,21.188678741455078,74.16297149658203,42.43212890625
2020-03-17,231.65667724609375,10.865686416625977,18.746871948242188,52.99195861816406,36.803375244140625,48.80202865600586,23.899442672729492,78.81857299804688,44.06595230102539
2020-03-18,219.92721557617188,9.305683135986328,17.15558433532715,49.088157653808594,35.416717529296875,47.54829025268555,22.859073638916016,76.20491027832031,41.53446578979492
2020-03-19,220.39454650878906,9.93822193145752,17.53105354309082,49.124473571777344,35.54492950439453,45.961917877197266,21.528562545776367,74.64397430419922,42.98305892944336
2020-03-20,210.8968505859375,10.035237312316895,16.905263900756836,46.664161682128906,33.91609191894531,42.98535919189453,19.82086944580078,71.77617645263672,41.705440521240234
2020-03-23,205.5045928955078,9.351249694824219,15.921656608581543,44.62024688720703,33.606292724609375,41.713279724121094,18.809438705444336,68.04820251464844,41.774169921875
2020-03-24,224.12396240234375,10.850942611694336,17.896081924438477,50.26524353027344,37.048057556152344,43.840553283691406,20.831462860107422,73.29180908203125,45.69242858886719
2020-03-25,227.4791259765625,11.36274242401123,18.382932662963867,52.90935516357422,37.00031661987305,43.7204704284668,21.36313247680664,74.2675552368164,46.49421691894531
2020-03-26,240.76158142089844,12.057043075561523,19.53693199157715,56.248779296875,39.291664123535156,46.11363220214844,23.18421173095703,79.20111083984375,48.41756820678711
2020-03-27,233.59034729003906,11.239749908447266,18.941904067993164,53.879146575927734,37.5158805847168,45.89919662475586,23.309804916381836,77.50492858886719,46.79490280151367
2020-03-30,241.17640686035156,11.354805946350098,19.30252456665039,54.66597366333008,39.09593963623047,47.69194030761719,24.172199249267578,81.1343994140625,47.773258209228516
2020-03-31,237.58155822753906,11.529373168945312,18.770605087280273,53.98894500732422,38.3655891418457,46.72265625,23.1967716217041,80.77873992919922,46.80921936035156
2020-04-01,226.88922119140625,10.958063125610352,17.625614166259766,51.55527877807617,36.537288665771484,45.933509826660156,21.802705764770508,77.7055435180664,44.718841552734375
2020-04-02,232.1248016357422,11.961824417114258,18.0673828125,52.24146270751953,37.39176559448242,47.10865020751953,22.48508644104004,79.85769653320312,44.88589096069336
2020-04-03,228.76963806152344,11.834866523742676,17.70676040649414,51.54613494873047,36.81415557861328,47.477481842041016,21.681299209594727,79.13728332519531,44.103179931640625
2020-04-06,244.1352081298828,12.461723327636719,18.977962493896484,55.11428451538086,39.95519256591797,49.2444953918457,23.355852127075195,83.28656005859375,47.773258209228516
2020-04-07,244.38409423828125,12.727542877197266,19.167295455932617,54.98619079589844,39.59717559814453,48.678375244140625,23.06280517578125,82.60260009765625,48.484378814697266
2020-04-08,252.58766174316406,13.576573371887207,20.00575065612793,56.9807014465332,40.66169357299805,49.39889144897461,24.318723678588867,86.00411987304688,50.011600494384766
2020-04-09,256.4314270019531,13.453581809997559,21.07861328125,57.84071731567383,40.671226501464844,49.86208724975586,25.46579933166504,86.47830963134766,50.913604736328125
2020-04-13,254.0901641845703,13.409936904907227,20.312286376953125,56.14813232421875,40.76193618774414,49.493255615234375,24.657817840576172,85.72138977050781,50.8992919921875
2020-04-14,261.583984375,13.34645938873291,20.402435302734375,57.21857833862305,42.47089385986328,51.594783782958984,25.38206672668457,88.5666275024414,52.889461517333984
2020-04-15,256.02581787109375,12.719605445861816,19.518901824951172,55.635780334472656,41.54480743408203,50.7799072265625,24.544790267944336,88.11067962646484,51.72972106933594
2020-04-16,257.2609558105469,12.176065444946289,19.176307678222656,55.14173126220703,42.05080795288086,51.114437103271484,24.548973083496094,90.03484344482422,52.35015106201172
2020-04-17,264.21099853515625,13.469451904296875,20.186059951782227,57.730926513671875,42.60932922363281,51.89500427246094,25.340200424194336,91.90430450439453,53.896453857421875
2020-04-20,259.55609130859375,13.048900604248047,19.834447860717773,56.193878173828125,41.926692962646484,50.87425994873047,24.381521224975586,91.17474365234375,52.95626449584961
2020-04-21,251.67514038085938,12.818793296813965,19.1943416595459,54.86724853515625,40.17000961303711,49.79346466064453,23.979629516601562,88.40248107910156,51.58176803588867
2020-04-22,257.2609558105469,13.275046348571777,19.40169906616211,55.443641662597656,41.71666717529297,50.2738151550293,24.678754806518555,89.75214385986328,52.69377899169922
2020-04-23,257.2425537109375,13.703531265258789,19.320560455322266,55.88280487060547,41.430240631103516,49.82777404785156,24.264301300048828,90.24458312988281,52.679447174072266
2020-04-24,260.8281555175781,13.735269546508789,19.600046157836914,56.331111907958984,42.30859375,50.35960006713867,24.415006637573242,91.45744323730469,53.571929931640625
2020-04-27,264.5888977050781,14.032827377319336,20.267200469970703,57.730926513671875,42.67138671875,50.50541305541992,24.670377731323242,92.63385772705078,54.57415771484375
2020-04-28,263.3721923828125,14.354188919067383,20.48357582092285,58.8105354309082,42.10331726074219,50.788475036621094,24.762481689453125,90.7643814086914,54.7889289855957
2020-04-29,270.2668762207031,15.417465209960938,21.07861328125,59.935874938964844,43.831382751464844,50.57403564453125,24.536415100097656,91.36625671386719,55.99638366699219
2020-04-30,267.75054931640625,15.076265335083008,20.546689987182617,58.74647903442383,43.63564682006836,49.97359848022461,23.97125244140625,90.94677734375,55.64799499511719
2020-05-01,260.6622009277344,14.223262786865234,19.888547897338867,56.9715461730957,42.43748474121094,49.42462921142578,23.393531799316406,89.21410369873047,53.56715774536133
2020-05-04,261.3811340332031,14.715227127075195,19.708234786987305,56.248779296875,43.00076675415039,49.39889144897461,23.56935691833496,89.16851806640625,53.858272552490234
2020-05-05,263.7961730957031,14.727129936218262,19.645124435424805,56.46834945678711,43.59269714355469,49.441776275634766,23.761934280395508,91.10181427001953,54.053958892822266
2020-05-06,262.0079345703125,14.342286109924316,19.221384048461914,55.69068145751953,43.9316291809082,48.90139389038086,22.953956604003906,90.19898986816406,54.04440689086914
2020-05-07,265.1695861816406,14.715227127075195,19.672170639038086,56.34026336669922,44.59038543701172,48.7641487121582,23.046062469482422,90.18985748291016,54.89391326904297
2020-05-08,269.5570983886719,15.385723114013672,20.09590721130371,57.74008560180664,45.2443733215332,49.853511810302734,23.51075553894043,90.65496063232422,55.962982177734375
2020-05-11,269.6124267578125,15.115937232971191,19.708234786987305,57.017303466796875,45.54510498046875,49.78489685058594,23.410280227661133,92.21437072753906,55.838897705078125
2020-05-12,264.2386474609375,14.850118637084961,19.1943416595459,55.416194915771484,44.604705810546875,49.364585876464844,23.20514488220215,90.80998229980469,54.61711883544922
2020-05-13,259.5653381347656,14.17565631866455,18.626352310180664,54.02552795410156,43.83615493774414,48.918540954589844,23.00838279724121,89.82511901855469,53.676918029785156
2020-05-14,262.6716613769531,14.33435344696045,19.104185104370117,54.59278106689453,44.394657135009766,48.798458099365234,23.25537872314453,90.80998229980469,54.47871398925781
2020-05-15,263.87908935546875,14.278810501098633,18.977962493896484,54.40065383911133,44.61902618408203,49.227333068847656,22.945585250854492,91.57600402832031,55.11345291137695
2020-05-18,271.9167785644531,15.445233345031738,19.951656341552734,57.98710632324219,45.71217346191406,50.00791549682617,23.887521743774414,92.33291625976562,57.19905471801758
2020-05-19,269.1239318847656,15.012784957885742,19.464807510375977,57.24603271484375,45.54510498046875,49.090091705322266,23.49400520324707,91.22032928466797,56.99385070800781
2020-05-20,273.6958312988281,15.611865043640137,19.897560119628906,58.31647491455078,46.542781829833984,49.67338180541992,23.623779296875,91.32978057861328,57.738365173339844
2020-05-21,271.8061828613281,15.361918449401855,19.834447860717773,58.45370101928711,45.89357376098633,49.1244010925293,23.385160446166992,90.65496063232422,57.94358444213867
2020-05-22,272.3223876953125,15.266698837280273,19.762327194213867,58.40795135498047,46.06064987182617,49.29596710205078,23.644712448120117,90.8464584350586,57.85768508911133
2020-05-26,275.67755126953125,15.6912202835083,20.790117263793945,60.85992431640625,46.01292419433594,49.56186294555664,23.79961585998535,90.68232727050781,58.77400207519531
2020-05-27,279.7792663574219,15.893555641174316,21.691673278808594,62.89103698730469,46.27546310424805,50.308128356933594,24.08428382873535,91.62159729003906,59.7810173034668
2020-05-28,279.26318359375,15.449203491210938,21.34908103942871,62.29633331298828,46.18476486206055,50.7541618347168,24.795970916748047,92.81622314453125,59.05559158325195
2020-05-29,280.5075378417969,15.377785682678223,21.10565948486328,61.912078857421875,46.767154693603516,50.805641174316406,24.988544464111328,93.9378890991211,59.270347595214844
2020-06-01,281.6413269042969,15.64757251739502,21.34908103942871,62.0493049621582,46.752838134765625,51.15731430053711,25.285778045654297,93.00772094726562,59.833526611328125
2020-06-02,283.9732666015625,16.08399200439453,21.52037811279297,62.854434967041016,47.1920051574707,51.2945671081543,25.449047088623047,93.5457763671875,60.344181060791016
2020-06-03,287.75250244140625,16.55611801147461,22.322772979736328,65.30638885498047,47.5595703125,51.36320114135742,25.75465202331543,93.36339569091797,61.48482131958008
2020-06-04,286.99664306640625,16.560087203979492,22.809621810913086,66.00173950195312,47.16813659667969,51.114437103271484,25.294151306152344,92.62471008300781,61.17460632324219
2020-06-05,294.3522644042969,17.78999137878418,23.657094955444336,68.42623901367188,48.40928268432617,51.82637405395508,25.61650276184082,94.12027740478516,62.6397819519043
2020-06-08,297.9101867675781,18.591413497924805,24.107881546020508,69.79862213134766,48.65272903442383,52.383934020996094,26.303070068359375,94.76776123046875,63.59428787231445
2020-06-09,295.68878173828125,17.893142700195312,23.593978881835938,68.06027221679688,48.88187026977539,51.955047607421875,25.775585174560547,93.78288269042969,63.097923278808594
2020-06-10,294.03887939453125,17.012372970581055,22.710447311401367,66.4317398071289,49.698150634765625,51.80921936035156,25.624876022338867,93.63694763183594,62.50615692138672
2020-06-11,277.0877380371094,15.409529685974121,20.853219985961914,61.76568603515625,46.848297119140625,49.84492874145508,24.62432861328125,88.42982482910156,59.232181549072266
2020-06-12,280.40618896484375,15.79833984375,21.48431396484375,62.9642219543457,47.45455551147461,49.853511810302734,24.561532974243164,89.0043716430664,59.81920623779297
2020-06-15,283.02392578125,15.845945358276367,21.781837463378906,63.586387634277344,47.91281509399414,50.42821502685547,24.728986740112305,89.20497131347656,60.38713455200195
2020-06-16,288.4715270996094,16.302200317382812,22.124433517456055,64.83064270019531,48.93437576293945,51.21736526489258,24.842021942138672,91.40274047851562,61.65664291381836
2020-06-17,287.2732238769531,15.746761322021484,21.790849685668945,64.3640365600586,48.92482376098633,51.140167236328125,24.76667022705078,91.31155395507812,61.49436569213867
2020-06-18,287.38385009765625,15.941165924072266,21.76380157470703,64.12618255615234,49.14441680908203,51.406070709228516,24.762481689453125,91.00148010253906,61.27006149291992
2020-06-19,285.7414245605469,15.699145317077637,21.61955451965332,63.33934020996094,48.80549240112305,51.140167236328125,24.067541122436523,91.8769302368164,60.79280090332031
2020-06-22,287.5744934082031,15.771880149841309,21.51248550415039,63.44593048095703,49.72502136230469,50.994083404541016,24.30224609375,91.52434539794922,61.417545318603516
2020-06-23,288.8984680175781,15.787959098815918,21.612289428710938,63.455142974853516,50.08403396606445,50.91627883911133,24.057411193847656,91.91813659667969,61.90068817138672
2020-06-24,281.5290222167969,14.911962509155273,20.85014533996582,61.24958801269531,48.9543571472168,50.06045913696289,23.8378963470459,89.51879119873047,60.53736114501953
2020-06-25,284.54718017578125,15.197265625,21.403608322143555,61.92963790893555,49.581417083740234,50.41489791870117,23.542404174804688,90.3979263305664,60.618675231933594
2020-06-26,277.7887268066406,14.670865058898926,20.48722267150879,60.78091812133789,48.604923248291016,49.386192321777344,23.2933406829834,89.29898071289062,59.19792175292969
2020-06-29,281.87158203125,14.867764472961426,20.714052200317383,62.77509307861328,49.136253356933594,50.319801330566406,23.732370376586914,90.10486602783203,60.32208251953125
2020-06-30,285.482177734375,15.209315299987793,20.995317459106445,63.13349151611328,50.01701736450195,50.6915168762207,23.821014404296875,91.64339447021484,61.092247009277344
2020-07-01,287.4820251464844,14.839632987976074,20.813858032226562,62.848602294921875,50.09839630126953,50.7347297668457,24.378231048583984,92.34856414794922,61.7093505859375
2020-07-02,289.0650634765625,15.00438117980957,20.8410701751709,63.39079666137695,50.390380859375,50.994083404541016,24.441551208496094,93.04456329345703,61.95331954956055
2020-07-06,293.5274658203125,15.048584938049316,21.24029541015625,64.30059051513672,51.271156311035156,51.2447624206543,24.14183235168457,93.98782348632812,63.42190933227539
2020-07-07,290.5000915527344,14.570404052734375,20.804780960083008,63.06916046142578,50.73503494262695,51.71156692504883,24.04474639892578,93.17279052734375,62.426902770996094
2020-07-08,292.7220458984375,14.55835247039795,21.022537231445312,63.06916046142578,51.56315231323242,51.58189010620117,24.260038375854492,93.18193054199219,63.091835021972656
2020-07-09,291.0555725097656,13.839075088500977,20.577951431274414,61.69989013671875,51.74983215332031,51.17561340332031,23.93498992919922,92.44930267333984,63.02008819580078
2020-07-10,294.0274353027344,14.281087875366211,21.285655975341797,62.4993896484375,51.735477447509766,52.11785888671875,24.38667106628418,92.22950744628906,63.771114349365234
2020-07-13,291.4814453125,14.20473861694336,21.376394271850586,62.756717681884766,50.663230895996094,52.040069580078125,24.412002563476562,92.75152587890625,62.96266555786133
2020-07-14,295.2587585449219,14.703012466430664,21.485267639160156,64.1167984008789,51.24722671508789,52.8007926940918,24.63995361328125,94.59225463867188,63.589317321777344
2020-07-15,297.9714050292969,15.02046012878418,21.911710739135742,65.7525634765625,51.52485656738281,52.84400177001953,24.542861938476562,95.81941223144531,64.49825286865234
2020-07-16,296.9900207519531,14.952144622802734,21.911710739135742,65.77092742919922,50.88821029663086,52.95637512207031,24.855241775512695,95.66376495361328,64.3260269165039
2020-07-17,297.8509826660156,14.743193626403809,21.730247497558594,66.16608428955078,51.13712692260742,53.24163818359375,25.416675567626953,96.97332000732422,64.02466583251953
2020-07-20,300.2580871582031,14.498077392578125,21.630443572998047,65.35740661621094,52.44391632080078,52.705692291259766,25.083194732666016,96.95500183105469,65.0483627319336
2020-07-21,300.8968811035156,15.374070167541504,22.05687713623047,66.22124481201172,51.91737365722656,53.163848876953125,25.19717025756836,96.89091491699219,65.14881896972656
2020-07-22,302.6095886230469,15.18520736694336,22.05687713623047,66.75423431396484,52.33382034301758,53.587440490722656,25.585538864135742,97.76091003417969,65.70849609375
2020-07-23,298.99896240234375,15.157081604003906,22.07502555847168,66.55204772949219,50.97438049316406,53.777610778808594,25.615081787109375,97.32134246826172,64.72306823730469
2020-07-24,297.0733337402344,15.072694778442383,22.020586013793945,66.01905059814453,50.35688018798828,53.70846176147461,25.446231842041016,96.2498550415039,64.83788299560547
2020-07-27,299.23968505859375,15.088770866394043,21.83912467956543,66.29476165771484,51.1514892578125,53.9764404296875,25.138072967529297,96.97332000732422,65.23970031738281
2020-07-28,297.341796875,14.8316011428833,21.784685134887695,65.83525848388672,50.553138732910156,54.17525863647461,25.51799201965332,96.86344146728516,64.59388732910156
2020-07-29,300.9987487792969,15.141005516052246,22.192974090576172,66.83695983886719,51.285518646240234,54.25306701660156,25.63619041442871,97.87996673583984,65.249267578125
2020-07-30,299.9248046875,14.546296119689941,21.793758392333984,66.16608428955078,51.572723388671875,54.25306701660156,25.63619041442871,97.2022705078125,65.1966323852539
2020-07-31,302.2947692871094,14.477985382080078,21.802827835083008,65.91797637939453,52.86037063598633,54.20119094848633,25.678403854370117,96.64364624023438,65.53628540039062
2020-08-03,304.396484375,14.53022575378418,21.86634063720703,66.19365692138672,54.1623649597168,54.05423355102539,25.399795532226562,97.6418685913086,65.39756774902344
2020-08-04,305.5722351074219,14.883833885192871,21.775615692138672,66.3591079711914,54.30118942260742,54.728515625,25.678403854370117,97.21142578125,65.92376708984375
2020-08-05,307.4701232910156,15.040548324584961,22.07502555847168,67.62726593017578,54.50223159790039,54.61613082885742,25.349140167236328,97.6601791381836,66.7274169921875
2020-08-06,309.52545166015625,14.919997215270996,22.065954208374023,67.88458251953125,55.26811981201172,54.60748291015625,25.496883392333984,97.13817596435547,67.05270385742188
2020-08-07,309.7477111816406,14.940092086791992,22.537761688232422,69.0425033569336,54.44477844238281,54.901405334472656,25.957008361816406,97.44953155517578,67.15316772460938
2020-08-10,310.6734619140625,15.402199745178223,22.701074600219727,70.7425765991211,54.2916145324707,55.18667984008789,25.948564529418945,97.1198501586914,67.9568099975586
2020-08-11,308.1089782714844,15.349961280822754,22.964191436767578,71.11935424804688,53.31510543823242,54.806312561035156,25.387128829956055,96.50625610351562,67.82286071777344
2020-08-12,312.40472412109375,15.502656936645508,22.900684356689453,71.34911346435547,54.52617645263672,55.515167236328125,25.7543888092041,98.12725067138672,68.72222137451172
2020-08-13,311.8399353027344,15.201284408569336,22.75551414489746,70.97234344482422,54.55010223388672,55.47193908691406,25.71217155456543,97.9990234375,68.69351196289062
2020-08-14,311.8492431640625,15.345942497253418,22.84624481201172,71.2480239868164,54.511802673339844,55.463294982910156,25.488439559936523,97.80670166015625,68.68871307373047
2020-08-17,312.83978271484375,15.257534980773926,22.465171813964844,70.91719055175781,54.8755989074707,55.774497985839844,25.45467185974121,98.38365173339844,69.57372283935547
2020-08-18,313.5157470703125,15.064659118652344,22.32000732421875,70.53123474121094,55.08143615722656,55.9992561340332,25.340696334838867,98.35616302490234,70.00422668457031
2020-08-19,312.21026611328125,14.89186954498291,22.31092643737793,70.34744262695312,55.0144157409668,55.55838394165039,25.26470947265625,98.03565979003906,69.6741714477539
2020-08-20,313.18243408203125,14.570404052734375,22.10224723815918,69.97065734863281,55.74679183959961,55.446006774902344,25.040979385375977,97.72428131103516,69.56891632080078
2020-08-21,314.2933349609375,14.477985382080078,22.05687713623047,70.25552368164062,56.45523452758789,55.58432388305664,25.083194732666016,97.82500457763672,69.92769622802734
2020-08-24,317.4781494140625,14.875795364379883,22.5831241607666,71.52372741699219,56.94348907470703,56.05976104736328,25.302703857421875,97.37626647949219,70.98968505859375
2020-08-25,318.5890808105469,14.666844367980957,22.646635055541992,71.43183898925781,57.23069763183594,55.93874740600586,25.062084197998047,98.03565979003906,71.22407531738281
2020-08-26,321.7831115722656,14.357437133789062,22.537761688232422,71.46857452392578,58.39387893676758,56.00790023803711,24.78347396850586,97.91661071777344,71.92727661132812
2020-08-27,322.4867858886719,14.385560035705566,22.918832778930664,71.72590637207031,58.44174575805664,56.35368728637695,24.863685607910156,98.68585968017578,71.539794921875
2020-08-28,324.56976318359375,14.64273452758789,23.009559631347656,72.40594482421875,58.95392608642578,56.85505676269531,24.935447692871094,98.90565490722656,72.00859069824219
2020-08-31,323.39404296875,14.32529067993164,22.73736572265625,71.50533294677734,59.1406135559082,56.69081497192383,25.011430740356445,99.14374542236328,71.79812622070312
2020-09-01,326.4399719238281,14.228850364685059,22.80087661743164,72.2313232421875,60.270294189453125,56.751338958740234,24.724376678466797,98.25543212890625,72.54914855957031
2020-09-02,331.1615905761719,14.160542488098145,23.12751579284668,73.42599487304688,60.80641555786133,57.78003692626953,25.49266242980957,100.2243881225586,73.5537109375
2020-09-03,319.7649230957031,14.056063652038574,22.773656845092773,71.36750793457031,57.34078598022461,56.78590774536133,25.205612182617188,97.49533081054688,71.21929931640625
2020-09-04,317.1541442871094,14.011859893798828,22.94605255126953,71.53290557861328,56.54139709472656,56.65625,25.062084197998047,96.79933166503906,70.39649963378906
2020-09-08,308.488525390625,13.501535415649414,22.356290817260742,70.19120788574219,53.985260009765625,55.463294982910156,24.922780990600586,95.20584869384766,69.47325897216797
2020-09-09,314.5804138183594,13.59395980834961,22.5831241607666,71.27558135986328,55.74679183959961,56.26722717285156,25.252046585083008,96.89091491699219,70.78398132324219
2020-09-10,309.11810302734375,13.095685005187988,22.265562057495117,70.36578369140625,54.48787307739258,55.5756721496582,24.8172550201416,95.40731811523438,69.76982116699219
2020-09-11,309.275390625,13.107739448547363,22.419803619384766,71.32154846191406,54.0714225769043,55.886878967285156,24.8763427734375,95.78280639648438,69.87506103515625
2020-09-14,313.3490295410156,13.208198547363281,22.72829246520996,72.2864761352539,55.20588684082031,56.24994659423828,25.218278884887695,97.15648651123047,70.61654663085938
2020-09-15,314.9321594238281,13.111761093139648,22.419803619384766,72.33238983154297,55.75156784057617,56.17215347290039,25.387128829956055,97.28470611572266,71.19538116455078
2020-09-16,313.682373046875,13.638157844543457,22.673856735229492,73.06758880615234,54.88995361328125,55.92144775390625,25.353361129760742,97.1198501586914,70.79833221435547
2020-09-17,310.92340087890625,13.658251762390137,22.437950134277344,73.21463775634766,54.43521499633789,55.5670280456543,25.146512985229492,96.79933166503906,69.8033218383789
2020-09-18,307.3438415527344,13.50555419921875,22.39259147644043,72.3967514038086,53.49700927734375,55.0569953918457,24.703275680541992,96.6528091430664,68.83223724365234
2020-09-21,303.9231872558594,13.057899475097656,21.831520080566406,69.99351501464844,53.94172668457031,54.63698959350586,24.549571990966797,94.86724853515625,67.83795928955078
2020-09-22,307.0185241699219,12.923111915588379,21.6490535736084,70.6854248046875,54.795658111572266,54.958740234375,24.702850341796875,94.66496276855469,69.27137756347656
2020-09-23,299.8984069824219,12.339040756225586,21.165531158447266,69.42153930664062,53.08778762817383,54.132625579833984,24.323917388916016,93.69037628173828,68.13520812988281
2020-09-24,300.6978454589844,12.334959030151367,21.21114730834961,69.52300262451172,53.385223388671875,54.532623291015625,24.596405029296875,93.22147369384766,68.1064453125
2020-09-25,305.5592346191406,12.326787948608398,21.43010139465332,70.56549072265625,54.66132736206055,54.81959533691406,25.000883102416992,94.72013854980469,68.99331665039062
2020-09-28,310.63433837890625,12.616782188415527,21.940994262695312,71.83860778808594,55.70716094970703,55.437015533447266,25.064746856689453,95.57522583007812,70.4362564086914
2020-09-29,308.9425964355469,12.269606590270996,21.66730308532715,71.20204162597656,55.52005386352539,55.0717887878418,25.056232452392578,95.45569610595703,69.8897476196289
2020-09-30,311.2850646972656,12.23284912109375,21.95924186706543,71.01753997802734,55.98540496826172,55.74137878417969,25.28188705444336,96.9819564819336,70.4602279663086
2020-10-01,313.28338623046875,11.85707950592041,21.995731353759766,70.80534362792969,56.57547378540039,56.054420471191406,25.537343978881836,96.65096282958984,71.38066864013672
2020-10-02,310.3089599609375,11.971444129943848,22.16907501220703,71.5987319946289,55.14107131958008,55.74137878417969,25.839635848999023,95.76832580566406,71.0786361694336
2020-10-05,315.8116760253906,12.330872535705566,22.533998489379883,72.75192260742188,56.35000228881836,56.11530685424805,26.163217544555664,97.73590850830078,72.01824951171875
2020-10-06,311.3221130371094,12.147073745727539,22.305917739868164,71.86627960205078,55.47688293457031,55.750064849853516,26.384618759155273,96.4394760131836,70.685546875
2020-10-07,316.7412109375,12.318617820739746,22.679962158203125,73.45304107666016,56.493934631347656,56.35009765625,26.546405792236328,98.25999450683594,72.30109405517578
2020-10-08,319.54833984375,12.780160903930664,22.990150451660156,74.1818618774414,56.78657150268555,56.724029541015625,27.031780242919922,98.73808288574219,72.77566528320312
2020-10-09,322.4019775390625,12.57593822479248,23.017518997192383,74.4586410522461,57.65488815307617,57.16752624511719,27.02751922607422,99.62993621826172,73.53311920166016
2020-10-12,327.58868408203125,12.608613014221191,23.272964477539062,74.88300323486328,59.22843933105469,57.82841491699219,27.197824478149414,100.31031036376953,74.51103973388672
2020-10-13,325.4508056640625,12.412561416625977,22.8259334564209,74.05270385742188,58.84944534301758,57.784942626953125,27.0104923248291,99.54717254638672,74.49667358398438
2020-10-14,323.4058532714844,12.465659141540527,22.606983184814453,74.4678726196289,58.5376091003418,57.48927307128906,26.976428985595703,98.96794128417969,73.67212677001953
2020-10-15,323.0062255859375,12.616782188415527,22.780323028564453,74.73542022705078,58.27376174926758,57.524051666259766,26.95939826965332,98.25077819824219,73.94538116455078
2020-10-16,322.8109436035156,12.330872535705566,22.798564910888672,75.2796859741211,58.1058464050293,57.54145050048828,27.248916625976562,99.22537994384766,73.27424621582031
2020-10-19,317.90313720703125,12.069470405578613,22.451889038085938,74.34791564941406,57.04082489013672,56.79359436035156,27.019004821777344,97.65313720703125,72.37298583984375
2020-10-20,319.1765441894531,12.212425231933594,22.634347915649414,74.73542022705078,57.237525939941406,56.73271560668945,27.18079376220703,97.7818832397461,72.95304870605469
2020-10-21,318.5724182128906,11.97961139678955,22.5157527923584,73.97891998291016,57.15116500854492,56.784908294677734,27.108415603637695,97.29456329345703,72.55517578125
2020-10-22,320.31982421875,12.473830223083496,22.96277618408203,74.58779907226562,56.88251876831055,56.758811950683594,27.49160385131836,98.76567077636719,72.7037582397461
2020-10-23,321.407470703125,12.412561416625977,23.0357666015625,74.88300323486328,56.820152282714844,56.863162994384766,27.568239212036133,99.13343811035156,73.34136199951172
2020-10-26,315.46783447265625,11.967361450195312,22.5157527923584,73.01023864746094,55.58722686767578,56.1327018737793,27.55972671508789,98.0301284790039,71.93193054199219
2020-10-27,314.3802490234375,11.812150955200195,22.105209350585938,71.41423034667969,55.865474700927734,55.98486328125,27.538434982299805,97.35893249511719,71.89839935302734
2020-10-28,303.63507080078125,11.3179349899292,21.539583206176758,69.07096099853516,53.495567321777344,54.35001754760742,26.738000869750977,94.2696304321289,69.62610626220703
2020-10-29,306.7210693359375,11.665112495422363,21.703792572021484,70.07652282714844,54.387882232666016,54.33262634277344,26.810379028320312,93.49729919433594,70.06714630126953
2020-10-30,303.5235900878906,11.730463027954102,21.767656326293945,69.99351501464844,53.18373489379883,54.14131164550781,26.559185028076172,93.46971893310547,68.53788757324219
2020-11-02,306.9255676269531,12.130736351013184,22.178194046020508,71.88472747802734,53.31807327270508,55.00221252441406,27.14247703552246,95.15227508544922,69.02687072753906
2020-11-03,312.3446044921875,12.061299324035645,22.67084312438965,74.00657653808594,54.25834655761719,55.90660095214844,27.534177780151367,96.5406265258789,70.54653930664062
2020-11-04,319.3252868652344,12.077638626098633,22.406274795532227,73.2408676147461,56.36920166015625,55.93269348144531,27.121191024780273,100.82518768310547,72.04700469970703
2020-11-05,325.5530090332031,12.077638626098633,22.953655242919922,74.96603393554688,58.120243072509766,56.34140396118164,27.363868713378906,101.02745056152344,73.45162200927734
2020-11-06,325.4787292480469,11.816234588623047,22.77119255065918,75.03982543945312,58.32652282714844,56.60227584838867,27.304262161254883,101.06424713134766,73.23109436035156
2020-11-09,329.5684814453125,13.503105163574219,24.64142608642578,77.59529876708984,57.90435791015625,56.47184371948242,27.81093406677246,102.01127624511719,72.99140167236328
2020-11-10,329.085205078125,13.940135955810547,24.769147872924805,78.96065521240234,56.82494354248047,57.58493423461914,28.211145401000977,102.30549621582031,72.73252868652344
2020-11-11,331.5298156738281,13.79718017578125,24.668798446655273,78.29641723632812,58.17300796508789,58.08059310913086,28.317588806152344,102.17676544189453,73.3701171875
2020-11-12,328.31365966796875,13.351977348327637,24.25826072692871,77.40155029296875,57.65488815307617,57.92407989501953,27.862016677856445,101.79978942871094,72.38734436035156
2020-11-13,332.85906982421875,13.83802318572998,24.65967559814453,79.11749267578125,58.144229888916016,58.7241096496582,28.13876724243164,103.08700561523438,73.56187438964844
2020-11-16,337.0139465332031,14.74885368347168,25.207056045532227,81.04560852050781,58.70551681518555,59.26326370239258,28.424026489257812,102.91232299804688,74.52543640136719
2020-11-17,335.20135498046875,14.899977684020996,25.170564651489258,80.83341979980469,58.379295349121094,58.84585952758789,27.86627197265625,102.24111938476562,74.20903778076172
2020-11-18,331.1673278808594,14.467022895812988,24.933361053466797,80.47361755371094,57.75563430786133,58.037132263183594,27.3212947845459,100.337890625,73.70088958740234
2020-11-19,332.5615539550781,14.703920364379883,25.015472412109375,80.67657470703125,58.22098922729492,58.19365310668945,27.048809051513672,100.26434326171875,74.06523132324219
2020-11-20,330.2842102050781,14.626319885253906,24.796518325805664,79.94778442382812,57.621315002441406,57.82841491699219,27.053064346313477,100.03450012207031,73.67693328857422
2020-11-23,332.2641296386719,15.659675598144531,25.261795043945312,81.28546905517578,57.60691833496094,57.845802307128906,27.057323455810547,99.77704620361328,74.4870834350586
2020-11-24,337.61810302734375,16.46430778503418,26.146730422973633,82.70618438720703,58.40808868408203,58.23712921142578,27.346845626831055,100.07125091552734,75.59446716308594
2020-11-25,337.0976257324219,16.08036994934082,26.05550193786621,82.07887268066406,58.53281021118164,58.20234298706055,27.419225692749023,99.70348358154297,75.68555450439453
2020-11-27,338.0364074707031,15.892491340637207,25.97339630126953,81.94046783447266,58.84464645385742,58.19365310668945,27.14673614501953,100.6229248046875,75.84855651855469
2020-11-30,336.5399169921875,15.014341354370117,25.435131072998047,81.21165466308594,59.238040924072266,58.18495178222656,26.755033493041992,100.89875030517578,75.38832092285156
2020-12-01,340.2207336425781,15.083773612976074,25.82742691040039,81.00869750976562,59.99601745605469,58.698028564453125,26.942365646362305,101.74464416503906,75.94921875
2020-12-02,340.9364929199219,15.573901176452637,26.110244750976562,81.1194076538086,59.90485763549805,58.21104049682617,27.121191024780273,102.50775909423828,75.474609375
2020-12-03,340.84356689453125,15.737276077270508,26.11936378479004,81.33159637451172,59.86648941040039,58.3588752746582,26.840181350708008,102.37903594970703,75.68555450439453
2020-12-04,343.78082275390625,16.595012664794922,26.438671112060547,82.30025482177734,60.466163635253906,58.811073303222656,26.57195281982422,103.47317504882812,75.75746154785156
2020-12-07,343.07427978515625,16.206989288330078,26.256214141845703,81.90357208251953,60.638858795166016,58.58497619628906,26.720970153808594,102.83873748779297,75.58487701416016
2020-12-08,344.0782470703125,16.447973251342773,26.247085571289062,82.30025482177734,60.835548400878906,58.90671920776367,26.640071868896484,103.62029266357422,75.42668151855469
2020-12-09,340.9922790527344,16.484731674194336,26.1832275390625,82.48478698730469,59.66979217529297,58.67192459106445,26.59324073791504,103.26170349121094,75.35477447509766
2020-12-10,340.88067626953125,16.991199493408203,26.22884178161621,81.70059204101562,59.75614929199219,58.411041259765625,26.456995010375977,103.08700561523438,75.28764343261719
2020-12-11,340.4810791015625,16.795146942138672,25.964265823364258,81.89433288574219,59.631412506103516,58.541481018066406,26.499570846557617,102.68243408203125,74.92811584472656
2020-12-14,338.9566345214844,16.206989288330078,25.663206100463867,80.83341979980469,59.84729766845703,58.315391540527344,26.363327026367188,101.91011047363281,75.03837585449219
2020-12-15,343.53912353515625,16.525571823120117,26.101118087768555,81.95890808105469,60.84515380859375,58.454524993896484,26.882761001586914,103.01345825195312,76.04988098144531
2020-12-16,344.0782470703125,16.443885803222656,26.146730422973633,81.45153045654297,61.257720947265625,58.567569732666016,26.57195281982422,102.71003723144531,76.54844665527344
2020-12-17,346.0023193359375,16.36627769470215,26.219711303710938,81.94969940185547,61.74224853515625,58.94150924682617,26.750774383544922,103.8133544921875,77.07098388671875
2020-12-18,344.6208190917969,16.09262466430664,25.99163818359375,81.95890808105469,61.5263786315918,59.071956634521484,26.52086067199707,103.8961181640625,76.69706726074219
2020-12-21,343.38861083984375,15.782196998596191,26.342012405395508,81.46424102783203,61.58793640136719,58.435325622558594,26.199695587158203,102.8565673828125,75.83063507080078
2020-12-22,342.809814453125,15.517301559448242,26.085193634033203,81.08444213867188,62.121681213378906,58.023197174072266,26.14817237854004,102.54265594482422,75.50406646728516
2020-12-23,343.117919921875,15.860836029052734,26.516279220581055,81.51055908203125,61.65044403076172,58.21611022949219,26.096651077270508,102.61653137207031,75.66736602783203
2020-12-24,344.4527893066406,15.778059005737305,26.552967071533203,81.51983642578125,62.05916213989258,58.5054817199707,26.281278610229492,102.91194152832031,75.82583618164062
2020-12-28,347.4118957519531,15.678720474243164,26.681377410888672,81.62173461914062,62.76121139526367,58.9702262878418,26.397201538085938,103.17044830322266,76.6903305053711
2020-12-29,346.7491149902344,15.575244903564453,26.589656829833984,81.1307601928711,62.46308898925781,58.79486083984375,26.392908096313477,103.65975952148438,76.71434020996094
2020-12-30,347.2438659667969,15.819451332092285,26.70889663696289,81.64952087402344,62.42942810058594,58.73347854614258,26.52600860595703,103.64129638671875,77.17540740966797
2020-12-31,349.0080871582031,15.687004089355469,27.039079666137695,82.02933502197266,62.52078628540039,59.145606994628906,26.92102813720703,104.73070526123047,77.21862030029297
2021-01-04,344.2568359375,15.711830139160156,26.672204971313477,80.04693603515625,61.501365661621094,58.5054817199707,26.242637634277344,104.2783203125,76.56544494628906
2021-01-05,346.6277770996094,16.41547203063965,26.791440963745117,80.83433532714844,61.90049362182617,58.5054817199707,26.238344192504883,105.03535461425781,77.13697814941406
2021-01-06,348.7001037597656,16.916296005249023,27.974628448486328,82.76115417480469,60.83298110961914,58.5493278503418,26.890974044799805,106.47559356689453,77.92462921142578
2021-01-07,353.8808898925781,17.164644241333008,28.37820053100586,83.2150650024414,62.472686767578125,58.37394332885742,26.538890838623047,107.86043548583984,79.42790985107422
2021-01-08,355.897216796875,17.143943786621094,28.35985565185547,83.01127624511719,62.87661361694336,58.663326263427734,26.762168884277344,108.37744903564453,81.0656509399414
2021-01-11,353.4981384277344,17.412982940673828,28.451570510864258,82.98348236083984,62.35729217529297,58.16350555419922,26.513132095336914,108.88520050048828,79.55277252197266
2021-01-12,353.5728454589844,18.021421432495117,28.745075225830078,83.80793762207031,62.05916213989258,57.970584869384766,26.37143898010254,107.7034912109375,80.76786041259766
2021-01-13,354.5249938964844,17.880699157714844,28.726730346679688,83.08538818359375,62.45346450805664,58.05827331542969,26.88667869567871,107.9989242553711,80.76307678222656
2021-01-14,353.28350830078125,18.41049575805664,28.855146408081055,83.37254333496094,61.90529251098633,57.75136947631836,26.783632278442383,107.65733337402344,80.24917602539062
2021-01-15,350.7070617675781,17.69443702697754,28.37820053100586,82.28870391845703,61.27055740356445,57.549678802490234,27.045543670654297,107.98968505859375,79.62960052490234
2021-01-19,353.4607849121094,18.050397872924805,28.451570510864258,82.55734252929688,62.06878662109375,57.29538345336914,26.942493438720703,108.80213165283203,80.08106994628906
2021-01-20,358.3522644042969,18.11661720275879,28.332338333129883,83.06682586669922,63.29975891113281,57.40060806274414,27.101354598999023,109.40221405029297,81.59394073486328
2021-01-21,358.6789245605469,17.504045486450195,28.0296630859375,82.41840362548828,64.11722564697266,57.20769500732422,26.942493438720703,108.88520050048828,81.97335052490234
2021-01-22,357.40936279296875,17.412982940673828,27.8278751373291,81.99226379394531,63.87199020385742,57.05862045288086,26.98114013671875,108.56207275390625,81.69479370117188
2021-01-25,358.81903076171875,17.235002517700195,27.6260929107666,81.43644714355469,64.4057388305664,57.62860107421875,27.522136688232422,109.27296447753906,81.99737548828125
2021-01-26,358.2588195800781,16.86663246154785,27.405960083007812,80.68608093261719,64.44902038574219,58.14595413208008,27.247343063354492,108.86676025390625,81.94451904296875
2021-01-27,349.50286865234375,16.638978958129883,26.598825454711914,79.0835189819336,63.23244857788086,57.16386032104492,26.513132095336914,105.5616226196289,79.41830444335938
2021-01-28,352.5086364746094,16.83351707458496,27.094120025634766,80.25997161865234,63.49210739135742,57.383087158203125,26.83085823059082,107.1033935546875,79.66804504394531
2021-01-29,345.45159912109375,16.27474594116211,26.552967071533203,78.52767181396484,61.99665451049805,56.199283599853516,26.68487548828125,106.19865417480469,77.80937957763672
2021-02-01,351.2018127441406,16.390634536743164,26.901506423950195,79.3428726196289,63.549800872802734,56.251895904541016,26.813690185546875,106.6048583984375,79.83132934570312
2021-02-02,356.1679382324219,16.56861686706543,27.55271339416504,81.02884674072266,64.41055297851562,56.62895965576172,27.032657623291016,106.90950775146484,81.52672576904297
2021-02-03,356.44793701171875,17.276395797729492,27.708641052246094,81.08444213867188,64.18934631347656,56.71663284301758,26.94679069519043,106.15247344970703,81.07044219970703
2021-02-04,360.4991760253906,17.4667911529541,28.32316780090332,81.95520782470703,65.21357727050781,57.1287841796875,27.157180786132812,106.59562683105469,81.93494415283203
2021-02-05,361.9181213378906,17.615795135498047,28.332338333129883,82.43690490722656,65.0693130493164,57.66366958618164,27.303159713745117,106.78948974609375,82.71778106689453
2021-02-08,364.5318908691406,18.352548599243164,28.699216842651367,83.14097595214844,65.75212860107422,57.882896423339844,27.092771530151367,106.91876220703125,83.1884536743164
2021-02-09,364.28912353515625,18.15801239013672,28.708391189575195,83.35403442382812,65.6751708984375,57.83028030395508,27.13141632080078,107.07569885253906,82.7273941040039
2021-02-10,364.13043212890625,18.50568962097168,28.708391189575195,83.22432708740234,65.57902526855469,57.76890182495117,27.238758087158203,107.26957702636719,81.91093444824219
2021-02-11,364.718505859375,18.220094680786133,28.616676330566406,83.04833221435547,66.30029296875,57.51460647583008,27.08418846130371,107.47269439697266,81.68518829345703
2021-02-12,366.5201721191406,18.4891357421875,28.91017723083496,83.65046691894531,66.64171600341797,57.60230255126953,26.88667869567871,108.27588653564453,81.80045318603516
2021-02-16,366.2027893066406,18.95271110534668,29.405466079711914,83.56707763671875,66.4253158569336,57.49706268310547,26.58612632751465,107.20494842529297,81.445068359375
2021-02-17,366.2867736816406,19.234163284301758,29.552215576171875,83.33547973632812,65.83867645263672,57.707523345947266,26.60759735107422,107.59269714355469,81.91571044921875
2021-02-18,364.7278747558594,18.7995662689209,29.377941131591797,82.91864013671875,65.5165023803711,57.67243576049805,26.766454696655273,106.91876220703125,81.93975067138672
2021-02-19,364.0837707519531,19.114131927490234,29.72648048400879,84.2803955078125,65.42034912109375,56.944637298583984,26.367149353027344,105.62623596191406,81.4642562866211
2021-02-22,361.2833251953125,19.776382446289062,30.001644134521484,84.54902648925781,63.97777557373047,56.99724578857422,25.851909637451172,105.37694549560547,79.74488067626953
2021-02-23,361.7220764160156,20.103361129760742,30.185081481933594,84.80840301513672,63.799869537353516,57.0761604309082,26.06659698486328,105.20155334472656,79.22137451171875
2021-02-24,365.7080383300781,20.81528663635254,30.772090911865234,86.41102600097656,64.7760009765625,57.04109573364258,25.761749267578125,105.93090057373047,80.0522689819336
2021-02-25,356.89605712890625,20.413793563842773,30.212596893310547,84.81766510009766,62.511165618896484,56.41849899291992,25.529891967773438,104.86919403076172,77.07454681396484
2021-02-26,355.0570373535156,19.92952537536621,29.634763717651367,83.9376449584961,62.84296798706055,55.50654220581055,25.05759620666504,103.96441650390625,77.3963394165039
2021-03-01,363.6636657714844,20.44690704345703,30.561134338378906,86.08678436279297,64.86735534667969,56.06775665283203,25.611469268798828,105.32157897949219,79.21176147460938
2021-03-02,360.825927734375,20.335155487060547,30.451065063476562,85.83667755126953,63.838321685791016,55.97129821777344,25.5341854095459,105.01689147949219,78.29925537109375
2021-03-03,356.0465393066406,20.633163452148438,30.68954086303711,85.92931365966797,62.23226547241211,55.70823669433594,25.233633041381836,103.68746948242188,76.45980834960938
2021-03-04,351.6405029296875,21.12571144104004,30.341005325317383,84.55828094482422,60.857025146484375,55.50654220581055,25.2121639251709,102.29338073730469,74.8412857055664
2021-03-05,358.1094970703125,21.916271209716797,30.918834686279297,86.55924224853516,62.006263732910156,56.73417663574219,25.624351501464844,104.34294128417969,75.31674194335938
2021-03-08,356.3265686035156,21.957660675048828,31.31324005126953,87.4670639038086,60.50599670410156,56.97970199584961,25.985017776489258,104.0844497680664,75.40800476074219
2021-03-09,361.4140319824219,21.57273292541504,31.028907775878906,87.10580444335938,62.56406021118164,56.92708969116211,26.328508377075195,104.69377899169922,78.25604248046875
2021-03-10,363.6636657714844,22.11908531188965,31.661781311035156,88.39342498779297,62.31401062011719,57.67243576049805,26.508832931518555,104.9338150024414,78.6546401977539
2021-03-11,367.3509521484375,22.127357482910156,31.57005500793457,88.45826721191406,63.6459846496582,57.53214645385742,26.440139770507812,105.57083129882812,79.86014556884766
2021-03-12,367.8457336425781,22.17289161682129,31.891084671020508,89.64403533935547,63.189170837402344,58.005653381347656,26.796510696411133,105.80164337158203,80.09547424316406
2021-03-15,370.0393371582031,21.920406341552734,31.707637786865234,90.39437103271484,63.86235809326172,58.25996398925781,27.139999389648438,106.53099822998047,81.17130279541016
2021-03-16,369.5726013183594,21.295408248901367,31.377445220947266,89.10673522949219,64.34321594238281,58.33009719848633,27.174348831176758,106.46636199951172,80.330810546875
2021-03-17,370.8327941894531,21.460973739624023,31.588403701782227,90.135009765625,64.29033660888672,58.24241256713867,26.732105255126953,106.07860565185547,81.4594497680664
2021-03-18,365.4373779296875,20.49657440185547,31.753496170043945,90.0516128540039,62.50636672973633,58.005653381347656,26.63335609436035,105.85704803466797,79.46631622314453
2021-03-19,364.7611389160156,20.500713348388672,31.386613845825195,89.36611938476562,62.3188362121582,58.20734405517578,26.70634651184082,106.23556518554688,79.94181060791016
2021-03-22,367.673828125,20.30411148071289,30.982179641723633,89.31592559814453,63.544219970703125,58.82183837890625,26.667844772338867,107.1601333618164,80.46805572509766
2021-03-23,364.7799072265625,20.007123947143555,30.54918670654297,87.75486755371094,63.149085998535156,59.068702697753906,27.065811157226562,106.07622528076172,79.71281433105469
2021-03-24,362.92559814453125,20.509078979492188,30.659746170043945,88.39601135253906,62.382911682128906,58.83946228027344,27.074462890625,105.95577239990234,78.5342788696289
2021-03-25,364.9671936035156,20.584373474121094,31.175643920898438,89.80843353271484,62.3443603515625,59.41252136230469,27.364282608032227,106.40046691894531,79.22216796875
2021-03-26,370.8486633300781,21.094697952270508,31.66391944885254,91.3602066040039,63.92970275878906,60.46165084838867,27.455123901367188,108.41081237792969,79.88117218017578
2021-03-29,370.6613464355469,20.843719482421875,31.38753890991211,91.37879180908203,63.59721755981445,61.06996536254883,27.749265670776367,108.92035675048828,79.44345092773438
2021-03-30,369.6778869628906,20.663850784301758,31.608652114868164,91.7783432006836,62.99489974975586,60.41754913330078,27.498374938964844,107.9383316040039,80.22271728515625
2021-03-31,371.1763916015625,20.521629333496094,31.369104385375977,91.48100280761719,63.9971809387207,60.22361755371094,27.701683044433594,108.15141296386719,80.84807586669922
2021-04-01,375.1847839355469,21.04450225830078,31.75604820251465,91.78763580322266,65.28376770019531,59.932674407958984,27.67573356628418,107.82714080810547,81.49747467041016
2021-04-05,380.5697937011719,20.542543411254883,32.00479507446289,92.92129516601562,66.63301086425781,60.6996955871582,27.978532791137695,108.57756805419922,83.34945678710938
2021-04-06,380.3450622558594,20.4881649017334,31.9403018951416,92.69827270507812,66.34870910644531,60.955352783203125,28.12559700012207,108.16068267822266,83.71024322509766
2021-04-07,380.7852478027344,20.559280395507812,32.09690856933594,92.27083587646484,66.70046997070312,60.80547332763672,28.09099578857422,107.9197998046875,83.46011352539062
2021-04-08,382.5927429199219,20.29156494140625,32.10612106323242,92.49384307861328,67.6642074584961,60.867210388183594,28.069368362426758,108.08656311035156,83.85454559326172
2021-04-09,385.37420654296875,20.157712936401367,32.38251495361328,93.39518737792969,68.31473541259766,60.761417388916016,28.039091110229492,109.27238464355469,84.653076171875
2021-04-12,385.51470947265625,19.998760223388672,32.52069854736328,93.73898315429688,67.98707580566406,61.08760070800781,28.065040588378906,109.3835678100586,85.1966552734375
2021-04-13,386.6572570800781,20.019670486450195,32.216678619384766,93.2836685180664,68.62796020507812,60.761417388916016,28.39811897277832,109.8375244140625,86.09619140625
2021-04-14,385.3368225097656,20.576004028320312,32.41014099121094,93.40447235107422,67.90032196044922,60.7085075378418,28.5235652923584,109.8282699584961,85.24955749511719
2021-04-15,389.4762878417969,20.40869140625,32.38251495361328,93.77616119384766,69.06645965576172,61.193397521972656,28.839336395263672,111.70891571044922,85.86048126220703
2021-04-16,390.7780456542969,20.24555778503418,32.61282730102539,93.98056030273438,69.052001953125,61.546051025390625,29.07293128967285,112.5427017211914,86.5243148803711
2021-04-19,388.858154296875,20.224637985229492,32.52069854736328,93.59031677246094,68.47856903076172,61.30800247192383,28.925853729248047,112.57048034667969,85.5526123046875
2021-04-20,386.01104736328125,19.689218521118164,31.912660598754883,92.55889892578125,67.87142944335938,61.64302062988281,29.29353904724121,113.00590515136719,84.47509765625
2021-04-21,389.6635437011719,19.94019317626953,32.35487365722656,93.82261657714844,68.55567932128906,61.95159149169922,29.046972274780273,114.3399658203125,85.60072326660156
2021-04-22,386.1047058105469,19.705955505371094,31.995573043823242,93.34872436523438,67.75096130371094,61.49315643310547,28.839336395263672,113.83042907714844,84.653076171875
2021-04-23,390.2910461425781,19.88581657409668,32.594398498535156,94.37085723876953,68.76288604736328,61.33445358276367,28.800413131713867,114.5808334350586,85.5381851196289
2021-04-26,391.1058349609375,20.019670486450195,32.72337341308594,94.09208679199219,69.11466217041016,60.64678955078125,28.636032104492188,114.19174194335938,85.91340637207031
2021-04-27,391.0215759277344,20.26228904724121,32.981319427490234,94.87262725830078,68.94599151611328,60.602699279785156,28.415428161621094,113.53396606445312,85.81239318847656
2021-04-28,390.9090881347656,20.960844039916992,33.11030578613281,94.67748260498047,68.30509185791016,60.64678955078125,28.376487731933594,113.19120788574219,85.71137237548828
2021-04-29,393.4002990722656,21.195087432861328,33.699913024902344,95.34652709960938,68.24728393554688,61.290382385253906,28.636032104492188,112.73725128173828,85.73541259765625
2021-04-30,390.8155212402344,20.65966796875,33.40510559082031,94.71465301513672,67.31725311279297,61.34326934814453,28.860973358154297,112.40373229980469,86.06732177734375
2021-05-03,391.6584167480469,21.228553771972656,33.57094192504883,95.69032287597656,67.12933349609375,61.84580612182617,28.85664176940918,113.68221282958984,85.65848541259766
2021-05-04,389.2420959472656,21.241100311279297,33.838104248046875,96.10847473144531,65.9246597290039,61.528411865234375,28.748498916625977,113.80264282226562,84.76371002197266
2021-05-05,389.3638916015625,21.927104949951172,34.11448669433594,96.20140838623047,65.76564025878906,61.48432540893555,28.26402473449707,114.0064468383789,84.49915313720703
2021-05-06,392.47320556640625,22.040042877197266,34.62118148803711,96.87042999267578,66.42579650878906,62.27778625488281,28.48031234741211,114.1546859741211,84.68192291259766
2021-05-07,395.32958984375,22.433244705200195,34.80542755126953,97.89257049560547,66.99440002441406,62.27778625488281,28.56682586669922,114.94214630126953,85.44198608398438
2021-05-10,391.4148864746094,22.441608428955078,34.77779769897461,97.98548889160156,65.30305480957031,62.753883361816406,28.85664176940918,115.09037780761719,83.92191314697266
2021-05-11,387.9216613769531,21.864362716674805,34.16054916381836,96.5359115600586,65.10548400878906,62.20726776123047,28.501941680908203,113.84896087646484,82.97428131103516
2021-05-12,379.68011474609375,21.968935012817383,33.81046676635742,94.22216796875,63.274375915527344,61.378536224365234,27.835779190063477,112.77430725097656,80.16499328613281
2021-05-13,384.2410583496094,21.701229095458984,34.35401916503906,95.98768615722656,64.11283874511719,62.24252700805664,28.372167587280273,113.79337310791016,80.73262786865234
2021-05-14,390.1412353515625,22.374685287475586,34.897560119628906,97.31646728515625,65.52471160888672,62.51582717895508,28.510591506958008,114.3677749633789,82.1324462890625
2021-05-17,389.14849853515625,22.893373489379883,34.96206283569336,97.01910400390625,65.04283142089844,62.427677154541016,28.277002334594727,114.1546859741211,81.98331451416016
2021-05-18,385.79571533203125,22.362131118774414,34.47378158569336,95.60670471191406,64.52240753173828,62.23371124267578,28.272674560546875,114.19174194335938,81.34353637695312
2021-05-19,384.7842102050781,21.805803298950195,34.26188659667969,95.06776428222656,64.74889373779297,62.030948638916016,28.225093841552734,113.9971694946289,80.66046142578125
2021-05-20,388.9237976074219,21.772336959838867,34.28030776977539,95.28150177001953,65.98729705810547,62.603981018066406,28.471662521362305,115.1922607421875,81.48784637451172
2021-05-21,388.60528564453125,21.818347930908203,34.62118148803711,95.74607849121094,65.62590026855469,62.612796783447266,28.618732452392578,115.21082305908203,81.07897186279297
2021-05-24,392.56683349609375,22.035860061645508,34.78700637817383,96.34078979492188,66.79202270507812,62.797950744628906,28.56682586669922,115.32198333740234,81.88231658935547
2021-05-25,391.6957702636719,21.58828353881836,34.43693923950195,96.05274200439453,66.81130981445312,62.815574645996094,28.220767974853516,114.97920227050781,82.14207458496094
2021-05-26,392.47320556640625,21.780698776245117,34.538272857666016,96.35936737060547,66.80648040771484,62.68334197998047,28.225093841552734,114.31217193603516,82.92615509033203
2021-05-27,392.67919921875,21.797433853149414,34.934410095214844,97.67884826660156,66.45471954345703,62.295440673828125,28.034767150878906,114.06204223632812,83.25807189941406
2021-05-28,393.381591796875,21.839265823364258,34.9989013671875,97.67884826660156,66.69083404541016,62.427677154541016,28.18616485595703,114.5067138671875,83.14261627197266
2021-06-01,393.0351257324219,22.680038452148438,35.21080017089844,98.0598373413086,66.3631591796875,62.216064453125,28.013134002685547,112.62606048583984,82.98387145996094
2021-06-02,393.6531982421875,23.102521896362305,35.26606750488281,97.78106689453125,66.8209457397461,62.44530487060547,28.16021156311035,112.40373229980469,82.59905242919922
2021-06-03,392.1921081542969,23.165266036987305,35.348976135253906,97.56733703613281,66.1993408203125,62.833213806152344,28.328908920288086,112.74649810791016,81.61773681640625
2021-06-04,395.7791748046875,23.320030212402344,35.44110870361328,97.88327026367188,67.47147369384766,63.053627014160156,28.28565216064453,113.1077880859375,82.2719497680664
2021-06-07,395.3951110839844,23.219640731811523,35.21080017089844,97.20496368408203,67.4570083618164,62.94782638549805,28.337570190429688,113.51545715332031,82.2719497680664
2021-06-08,395.4795227050781,23.420427322387695,35.11866760253906,97.45584106445312,67.46184539794922,62.41885757446289,28.095321655273438,113.16339111328125,82.93578338623047
2021-06-09,394.88946533203125,23.274019241333008,34.78700637817383,96.46157836914062,67.51001739501953,62.11909484863281,28.346208572387695,114.25659942626953,82.4787826538086
2021-06-10,396.72503662109375,23.244735717773438,34.381656646728516,95.98768615722656,68.00635528564453,62.507015228271484,28.53221321105957,116.21137237548828,82.86841583251953
2021-06-11,397.3806457519531,23.165266036987305,34.60276412963867,96.18283081054688,68.41111755371094,62.54229736328125,28.59710121154785,115.38682556152344,83.32060241699219
2021-06-14,398.2702941894531,23.064868927001953,34.243465423583984,95.74607849121094,69.10501098632812,62.507015228271484,28.65766716003418,115.48873901367188,83.34465789794922
2021-06-15,397.5397644042969,23.504085540771484,34.307952880859375,96.15493774414062,68.68097686767578,62.357139587402344,28.744176864624023,115.5257797241211,82.90209197998047
2021-06-16,395.32025146484375,23.37859344482422,34.27110290527344,95.24430847167969,68.30990600585938,61.528411865234375,28.311607360839844,115.08111572265625,82.94058990478516
2021-06-17,395.1890869140625,22.58383560180664,33.25770568847656,93.77616119384766,69.10018157958984,61.74882888793945,28.46733283996582,115.96121978759766,83.25325012207031
2021-06-18,389.85791015625,21.91455841064453,32.45621109008789,92.55889892578125,68.46893310546875,60.65561294555664,27.727638244628906,114.63642883300781,82.8155288696289
2021-06-21,395.43902587890625,22.84844207763672,33.21371078491211,94.59471893310547,69.20272064208984,61.351280212402344,28.08684730529785,116.0138168334961,83.4538345336914
2021-06-22,397.55316162109375,23.000566482543945,33.26921463012695,94.69722747802734,69.8302993774414,61.44001388549805,27.91683006286621,116.26493072509766,84.23908996582031
2021-06-23,397.0740051269531,23.06395149230957,33.333953857421875,94.48284149169922,69.75304412841797,61.05846405029297,27.62040138244629,115.78132629394531,84.88944244384766
2021-06-24,399.4229736328125,23.26255989074707,33.75016784667969,95.21923828125,70.19237518310547,61.360164642333984,27.594242095947266,116.37654876708984,85.17851257324219
2021-06-25,400.84173583984375,23.38510513305664,34.15711975097656,95.40568542480469,70.11029815673828,61.83045959472656,27.890676498413086,116.90666961669922,85.71805572509766
2021-06-28,401.64984130859375,22.594900131225586,33.90739440917969,94.90229797363281,70.84407806396484,61.883689880371094,28.069408416748047,117.08338928222656,85.73734283447266
2021-06-29,401.865966796875,22.485031127929688,33.78716278076172,94.71590423583984,71.36063385009766,61.608612060546875,27.61604118347168,117.21359252929688,85.9493179321289
2021-06-30,402.2041320800781,22.763925552368164,33.93514633178711,95.45227813720703,71.28340148925781,62.08779525756836,27.563732147216797,117.13916778564453,86.01676177978516
2021-07-01,404.4309997558594,23.16114616394043,34.203369140625,96.13275909423828,71.4040756225586,61.90144729614258,27.864524841308594,118.18083190917969,86.50333404541016
2021-07-02,407.5223388671875,23.110435485839844,34.1663703918457,96.28190612792969,72.3454360961914,62.05229187011719,27.908111572265625,119.31548309326172,87.26448822021484
2021-07-06,406.7799987792969,22.358257293701172,33.62992477416992,95.35907745361328,72.62061309814453,61.79497528076172,28.025815963745117,119.20388793945312,87.36566925048828
2021-07-07,408.2176513671875,21.99484634399414,33.67617416381836,96.30986785888672,73.01647186279297,62.123294830322266,28.208904266357422,119.95722961425781,87.31748962402344
2021-07-08,404.8913879394531,21.86807632446289,33.000980377197266,94.96755981445312,72.3261489868164,61.89257049560547,28.12607765197754,119.296875,87.10070037841797
2021-07-09,409.213623046875,22.332901000976562,33.953643798828125,96.46832275390625,72.99236297607422,62.24752426147461,28.16095733642578,119.70611572265625,87.91485595703125
2021-07-12,410.6793212890625,22.29909896850586,34.2866096496582,96.59882354736328,73.05027770996094,62.149906158447266,28.252498626708984,119.9386215209961,88.51703643798828
2021-07-13,409.2793273925781,22.130064010620117,33.916648864746094,95.66668701171875,73.34956359863281,62.13215255737305,28.038894653320312,119.82699584960938,87.45718383789062
2021-07-14,409.8900146484375,21.470857620239258,33.75941848754883,95.65736389160156,73.8902816772461,62.68231201171875,28.283008575439453,119.71539306640625,87.29822540283203
2021-07-15,408.4901123046875,21.170835494995117,33.87039566040039,95.84379577636719,73.28199005126953,62.93964385986328,28.601242065429688,119.296875,86.82609558105469
2021-07-16,405.2860412597656,20.570783615112305,33.40795135498047,94.99553680419922,72.55787658691406,63.037254333496094,28.88895034790039,119.62239074707031,85.7566146850586
2021-07-19,399.3008117675781,19.843957901000977,32.47378158569336,93.0100326538086,71.55854797363281,62.85091018676758,28.431230545043945,118.3668212890625,84.77381896972656
2021-07-20,405.02294921875,20.11018180847168,33.27846145629883,95.6107406616211,72.62061309814453,62.8686637878418,28.553287506103516,119.80841827392578,86.33953094482422
2021-07-21,408.3020935058594,20.811649322509766,33.85190200805664,96.52426147460938,73.32061004638672,62.708927154541016,28.23941993713379,120.00370025634766,87.13440704345703
2021-07-22,409.1572265625,20.57923698425293,33.4819450378418,96.1700439453125,73.86129760742188,62.60246658325195,28.283008575439453,120.88725280761719,87.51017761230469
2021-07-23,413.3665771484375,20.503170013427734,33.53744125366211,96.58019256591797,74.5950927734375,63.35670471191406,28.644826889038086,122.28231048583984,88.29060363769531
2021-07-26,414.38134765625,21.010251998901367,33.73167419433594,96.53356170654297,74.55646514892578,63.46318817138672,28.653553009033203,121.49178314208984,88.94581604003906
2021-07-27,412.4927673339844,20.815868377685547,33.722415924072266,96.00225830078125,73.85163879394531,63.59627914428711,29.146146774291992,122.05911254882812,88.044921875
2021-07-28,412.3236083984375,21.006027221679688,33.67617416381836,95.77853393554688,73.75990295410156,63.037254333496094,28.923830032348633,122.49624633789062,87.76068115234375
2021-07-29,414.03363037109375,21.208860397338867,34.046142578125,96.53356170654297,74.10267639160156,63.347816467285156,29.002294540405273,122.79385375976562,88.74828338623047
2021-07-30,412.0229797363281,20.870805740356445,33.777915954589844,96.34716796875,74.05438995361328,63.45430374145508,28.758174896240234,122.90542602539062,86.92243957519531
2021-08-02,411.15850830078125,20.714452743530273,33.78716278076172,95.6853256225586,73.78887939453125,63.1880989074707,28.980499267578125,123.07284545898438,87.1729736328125
2021-08-03,414.5035095214844,21.069414138793945,34.1663703918457,96.93440246582031,74.26197052001953,63.47206115722656,29.146146774291992,124.78414154052734,87.8185043334961
2021-08-04,412.4645690917969,20.49894142150879,33.87965774536133,95.62006378173828,74.4116439819336,62.64680862426758,29.102558135986328,124.25407409667969,86.9657974243164
2021-08-05,415.0766906738281,20.731355667114258,34.32361602783203,96.06752014160156,74.82197570800781,62.94852828979492,29.42078399658203,123.74248504638672,87.79923248291016
2021-08-06,415.7625427246094,20.921512603759766,35.01730728149414,96.51493835449219,74.75920867919922,62.94852828979492,29.403348922729492,123.64018249511719,87.20185852050781
2021-08-09,415.42425537109375,20.625715255737305,35.10978698730469,96.13275909423828,74.51782989501953,63.17922592163086,29.394630432128906,124.11451721191406,87.08140563964844
2021-08-10,415.9410705566406,20.989126205444336,35.479759216308594,97.11151123046875,73.98199462890625,63.63178634643555,29.425142288208008,123.8261947631836,87.42347717285156
2021-08-11,416.97467041015625,21.153926849365234,35.88671112060547,98.36991882324219,73.99162292480469,63.844749450683594,29.69977569580078,122.59856414794922,87.67878723144531
2021-08-12,418.22430419921875,21.132797241210938,35.95145797729492,98.18350219726562,74.41646575927734,63.80925750732422,29.730289459228516,123.56578063964844,87.71733093261719
2021-08-13,418.9853820800781,20.883485794067383,35.6832389831543,97.8758773803711,74.82197570800781,64.34165954589844,29.93953514099121,124.33773040771484,87.4668197631836
2021-08-16,419.971923828125,20.49894142150879,35.59074020385742,98.21146392822266,75.15990447998047,64.71434783935547,30.12262535095215,125.75139617919922,87.06216430664062
2021-08-17,417.2190246582031,20.287656784057617,35.34102249145508,97.14881896972656,74.53713989257812,64.74983215332031,30.140060424804688,127.23947143554688,84.99544525146484
2021-08-18,412.6524963378906,19.865081787109375,34.906314849853516,96.08615112304688,73.50890350341797,63.94234848022461,29.987489700317383,125.30497741699219,85.29894256591797
2021-08-19,413.2914123535156,19.349552154541016,34.6473274230957,95.41500854492188,74.22817993164062,64.45703125,30.109542846679688,125.87230682373047,84.75454711914062
2021-08-20,416.5799560546875,19.39180564880371,34.86006546020508,95.66668701171875,75.18404388427734,64.5634994506836,30.484455108642578,126.58844757080078,85.5687255859375
2021-08-23,420.24444580078125,20.118629455566406,35.14678955078125,96.44969940185547,76.15437316894531,64.35939025878906,30.092113494873047,126.63495635986328,86.67194366455078
2021-08-24,420.9114990234375,20.452463150024414,35.35951232910156,96.93440246582031,76.06746673583984,63.871360778808594,29.89594841003418,126.1884994506836,87.28375244140625
2021-08-25,421.7947998046875,20.608810424804688,35.775733947753906,97.5589599609375,76.0240478515625,63.76487731933594,29.952613830566406,125.84439849853516,87.62097930908203
2021-08-26,419.30487060546875,20.296110153198242,35.600006103515625,97.13016510009766,75.54611206054688,63.47206115722656,29.87850570678711,125.35147094726562,86.81165313720703
2021-08-27,423.0538635253906,20.837003707885742,36.071712493896484,97.80130767822266,76.27506256103516,63.69388961791992,29.869789123535156,125.21196746826172,87.60171508789062
2021-08-30,424.914306640625,20.591907501220703,35.562992095947266,97.68946075439453,77.09574127197266,63.97785568237305,29.913387298583984,125.91879272460938,88.26171875
2021-08-31,424.28466796875,20.452463150024414,35.51675796508789,97.41912841796875,76.69023132324219,64.11983489990234,29.87850570678711,125.75139617919922,88.47370147705078
2021-09-01,424.51019287109375,20.152435302734375,35.31328201293945,97.04627227783203,76.70954132080078,64.45703125,30.270841598510742,125.78858947753906,88.46886444091797
2021-09-02,425.8162536621094,20.663747787475586,35.43351364135742,98.09027099609375,76.62747192382812,64.70547485351562,30.545482635498047,127.13716888427734,88.46405029296875
2021-09-03,425.712890625,20.545425415039062,35.21153259277344,97.49369049072266,76.93159484863281,64.62561798095703,30.29264259338379,127.27664184570312,88.41106414794922
2021-09-07,424.19073486328125,20.42287826538086,34.998802185058594,95.80651092529297,76.950927734375,63.88024139404297,29.891590118408203,126.53264617919922,88.67121887207031
2021-09-08,423.6740417480469,20.1608829498291,34.91556167602539,95.93701171875,76.65644073486328,64.43037414550781,30.427785873413086,126.4768295288086,88.77238464355469
2021-09-09,421.86053466796875,20.203144073486328,35.01730728149414,95.47093200683594,76.3667984008789,64.0577163696289,30.262123107910156,125.01668548583984,88.65675354003906
2021-09-10,418.534423828125,20.1946964263916,34.758323669433594,95.0421371459961,75.61369323730469,63.782630920410156,29.83927345275879,123.8727035522461,88.11237335205078
2021-09-13,419.6054992675781,20.77361297607422,35.156036376953125,95.2938232421875,75.63782501220703,63.94234848022461,29.78696060180664,123.11005401611328,88.32915496826172
2021-09-14,417.341064453125,20.473590850830078,34.684326171875,94.14727020263672,75.54125213623047,63.649532318115234,29.68669891357422,123.09146118164062,88.03528594970703
2021-09-15,420.8269958496094,21.238445281982422,35.01730728149414,95.18195343017578,76.20263671875,63.88024139404297,29.647470474243164,123.89127349853516,88.603759765625
2021-09-16,420.1598815917969,20.997573852539062,34.91556167602539,94.52947235107422,76.24610137939453,63.66726303100586,29.39899253845215,123.57508850097656,89.0084228515625
2021-09-17,416.06707763671875,20.841222763061523,34.758323669433594,93.52273559570312,75.05850982666016,63.32120132446289,28.945619583129883,123.69599914550781,88.69529724121094
2021-09-20,409.1294860839844,20.20479965209961,33.952030181884766,92.45008850097656,73.6913833618164,62.68904495239258,28.892467498779297,122.40518951416016,86.67132568359375
2021-09-21,408.7430114746094,20.251850128173828,33.905574798583984,91.96382904052734,73.72038269042969,62.61762237548828,28.81340980529785,122.59186553955078,86.80160522460938
2021-09-22,412.730224609375,20.876298904418945,34.472206115722656,92.69324493408203,74.73111724853516,62.79619598388672,28.795846939086914,122.79720306396484,87.98365783691406
2021-09-23,417.74493408203125,21.60767364501953,35.31753158569336,94.11469268798828,75.73217010498047,63.028324127197266,28.642118453979492,123.68385314941406,88.876220703125
2021-09-24,418.4329833984375,21.770204544067383,35.503326416015625,94.31106567382812,75.78538513183594,63.05513381958008,28.611371994018555,123.17987823486328,89.20912170410156
2021-09-27,417.2359313964844,22.54434585571289,35.986351013183594,94.40460205078125,75.05029296875,62.76939392089844,28.27316665649414,121.42522430419922,89.68679809570312
2021-09-28,408.8278503417969,22.621335983276367,35.391849517822266,93.31044006347656,72.82572937011719,62.028316497802734,27.917390823364258,119.34390258789062,87.95953369140625
2021-09-29,409.5160217285156,22.621335983276367,35.419715881347656,93.41332244873047,72.73384857177734,62.59082794189453,28.28194808959961,120.28656768798828,88.0463638305664
2021-09-30,404.51068115234375,22.279170989990234,34.862361907958984,91.49625396728516,72.2115478515625,61.46580123901367,28.057941436767578,118.8119125366211,86.57965087890625
2021-10-01,409.3179626464844,23.02765464782715,35.438297271728516,92.7493667602539,73.29966735839844,61.626502990722656,28.057941436767578,118.83992004394531,87.23099517822266
2021-10-04,404.0393981933594,23.404033660888672,35.131744384765625,92.2443618774414,71.60221862792969,61.430084228515625,28.4444637298584,117.02925872802734,86.54105377197266
2021-10-05,408.243408203125,23.540904998779297,35.819149017333984,93.2730484008789,72.62261962890625,61.742591857910156,28.374189376831055,117.72926330566406,86.88844299316406
2021-10-06,409.9401550292969,23.292835235595703,35.856300354003906,93.68450927734375,73.09652709960938,62.340816497802734,28.81340980529785,117.51461029052734,87.1634521484375
2021-10-07,413.48431396484375,23.472469329833984,36.06996154785156,94.4139404296875,73.76392364501953,62.61762237548828,28.659687042236328,119.07324981689453,88.51920318603516
2021-10-08,412.730224609375,24.195287704467773,36.246456146240234,94.40460205078125,73.48826599121094,62.546199798583984,28.448856353759766,118.47591400146484,88.11392974853516
2021-10-11,409.7422180175781,24.105470657348633,35.88417434692383,93.64708709716797,73.08203125,62.52833557128906,28.06233024597168,117.55193328857422,87.75687408447266
2021-10-12,408.7335510253906,24.126859664916992,35.772708892822266,93.33850860595703,72.70482635498047,62.55509948730469,28.251203536987305,116.98258972167969,88.45164489746094
2021-10-13,410.20404052734375,24.105470657348633,35.56834030151367,93.53489685058594,73.14972686767578,62.67118453979492,28.580623626708984,117.16926574707031,88.88587188720703
2021-10-14,417.1039733886719,24.400588989257812,36.1628532409668,95.3023452758789,74.798828125,63.37657165527344,28.932010650634766,118.84923553466797,89.81704711914062
2021-10-15,420.2804870605469,24.520347595214844,36.701622009277344,96.21879577636719,75.39849853515625,63.224769592285156,28.848552703857422,119.437255859375,91.19207763671875
2021-10-18,421.5247802734375,24.537452697753906,36.710914611816406,96.28425598144531,76.03684997558594,62.84976577758789,28.57184600830078,118.625244140625,92.30660247802734
2021-10-19,424.7768249511719,24.81546401977539,37.07319641113281,96.8547134399414,76.79125213623047,62.87654495239258,28.932010650634766,120.18389129638672,92.04606628417969
2021-10-20,426.4451599121094,25.0164852142334,37.370445251464844,97.46258544921875,76.57848358154297,63.24262237548828,29.388805389404297,121.90120697021484,91.97852325439453
2021-10-21,427.5574645996094,24.5545654296875,37.2125244140625,97.6589584350586,76.87348175048828,63.16228485107422,29.388805389404297,122.3958740234375,93.32945251464844
2021-10-22,427.11444091796875,24.785526275634766,37.73271942138672,98.00497436523438,76.60749816894531,63.653350830078125,29.538137435913086,122.89054107666016,92.99654388427734
2021-10-25,429.405029296875,25.14907455444336,37.6862678527832,98.22941589355469,76.85896301269531,63.608707427978516,29.410764694213867,123.03986358642578,95.30277252197266
2021-10-26,429.7914733886719,25.29449462890625,37.714141845703125,97.62154388427734,77.07659912109375,63.8319206237793,29.56888771057129,123.64653015136719,95.31723022460938
2021-10-27,427.8874206542969,24.567394256591797,37.09177017211914,96.48064422607422,77.0088882446289,63.4569206237793,29.371234893798828,122.6665267944336,95.52951049804688
2021-10-28,432.01605224609375,24.742755889892578,37.54693603515625,97.68701934814453,77.78265380859375,63.680145263671875,29.564491271972656,123.69320678710938,96.7984390258789
2021-10-29,432.89263916015625,24.580224990844727,37.39830780029297,97.71505737304688,78.11634826660156,63.617637634277344,29.388805389404297,124.8971939086914,97.04930114746094
2021-11-01,433.6372985839844,25.003652572631836,37.41688919067383,97.98625183105469,78.00027465820312,63.715850830078125,29.494216918945312,124.74784851074219,98.82962036132812
2021-11-02,435.3905029296875,24.76841926574707,37.509788513183594,98.31356811523438,78.68700408935547,64.14443969726562,29.52057647705078,125.53182983398438,98.16382598876953
2021-11-03,438.0487060546875,24.563121795654297,37.64912033081055,98.09847259521484,79.14640808105469,64.74266815185547,29.410764694213867,126.2691650390625,99.9296646118164
2021-11-04,440.1130065917969,24.597335815429688,37.15678405761719,98.49124145507812,80.38442993164062,64.80516052246094,29.24824333190918,125.40116119384766,101.27577209472656
2021-11-05,441.64007568359375,24.918109893798828,37.17536544799805,99.49187469482422,80.80033874511719,65.18017578125,29.524961471557617,124.00118255615234,101.92708587646484
2021-11-08,442.01708984375,25.144794464111328,37.379737854003906,99.90333557128906,81.23558807373047,64.66230773925781,29.08574104309082,124.73849487304688,100.48452758789062
2021-11-09,440.5560302734375,25.247447967529297,37.17536544799805,100.15582275390625,80.90190124511719,64.8855209350586,29.235069274902344,124.28119659423828,98.62699127197266
2021-11-10,437.01190185546875,24.580224990844727,37.1103515625,99.59473419189453,79.567138671875,65.08197021484375,29.47226333618164,124.63583374023438,98.26032257080078
2021-11-11,437.1531982421875,24.674320220947266,37.2125244140625,99.18327331542969,79.93952941894531,65.0373306274414,29.292171478271484,124.2718505859375,97.99494934082031
2021-11-12,440.45233154296875,24.614442825317383,37.29613494873047,99.96879577636719,80.91156005859375,65.0373306274414,29.27460479736328,124.88784790039062,98.32301330566406
2021-11-15,440.6031799316406,24.819740295410156,37.29613494873047,100.15582275390625,80.82936096191406,65.3498306274414,29.661130905151367,124.1131820678711,98.24100494384766
2021-11-16,442.3469543457031,24.858234405517578,37.25897979736328,100.1745376586914,81.68048858642578,64.9390869140625,29.52057647705078,124.63583374023438,99.78975677490234
2021-11-17,441.27239990234375,24.477577209472656,36.83167266845703,99.57604217529297,81.43385314941406,64.7962417602539,29.54692268371582,124.81317901611328,100.4266128540039
2021-11-18,442.7711486816406,24.332155227661133,36.64588165283203,99.37032318115234,82.24632263183594,64.5640869140625,29.3931941986084,124.85985565185547,101.56523895263672
2021-11-19,441.9793701171875,23.382652282714844,36.246456146240234,98.87467193603516,82.84598541259766,64.33193969726562,29.560100555419922,124.1038589477539,102.00431060791016
2021-11-22,440.7351379394531,23.79752540588379,36.75736999511719,99.14586639404297,81.92229461669922,64.84088134765625,29.740188598632812,123.54383850097656,101.74857330322266
2021-11-23,441.319580078125,24.528900146484375,37.33329391479492,99.31417083740234,81.73368072509766,65.26944732666016,29.770933151245117,123.67451477050781,101.0103988647461
2021-11-24,442.497802734375,24.76841926574707,37.24968719482422,99.20197296142578,82.32852935791016,65.07303619384766,29.78850746154785,123.62786102294922,101.21786499023438
2021-11-26,432.62872314453125,23.771867752075195,36.014225006103516,96.51806640625,80.27320098876953,64.25157928466797,29.32292366027832,123.17051696777344,98.45812225341797
2021-11-29,437.935546875,23.908729553222656,36.12569808959961,96.68638610839844,82.28016662597656,64.41229248046875,29.75775909423828,123.50650024414062,99.98757934570312
2021-11-30,429.4144592285156,23.348434448242188,35.26179885864258,94.23625183105469,81.59343719482422,62.76047134399414,28.888084411621094,121.07987976074219,98.63665008544922
2021-12-01,424.6448059082031,23.10036277770996,34.87164306640625,92.92704772949219,80.47630310058594,62.45690155029297,28.940793991088867,120.865234375,96.85630798339844
2021-12-02,431.1488342285156,23.771867752075195,35.91203689575195,95.6857681274414,81.21623229980469,63.117645263671875,29.30974578857422,121.45321655273438,98.23617553710938
2021-12-03,427.397216796875,23.58367156982422,35.326812744140625,95.57353210449219,79.85731506347656,63.90335464477539,29.604026794433594,121.67721557617188,96.32559967041016
2021-12-06,432.458984375,23.934389114379883,35.8655891418457,97.19136047363281,80.6165542602539,65.02839660644531,30.05643081665039,122.36788940429688,97.4256362915039
2021-12-07,441.4044189453125,24.49468231201172,36.50654983520508,98.1826400756836,83.43115234375,65.1712417602539,30.28043556213379,123.9451904296875,99.69806671142578
2021-12-08,442.5732421875,24.49040412902832,36.31148147583008,98.42579650878906,83.81317138671875,64.96590423583984,30.249696731567383,124.87852478027344,99.94895935058594
2021-12-09,439.5852355957031,24.302215576171875,36.237159729003906,98.11717987060547,82.90885162353516,65.14445495605469,30.210159301757812,125.16783905029297,98.2168960571289
2021-12-10,443.72320556640625,24.481853485107422,36.274322509765625,98.51930236816406,84.57243347167969,66.24270629882812,30.3726806640625,125.60648345947266,98.90198516845703
2021-12-13,439.79248046875,23.801801681518555,35.88417434692383,97.49998474121094,83.31507873535156,67.10879516601562,30.74602508544922,126.79180908203125,96.35456085205078
2021-12-14,436.7667541503906,23.70343017578125,36.09782028198242,96.57415771484375,81.94648742675781,67.15343475341797,30.56155014038086,126.27850341796875,95.79487609863281
2021-12-15,443.5911865234375,23.587949752807617,36.20000457763672,97.41580963134766,84.11785125732422,67.83203125,31.062280654907227,128.86380004882812,97.01071166992188
2021-12-16,439.6794128417969,23.73764419555664,36.655174255371094,97.46258544921875,81.73368072509766,68.3141860961914,31.22039794921875,129.62913513183594,94.86854553222656
2021-12-17,434.99993896484375,23.25433921813965,35.847015380859375,95.79798889160156,81.18720245361328,67.14451599121094,30.750411987304688,128.72378540039062,94.22201538085938
2021-12-20,430.3743896484375,22.966232299804688,35.150718688964844,94.26322174072266,80.22157287597656,67.16429138183594,30.779634475708008,127.94427490234375,92.70092010498047
2021-12-21,438.0174560546875,23.62043571472168,35.87874984741211,96.1406021118164,82.25169372558594,67.07439422607422,30.735363006591797,128.47836303710938,95.10240936279297
2021-12-22,442.3970031738281,23.77206802368164,36.046749114990234,96.41282653808594,83.32733917236328,67.49693298339844,30.8681697845459,129.9773712158203,96.83708190917969
2021-12-23,445.1497497558594,23.785062789916992,36.233436584472656,97.54862213134766,83.79248046875,67.64974212646484,30.863744735717773,130.51141357421875,98.18035888671875
2021-12-27,451.44952392578125,24.304954528808594,36.60677719116211,98.58119201660156,85.59003448486328,68.36893463134766,31.014253616333008,131.888671875,99.13705444335938
2021-12-28,451.08056640625,24.287630081176758,36.625457763671875,99.0787124633789,85.14427947998047,68.75552368164062,31.29313850402832,131.54200744628906,99.1805648803711
2021-12-29,451.65765380859375,24.13165855407715,36.57877731323242,99.25704956054688,85.21693420410156,69.0701675415039,31.46135902404785,132.2915496826172,99.37867736816406
2021-12-30,450.4089660644531,23.984355926513672,36.51343536376953,98.90034484863281,84.65489959716797,68.85440826416016,31.57646369934082,132.56326293945312,99.02111053466797
2021-12-31,449.2738342285156,24.04500961303711,36.44811248779297,99.3227767944336,84.24307250976562,69.32189178466797,31.6871337890625,132.00112915039062,98.78434753417969
2022-01-03,451.8751525878906,24.790189743041992,36.8961296081543,98.50611877441406,85.04251861572266,69.3128890991211,31.37282371520996,130.64256286621094,101.62071228027344
2022-01-04,451.723876953125,25.64801025390625,37.8668327331543,100.48674011230469,84.14131927490234,69.78038787841797,31.275432586669922,128.91868591308594,101.00220489501953
2022-01-05,443.0497131347656,25.643680572509766,37.428138732910156,99.52926635742188,81.55399322509766,69.71745300292969,31.25773048400879,128.00047302246094,98.27698516845703
2022-01-06,442.6335144042969,26.215560913085938,37.97882843017578,99.98922729492188,81.14214324951172,69.52864074707031,30.934568405151367,126.52017211914062,98.02090454101562
2022-01-07,440.8835754394531,26.575151443481445,38.42685317993164,99.9610824584961,80.39600372314453,69.6005859375,31.169189453125,125.87373352050781,96.3876953125
2022-01-10,440.3349304199219,26.49283218383789,38.29618453979492,98.83464813232422,80.4105453491211,69.05219268798828,30.965553283691406,127.16666412353516,95.7981948852539
2022-01-11,444.34564208984375,27.393980026245117,38.632198333740234,99.42601776123047,81.3747329711914,68.97128295898438,30.686670303344727,128.17852783203125,96.72109985351562
2022-01-12,445.5469055175781,27.44597053527832,38.660186767578125,99.74517822265625,81.75749206542969,68.99825286865234,30.784055709838867,127.81314086914062,97.35892486572266
2022-01-13,439.407958984375,27.30733299255371,38.5108528137207,99.9610824584961,79.64016723632812,69.1241226196289,30.934568405151367,125.82685852050781,95.4019775390625
2022-01-14,439.587646484375,27.94853401184082,38.10951232910156,99.36031341552734,80.31361389160156,69.24996948242188,30.722082138061523,125.61139678955078,94.95743560791016
2022-01-18,431.80279541015625,28.06117820739746,37.2601432800293,98.21511840820312,78.38526153564453,68.2520751953125,30.354658126831055,123.8499984741211,93.15996551513672
2022-01-19,427.319091796875,27.857553482055664,36.63478088378906,97.11683654785156,77.2902603149414,68.68358612060547,30.49188995361328,123.34405517578125,91.47843170166016
2022-01-20,422.5894470214844,27.6019344329834,36.40143585205078,95.87776947021484,76.29212951660156,68.23409271240234,30.531728744506836,122.53831481933594,89.81143188476562
2022-01-21,414.2938232421875,27.05605125427246,35.65473937988281,94.99539947509766,74.77558898925781,68.28804779052734,30.474172592163086,121.30158996582031,87.17801666259766
2022-01-24,416.05316162109375,27.238014221191406,35.757415771484375,95.53984832763672,75.1632080078125,68.06329345703125,30.18201446533203,120.89875030517578,88.22653198242188
2022-01-25,410.97357177734375,28.295122146606445,35.9067497253418,94.60115051269531,73.42378234863281,67.30813598632812,29.708343505859375,120.12110900878906,86.73346710205078
2022-01-26,409.942626953125,28.247468948364258,36.00009536743164,93.77510833740234,73.85501098632812,66.79570770263672,29.46487045288086,119.49337768554688,86.3130874633789
2022-01-27,407.9182434082031,28.555076599121094,35.673404693603516,92.93968200683594,73.34628295898438,67.24520111083984,29.72605323791504,119.80254364013672,84.22086334228516
2022-01-28,418.049072265625,28.43376350402832,36.140098571777344,93.58735656738281,76.55377960205078,68.03632354736328,30.084625244140625,122.24787139892578,86.05699920654297
2022-01-31,425.57861328125,28.55940818786621,36.45745086669922,94.56360626220703,78.47731018066406,68.29704284667969,30.655685424804688,122.95054626464844,89.36688995361328
2022-02-01,428.45416259765625,29.577518463134766,36.961463928222656,95.86837768554688,78.6808090209961,68.23409271240234,30.248409271240234,123.27848815917969,89.90807342529297
2022-02-02,432.6162414550781,29.672840118408203,37.213470458984375,96.53485107421875,79.32038879394531,69.05219268798828,30.695518493652344,124.9367904663086,89.37171173095703
2022-02-03,422.4476013183594,29.391231536865234,36.802791595458984,94.99539947509766,77.01891326904297,69.0701675415039,30.558292388916016,124.40275573730469,86.6368179321289
2022-02-04,424.43402099609375,29.850473403930664,37.428138732910156,93.97222900390625,77.32899475097656,68.2251205444336,30.314823150634766,123.95304870605469,89.10111999511719
2022-02-07,423.07196044921875,30.231725692749023,37.54015350341797,94.04734802246094,76.81542205810547,68.3509750366211,30.270549774169922,123.73756408691406,88.91751098632812
2022-02-08,426.5528869628906,29.58186149597168,38.06283187866211,94.98603057861328,77.76508331298828,68.61168670654297,30.292686462402344,124.74943542480469,90.16898345947266
2022-02-09,432.7960205078125,29.82880401611328,38.305519104003906,96.29078674316406,79.48995208740234,68.62965393066406,30.42549705505371,125.71443939208984,91.36245727539062
2022-02-10,425.0205383300781,29.642513275146484,37.96950149536133,94.71379089355469,77.41136932373047,67.8924789428711,29.65522003173828,123.74694061279297,89.7872543334961
2022-02-11,416.6396484375,30.504674911499023,37.437477111816406,93.26821899414062,75.04693603515625,67.64974212646484,29.67292594909668,122.0323715209961,87.20701599121094
2022-02-14,415.2775573730469,29.785486221313477,37.017459869384766,92.92090606689453,75.022705078125,67.46097564697266,29.42059898376465,120.78630065917969,87.70467376708984
2022-02-15,421.9747009277344,29.473548889160156,37.521480560302734,94.31954193115234,76.99467468261719,67.57781982421875,29.283367156982422,122.14482116699219,89.66645812988281
2022-02-16,422.4476013183594,29.711837768554688,37.54948043823242,94.81704711914062,76.91716003417969,67.70368194580078,29.349769592285156,122.33221435546875,89.92256164550781
2022-02-17,413.4234924316406,29.66417694091797,36.616111755371094,93.08049011230469,74.61570739746094,68.2251205444336,29.367481231689453,120.36469268798828,87.5162353515625
2022-02-18,410.7465515136719,29.48221778869629,36.60677719116211,92.31075286865234,73.85985565185547,68.3509750366211,29.314355850219727,119.46527099609375,86.97506713867188
2022-02-22,406.338623046875,29.00564193725586,36.420108795166016,91.41898345947266,73.17668151855469,67.82056427001953,29.283367156982422,119.16544342041016,84.43828582763672
2022-02-23,399.13067626953125,29.304580688476562,35.7854118347168,89.7387466430664,71.34523010253906,67.27216339111328,28.787569046020508,118.56584930419922,81.61644744873047
2022-02-24,405.1372985839844,29.074962615966797,35.35606384277344,90.88394927978516,73.78234100341797,66.1124496459961,29.017763137817383,119.04365539550781,83.48157501220703
2022-02-25,414.0762023925781,29.84180450439453,36.494773864746094,93.05233001708984,74.78528594970703,68.24308013916016,29.916404724121094,122.68821716308594,85.13410186767578
2022-02-28,413.0167541503906,30.57831573486328,35.95341873168945,93.76571655273438,74.64964294433594,67.3351058959961,30.07134437561035,121.76070404052734,85.73324584960938
2022-03-01,406.72637939453125,30.88591957092285,34.628028869628906,92.36708068847656,73.15730285644531,66.93953704833984,29.810161590576172,121.08612060546875,84.43345642089844
2022-03-02,414.2087097167969,31.592111587524414,35.52406692504883,94.33834075927734,74.74168395996094,67.64974212646484,30.17316246032715,122.91307830810547,86.20679473876953
2022-03-03,412.1465148925781,31.678760528564453,35.41206741333008,94.44157409667969,73.85016632080078,68.1981430053711,30.70437240600586,123.54083251953125,84.25468444824219
2022-03-04,408.7980651855469,32.5929069519043,34.7493782043457,94.23506164550781,72.5564956665039,68.2071304321289,31.381681442260742,124.15917205810547,82.9162368774414
2022-03-07,396.7469787597656,33.073795318603516,33.4799919128418,91.7099838256836,69.9013671875,66.96652221679688,31.7889461517334,121.99493408203125,78.85256958007812
2022-03-08,393.7388916015625,33.59369659423828,33.283973693847656,91.14675903320312,69.56219482421875,65.15953063964844,31.297571182250977,119.50273132324219,79.01683044433594
2022-03-09,404.2953796386719,32.56690216064453,34.50669860839844,92.79887390136719,72.31423950195312,65.60004425048828,31.07622718811035,121.76070404052734,81.5584716796875
2022-03-10,402.4697265625,33.5633659362793,34.21735382080078,92.67683410644531,71.0496597290039,64.9797134399414,31.28428077697754,121.71385192871094,82.13829803466797
2022-03-11,397.3523864746094,33.29475021362305,33.97468185424805,91.93529510498047,69.79960632324219,64.22456359863281,31.178043365478516,120.80503845214844,80.55823516845703
2022-03-14,394.4483337402344,32.29829788208008,34.404029846191406,92.24504089355469,68.50592803955078,64.56619262695312,31.142623901367188,121.65763092041016,79.21495819091797
2022-03-15,403.1224365234375,31.11553955078125,34.889381408691406,93.70940399169922,70.80738830566406,66.01358032226562,31.54104232788086,124.08423614501953,81.86768341064453
2022-03-16,412.0614318847656,30.972566604614258,35.86941909790039,94.94845581054688,73.10885620117188,66.08549499511719,31.483501434326172,125.57390594482422,84.66056823730469
2022-03-17,417.2166748046875,32.03834533691406,36.31743240356445,96.16876220703125,73.62728881835938,66.54397583007812,31.616296768188477,127.56016540527344,86.0715103149414
2022-03-18,421.7863464355469,32.00802230834961,36.40143585205078,96.53485107421875,75.13414764404297,66.69681549072266,31.34626007080078,128.34715270996094,87.88346862792969
2022-03-21,421.66302490234375,33.29831314086914,36.3658332824707,96.7524185180664,74.99144744873047,66.7826156616211,31.555706024169922,128.2494354248047,87.14739990234375
2022-03-22,426.5970153808594,33.053382873535156,36.95615768432617,97.27984619140625,76.06906127929688,67.279296875,31.600284576416016,128.27761840820312,89.31060028076172
2022-03-23,421.1032409667969,33.62199020385742,36.272132873535156,96.34742736816406,74.89920043945312,66.73744201660156,31.644840240478516,125.9749984741211,88.20238494873047
2022-03-24,427.45098876953125,33.70508575439453,36.56260681152344,97.08204650878906,76.8457260131836,67.2070541381836,31.97015953063965,127.478759765625,88.88957214355469
2022-03-25,429.5384826660156,34.444278717041016,37.03112030029297,97.68479919433594,76.8020248413086,67.7669677734375,32.43362045288086,128.07083129882812,88.7347183227539
2022-03-28,432.5938720703125,33.59136962890625,36.928043365478516,97.71304321289062,77.71460723876953,68.04690551757812,32.643070220947266,129.00128173828125,91.1011734008789
2022-03-29,437.9454040527344,33.50389099121094,37.01237487792969,98.6171875,79.364990234375,68.65196990966797,32.94610595703125,129.76255798339844,92.68849182128906
2022-03-30,435.24114990234375,33.893157958984375,36.750003814697266,98.50418090820312,78.30680847167969,68.69712829589844,33.217960357666016,130.01629638671875,91.28022003173828
2022-03-31,428.542236328125,33.43391036987305,35.90668869018555,96.98786926269531,77.14665985107422,68.53458404541016,33.18229293823242,128.74752807617188,89.52836608886719
2022-04-01,429.7568054199219,33.70508575439453,35.812984466552734,96.23441314697266,76.91851806640625,69.22090911865234,33.64575958251953,129.76255798339844,89.6396713256836
2022-04-04,433.4383239746094,33.74882888793945,35.65369415283203,96.11198425292969,78.3796157836914,69.00416564941406,33.38729476928711,128.68173217773438,91.65287780761719
2022-04-05,427.9634094238281,33.21958541870117,35.428810119628906,94.74636840820312,76.72921752929688,69.0673828125,33.59674835205078,128.9542694091797,89.50418853759766
2022-04-06,423.6841125488281,33.416419982910156,35.18517303466797,94.01173400878906,74.91376495361328,69.94338989257812,34.265201568603516,130.9185333251953,87.2199935913086
2022-04-07,425.8190002441406,33.85380554199219,35.147701263427734,94.33194732666016,75.03025817871094,70.7922592163086,34.18053436279297,133.43731689453125,87.66521453857422
2022-04-08,424.6804504394531,34.785430908203125,35.5037727355957,93.80453491210938,73.98178100585938,71.09028625488281,34.29640197753906,134.23614501953125,86.85704803466797
2022-04-11,417.4216003417969,33.74007797241211,35.34447479248047,93.503173828125,72.11778259277344,70.8012924194336,33.8284797668457,131.5670166015625,85.24552917480469
2022-04-12,415.8750305175781,34.2999267578125,34.96029281616211,93.35247039794922,71.79739379882812,70.8193588256836,33.957706451416016,130.28884887695312,85.43426513671875
2022-04-13,420.63824462890625,34.81167984008789,34.96029281616211,94.22835540771484,72.95269775390625,71.21672821044922,33.890865325927734,130.92791748046875,87.55874633789062
2022-04-14,415.4004821777344,34.92539978027344,34.56674575805664,94.12476348876953,71.18093872070312,71.19864654541016,33.908687591552734,130.2982177734375,86.3343734741211
2022-04-18,415.5713195800781,35.4371452331543,34.772891998291016,93.79512023925781,71.4139404296875,70.61166381835938,33.725975036621094,128.86032104492188,86.595703125
2022-04-19,422.27978515625,35.148468017578125,35.25077438354492,95.49978637695312,72.7536849975586,71.68630981445312,33.944339752197266,130.09149169921875,89.10736083984375
2022-04-20,421.96661376953125,35.284061431884766,35.4943962097168,96.01780700683594,72.68572998046875,72.76097106933594,34.220645904541016,131.83958435058594,87.96041107177734
2022-04-21,415.6567077636719,34.164344787597656,34.93217849731445,95.03832244873047,71.45277404785156,72.69776916503906,33.6546745300293,130.38282775878906,87.10868835449219
2022-04-22,404.2514953613281,33.32892990112305,33.89208984375,92.7026138305664,69.452880859375,71.55987548828125,33.08871078491211,125.62728881835938,85.08584594726562
2022-04-25,406.5951843261719,32.226715087890625,33.948307037353516,92.7026138305664,70.49651336669922,71.87594604492188,32.86143493652344,126.47315216064453,85.70043182373047
2022-04-26,394.8198547363281,32.270450592041016,33.095619201660156,90.67771911621094,67.87041473388672,70.76517486572266,32.531673431396484,124.24573516845703,81.36434936523438
2022-04-27,395.9300231933594,32.742835998535156,33.0675048828125,91.01676940917969,68.8752212524414,71.02706909179688,32.375694274902344,123.9731674194336,81.37403106689453
2022-04-28,405.93096923828125,33.73569869995117,33.48917007446289,92.04335021972656,71.63236999511719,72.07463073730469,32.73666000366211,125.68363952636719,83.04361724853516
2022-04-29,390.929443359375,32.86967468261719,32.33662796020508,89.60404968261719,68.6470947265625,70.11495971679688,31.756258010864258,122.45063781738281,78.82367706298828
2022-05-02,393.2826843261719,33.3945426940918,32.346012115478516,89.79241943359375,69.69073486328125,69.1938247680664,31.430936813354492,121.68939208984375,79.97545623779297
2022-05-03,395.0855407714844,34.33055114746094,32.76766586303711,90.38575744628906,69.81207275390625,68.99513244628906,31.551267623901367,122.07470703125,79.77703857421875
2022-05-04,407.1170349121094,35.75643539428711,33.77027893066406,93.00399780273438,72.26338958740234,70.54843139648438,32.255367279052734,124.78142547607422,82.11929321289062
2022-05-05,392.6469421386719,35.21845245361328,32.786407470703125,90.57410430908203,68.78787231445312,69.21187591552734,31.92560577392578,122.35668182373047,77.51704406738281
2022-05-06,390.3033142089844,36.26817321777344,32.55215072631836,89.96195220947266,68.23448944091797,69.28412628173828,32.17961120605469,121.97132110595703,76.53465270996094
2022-05-09,377.8067626953125,33.267696380615234,31.774417877197266,87.7863540649414,65.59384155273438,69.25703430175781,31.9389591217041,118.8134994506836,73.2729263305664
2022-05-10,378.67974853515625,33.56949234008789,31.49332618713379,87.21183776855469,66.59378051757812,68.77842712402344,31.551267623901367,119.2364273071289,73.0551528930664
2022-05-11,372.6640319824219,34.02000427246094,31.202831268310547,86.42073059082031,64.491943359375,68.48040008544922,31.778532028198242,118.44696044921875,70.43705749511719
2022-05-12,372.2749328613281,34.164344787597656,30.96857452392578,86.5808334350586,63.82693099975586,68.46232604980469,31.457677841186523,119.59357452392578,70.92100524902344
2022-05-13,381.17523193359375,35.33217239379883,31.418354034423828,87.6827621459961,65.94818115234375,69.49185180664062,31.832014083862305,120.86233520507812,73.71330261230469
2022-05-16,379.6286315917969,36.26380157470703,31.155988693237305,87.56031036376953,65.36569213867188,69.80791473388672,31.930051803588867,121.75519561767578,72.12115478515625
2022-05-17,387.4377746582031,36.68370056152344,31.989933013916016,89.54753112792969,67.25879669189453,69.32926940917969,32.259822845458984,123.4280776977539,73.94075775146484
2022-05-18,371.8194580078125,35.743309020996094,31.109142303466797,86.21353912353516,64.18128967285156,64.86807250976562,31.9478702545166,120.2420425415039,69.10621643066406
2022-05-19,369.542236328125,35.612098693847656,30.90299415588379,85.4412612915039,63.47743225097656,63.71213912963867,31.881031036376953,120.50518035888672,69.15460968017578
2022-05-20,369.7035217285156,35.76519012451172,30.846769332885742,84.51824951171875,63.61821365356445,63.847591400146484,31.97015953063965,121.97132110595703,67.94963073730469
2022-05-23,376.6207275390625,36.709938049316406,31.849382400512695,85.90272521972656,65.07930755615234,65.16609191894531,32.35340881347656,123.04273986816406,68.45774841308594
2022-05-24,373.7457580566406,36.849910736083984,31.78379249572754,85.85563659667969,64.11331939697266,66.23171997070312,32.99959182739258,123.40928649902344,66.69622039794922
2022-05-25,377.0476989746094,37.610958099365234,32.03678512573242,86.35480499267578,64.86085510253906,66.2497787475586,32.97730255126953,123.37169647216797,68.57874298095703
2022-05-26,384.5816345214844,38.0264778137207,32.77703857421875,88.1065673828125,66.41902923583984,66.95418548583984,33.07088088989258,123.89802551269531,71.94209289550781
2022-05-27,394.02276611328125,38.721920013427734,33.32987976074219,89.91484832763672,68.66650390625,67.73082733154297,33.58782958984375,125.95622253417969,74.41016387939453
2022-05-31,391.8119201660156,38.14018630981445,33.23617935180664,89.18966674804688,68.17623138427734,67.25220489501953,33.124366760253906,124.27393341064453,74.78765869140625
2022-06-01,388.6427307128906,38.761287689208984,32.70207595825195,88.64340209960938,67.97235107421875,66.37621307373047,33.07088088989258,122.48822784423828,74.00851440429688
2022-06-02,396.0438537597656,38.63881301879883,33.1518440246582,90.33866119384766,69.61790466308594,67.34251403808594,33.29370880126953,123.45626068115234,76.2733383178711
2022-06-03,389.544189453125,39.15056610107422,32.67396545410156,89.9902114868164,67.95294189453125,66.66519165039062,33.133277893066406,122.00892639160156,74.04238891601562
2022-06-06,390.7302551269531,39.10683059692383,32.76766586303711,90.3669204711914,67.95779418945312,66.6922836303711,33.28033447265625,122.02770233154297,74.78279876708984
2022-06-07,394.47821044921875,40.274654388427734,33.02065658569336,91.58186340332031,68.76844024658203,67.04449462890625,33.48087692260742,123.61602020263672,74.59891510009766
2022-06-08,390.1894226074219,40.36213302612305,32.4397087097168,89.92427062988281,67.99178314208984,66.22269439697266,32.82578659057617,122.63861083984375,74.15852355957031
2022-06-09,380.9095764160156,39.469852447509766,31.624496459960938,88.15365600585938,66.17633819580078,65.22930145263672,32.037010192871094,119.8661117553711,72.81802368164062
2022-06-10,369.8648376464844,38.8006477355957,30.481334686279297,85.55425262451172,63.63277053833008,64.94934844970703,31.79191017150879,117.93946075439453,69.91439056396484
2022-06-13,355.8217468261719,36.775550842285156,29.572420120239258,82.98310852050781,60.81251907348633,63.549591064453125,30.330209732055664,114.36811065673828,66.68653106689453
2022-06-14,354.7496032714844,36.84552001953125,29.319425582885742,82.77590942382812,61.19600296020508,62.800025939941406,29.563709259033203,113.27787780761719,66.63331604003906
2022-06-15,359.80694580078125,36.03199768066406,29.647384643554688,83.57644653320312,62.48720169067383,62.863243103027344,29.755329132080078,114.42448425292969,68.50613403320312
2022-06-16,347.89874267578125,34.00251770019531,28.897764205932617,80.7886962890625,59.943634033203125,62.384620666503906,29.180456161499023,112.7421875,65.15247344970703
2022-06-17,348.6487731933594,32.143611907958984,28.982097625732422,80.58148956298828,60.492149353027344,62.158843994140625,28.908618927001953,112.6764144897461,65.86384582519531
2022-06-21,357.4255065917969,33.808841705322266,29.56049919128418,82.0514907836914,62.03150177001953,63.8175163269043,29.458894729614258,115.70976257324219,67.74779510498047
2022-06-22,356.77752685546875,32.45542907714844,29.49455451965332,81.59744262695312,61.76869583129883,63.772029876708984,29.768844604492188,117.3142318725586,67.61683654785156
2022-06-23,360.2748718261719,31.252395629882812,29.381511688232422,81.18122863769531,62.693382263183594,65.00943756103516,30.469608306884766,119.94743347167969,68.67910766601562
2022-06-24,371.7293701171875,31.663715362548828,30.46483039855957,84.01905059814453,64.94667053222656,66.28323364257812,30.99967384338379,121.93885040283203,71.29843139648438
2022-06-27,370.3094787597656,32.5925407409668,30.361209869384766,83.82041931152344,64.50868225097656,66.10125732421875,31.251218795776367,122.39187622070312,70.55144500732422
2022-06-28,362.7430114746094,33.47270584106445,30.059764862060547,82.84609985351562,62.57658004760742,65.21871185302734,31.134429931640625,120.25888061523438,67.7332534790039
2022-06-29,362.44757080078125,32.30948257446289,29.890201568603516,82.36363983154297,62.7031135559082,65.62812805175781,31.156890869140625,121.30650329589844,67.67990112304688
2022-06-30,359.5029602050781,31.628341674804688,29.626440048217773,82.61906433105469,61.86603546142578,65.67362976074219,31.502777099609375,121.03279876708984,66.6855239868164
2022-07-01,363.3052062988281,32.10159683227539,30.03150177001953,83.33797454833984,62.00716781616211,66.6198959350586,32.27540588378906,122.39187622070312,67.91272735595703
2022-07-05,363.9913635253906,30.82778549194336,29.927881240844727,82.08932495117188,62.78583526611328,66.19225311279297,31.17486000061035,121.68402862548828,69.43095397949219
2022-07-06,365.220703125,30.301462173461914,29.85252571105957,82.56229400634766,63.32605743408203,66.38331604003906,31.49828338623047,122.5051498413086,69.2029800415039
2022-07-07,370.69061279296875,31.393922805786133,30.285846710205078,83.53662872314453,64.63521575927734,66.4469985961914,31.46685218811035,123.02422332763672,70.98798370361328
2022-07-08,370.3857727050781,31.380657196044922,30.219905853271484,83.15824890136719,64.66439056396484,66.32874298095703,31.363529205322266,123.3923110961914,70.9976806640625
2022-07-11,366.1545715332031,31.07990074157715,29.97498321533203,82.60014343261719,63.77378463745117,66.23773193359375,31.561182022094727,123.08084869384766,69.05260467529297
2022-07-12,362.91455078125,30.473960876464844,29.78658103942871,82.34473419189453,62.902645111083984,66.04666137695312,31.408445358276367,121.51415252685547,68.63545989990234
2022-07-13,361.0086364746094,30.425302505493164,29.522815704345703,81.34202575683594,62.73717498779297,66.09215545654297,31.278175354003906,120.33439636230469,69.1981201171875
2022-07-14,360.13189697265625,29.850322723388672,28.957605361938477,80.8785171508789,63.31145477294922,66.14676666259766,31.278175354003906,119.98518371582031,69.13990783691406
2022-07-15,367.0122375488281,30.336843490600586,29.937307357788086,82.14607238769531,64.42593383789062,66.36512756347656,31.33656883239746,122.88264465332031,70.25553131103516
2022-07-18,363.98187255859375,31.0312442779541,29.824256896972656,81.65418243408203,63.80299758911133,65.7191162109375,30.900836944580078,120.28720092773438,70.45927429199219
2022-07-19,373.8163146972656,31.986597061157227,30.719175338745117,84.56771850585938,65.74969482421875,66.4106216430664,31.098491668701172,122.33523559570312,72.61778259277344
2022-07-20,376.19879150390625,32.29619216918945,30.832210540771484,85.22041320800781,66.77658081054688,65.96478271484375,30.685226440429688,121.12716674804688,73.8110122680664
2022-07-21,380.0296630859375,31.73006820678711,31.030044555664062,85.83528900146484,67.71586608886719,66.16496276855469,30.766084671020508,123.04309844970703,75.49897766113281
2022-07-22,376.5037536621094,31.469118118286133,30.85106086730957,85.56096649169922,66.78144836425781,66.6016845703125,31.188335418701172,122.5334243774414,75.06246185302734
2022-07-25,376.961181640625,32.623504638671875,31.048877716064453,85.96772003173828,66.35803985595703,66.92922973632812,31.57914924621582,123.1751937866211,74.4173355102539
2022-07-26,372.5012512207031,32.32716751098633,30.61555290222168,85.50420379638672,65.2824935913086,66.7745590209961,31.767812728881836,123.80754852294922,72.02114868164062
2022-07-27,382.1737976074219,33.05694580078125,31.086559295654297,86.82853698730469,68.09059143066406,67.22948455810547,31.794767379760742,124.58147430419922,74.7471694946289
2022-07-28,386.9671325683594,33.242713928222656,31.312646865844727,88.64476013183594,69.12720489501953,68.3031234741211,32.93574905395508,125.37427520751953,76.03255462646484
2022-07-29,392.608642578125,34.68458557128906,31.75539207458496,90.47042083740234,70.18816375732422,67.77540588378906,33.218746185302734,124.95897674560547,78.9817123413086
2022-08-01,391.44610595703125,33.96806716918945,31.49163055419922,90.56501770019531,70.03727722167969,68.62157440185547,33.25468063354492,124.03407287597656,79.3746109008789
2022-08-02,388.86358642578125,33.88845443725586,31.14307975769043,89.60962677001953,69.5408935546875,68.0756607055664,33.187294006347656,123.59048461914062,78.83135223388672
2022-08-03,394.9530029296875,32.91541290283203,31.61409568786621,90.45150756835938,71.3902359008789,68.52149200439453,33.39392852783203,124.7230453491211,80.75215148925781
2022-08-04,394.6861572265625,31.694686889648438,31.510461807250977,90.78257751464844,71.71631622314453,68.06655883789062,33.46580505371094,124.1095962524414,81.08200073242188
2022-08-05,394.01904296875,32.3227424621582,31.736557006835938,90.92449188232422,71.55085754394531,67.9118881225586,33.34452819824219,124.06240844726562,79.69960021972656
2022-08-08,393.56158447265625,32.49081039428711,31.717710494995117,90.8960952758789,70.9425048828125,67.87549591064453,33.39392852783203,124.35496520996094,80.05852508544922
2022-08-09,391.99884033203125,33.061363220214844,31.87786293029785,90.56501770019531,70.23197174072266,67.77540588378906,33.76677322387695,123.97745513916016,78.7828369140625
2022-08-10,400.2323303222656,33.30020523071289,32.59379196166992,92.55152130126953,72.14945983886719,68.27584075927734,33.91501235961914,125.32708740234375,81.00439453125
2022-08-11,400.2323303222656,34.44573974609375,32.980018615722656,93.04341125488281,71.86717987060547,68.11204528808594,33.91051483154297,124.51541900634766,80.59208679199219
2022-08-12,407.00787353515625,34.706695556640625,33.498130798339844,94.44338989257812,73.29800415039062,68.70347595214844,34.46304702758789,126.11042785644531,82.41592407226562
2022-08-15,408.6850891113281,34.02999496459961,33.488712310791016,94.67042541503906,73.76036071777344,69.3858642578125,34.75053024291992,126.74278259277344,82.98342895507812
2022-08-16,409.48553466796875,33.950382232666016,33.733638763427734,95.09610748291016,73.56082916259766,70.16834259033203,34.849361419677734,126.40301513671875,83.9001693725586
2022-08-17,406.57904052734375,34.23344421386719,33.56406784057617,94.33934783935547,73.03521728515625,69.96817779541016,34.79096603393555,125.66683197021484,82.99797821044922
2022-08-18,407.7606506347656,35.15341567993164,33.601749420166016,94.71772003173828,73.4148178100586,70.2047348022461,34.92123031616211,125.11000061035156,82.97372436523438
2022-08-19,402.2811279296875,35.144569396972656,32.93291473388672,93.4974594116211,72.0813217163086,69.9772720336914,34.90326690673828,125.44976806640625,81.26145935058594
2022-08-22,393.9046936035156,35.07822036743164,32.20756149291992,91.71907806396484,70.07135009765625,69.26756286621094,34.42710494995117,123.80754852294922,79.0059585571289
2022-08-23,392.9517822265625,36.34318161010742,32.07568359375,91.88932800292969,69.88642883300781,68.96733093261719,34.22047805786133,122.0804214477539,79.22908020019531
2022-08-24,394.2095947265625,36.78989791870117,32.2452507019043,92.19204711914062,69.93022918701172,69.14019012451172,34.32828903198242,122.2314224243164,79.56861877441406
2022-08-25,399.7749328613281,37.07296371459961,32.74451446533203,93.60150909423828,71.11283111572266,69.45862579345703,34.53940963745117,123.5810775756836,80.51933288574219
2022-08-26,386.2429504394531,36.6395149230957,31.764814376831055,90.3569107055664,68.07600402832031,67.739013671875,34.00934982299805,120.13619995117188,77.45378875732422
2022-08-29,383.68902587890625,37.192378997802734,31.538728713989258,89.95016479492188,67.17565155029297,67.62982177734375,34.11266326904297,119.29622650146484,77.0414810180664
2022-08-30,379.4768981933594,35.931846618652344,31.369165420532227,88.65421295166016,66.47484588623047,66.92922973632812,33.61404800415039,118.50341796875,76.18293762207031
2022-08-31,376.5894470214844,35.60455322265625,31.1336612701416,87.90690612792969,65.82756805419922,66.5197982788086,33.39392852783203,117.74837493896484,75.43109130859375
2022-09-01,377.7711181640625,34.72881317138672,31.227859497070312,88.0298843383789,65.50635528564453,66.89283752441406,33.87458038330078,119.68316650390625,76.11988067626953
2022-09-02,373.78778076171875,35.3657112121582,30.982940673828125,87.17853546142578,64.65467834472656,66.01936340332031,33.510719299316406,117.96543884277344,75.42139434814453
2022-09-06,372.37744140625,35.038414001464844,30.90757942199707,87.32040405273438,64.22638702392578,65.64634704589844,33.59607696533203,118.07872009277344,75.26617431640625
2022-09-07,379.0671081542969,34.63150405883789,31.519887924194336,88.72041320800781,65.25328063964844,66.82913970947266,34.647212982177734,120.00406646728516,77.57503509521484
2022-09-08,381.5448303222656,34.78188705444336,32.07568359375,88.98528289794922,65.47715759277344,66.6562728881836,34.62026596069336,122.08983612060547,78.29778289794922
2022-09-09,387.4722900390625,35.648780822753906,32.36771011352539,90.13934326171875,66.77171325683594,67.3113784790039,34.759521484375,123.16578674316406,79.78205108642578
2022-09-12,391.63665771484375,36.303375244140625,32.631465911865234,90.67853546142578,67.84239196777344,67.57523345947266,35.0919303894043,123.98689270019531,80.81037902832031
2022-09-13,374.6072692871094,35.38783264160156,31.4162654876709,87.26366424560547,64.24099731445312,65.31878662109375,34.15758514404297,119.89080810546875,76.64373779296875
2022-09-14,376.0367126464844,36.38740921020508,31.322065353393555,87.09337615966797,64.4745864868164,65.2914810180664,34.43608856201172,119.95685577392578,77.62838745117188
2022-09-15,371.76751708984375,35.44975280761719,31.42568588256836,86.1852798461914,62.990234375,64.74559020996094,33.57811737060547,120.62696838378906,77.23065948486328
2022-09-16,368.9313659667969,34.69342803955078,31.14307975769043,84.38797760009766,62.63984680175781,64.90025329589844,33.45232391357422,120.28720092773438,76.60977172851562
2022-09-19,371.7923583984375,34.7139892578125,31.496299743652344,85.5333023071289,63.15065002441406,65.33157348632812,33.9005126953125,119.63906860351562,77.6937255859375
2022-09-20,367.52471923828125,34.472557067871094,31.03229331970215,84.46878051757812,62.77985763549805,64.97441101074219,33.407562255859375,118.23668670654297,76.37647247314453
2022-09-21,361.1136779785156,33.96731948852539,30.388349533081055,83.34720611572266,61.79923629760742,64.7271728515625,32.95079040527344,116.27523040771484,74.56826782226562
2022-09-22,358.0804138183594,33.846588134765625,29.87697982788086,82.09259033203125,61.16987991333008,64.63560485839844,32.83319854736328,116.89114379882812,72.84757995605469
2022-09-23,352.08087158203125,31.512653350830078,29.403491973876953,80.55281066894531,60.369754791259766,63.53664779663086,32.45331573486328,116.29417419433594,71.17062377929688
2022-09-26,348.5977783203125,30.739139556884766,28.93947982788086,79.70689392089844,59.950191497802734,63.58245086669922,31.670928955078125,115.18550872802734,71.0102310180664
2022-09-27,347.70794677734375,31.08342933654785,28.816373825073242,79.44075775146484,60.02824401855469,62.483516693115234,31.13726806640625,114.83494567871094,71.23382568359375
2022-09-28,354.549560546875,32.46053695678711,29.384557723999023,81.18962860107422,60.66249084472656,63.23446273803711,31.471935272216797,117.34596252441406,73.1586685180664
2022-09-29,347.14337158203125,32.46053695678711,29.015239715576172,79.78292083740234,59.08176803588867,62.19047164916992,30.21016502380371,116.36051177978516,70.63109588623047
2022-09-30,341.77532958984375,32.20120620727539,28.750085830688477,78.7374038696289,57.94989013671875,61.10984802246094,29.62677001953125,114.75910949707031,69.24092102050781
2022-10-03,350.7985534667969,34.02096939086914,29.526601791381836,81.11359405517578,59.74528503417969,62.162994384765625,30.495086669921875,117.11854553222656,69.30899810791016
2022-10-04,361.66864013671875,35.4830436706543,30.625089645385742,83.93649291992188,61.75044631958008,63.10625076293945,31.14179229736328,119.83805847167969,71.72962188720703
2022-10-05,360.8266296386719,36.21630096435547,30.388349533081055,83.48028564453125,61.955352783203125,62.73994064331055,30.449857711791992,120.23603820800781,71.3067398071289
2022-10-06,357.1044006347656,36.86015319824219,29.962209701538086,82.52030944824219,61.44796371459961,61.82415771484375,29.44586181640625,118.70097351074219,70.80122375488281
2022-10-07,347.14337158203125,36.573997497558594,29.25197982788086,80.94252014160156,58.92076110839844,60.89922332763672,28.835329055786133,116.18995666503906,68.36601257324219
2022-10-10,344.4928283691406,35.82284164428711,29.119401931762695,81.22765350341797,57.93037414550781,61.11899948120117,28.885080337524414,115.46031188964844,67.943115234375
2022-10-11,342.3111572265625,35.53668975830078,28.750085830688477,81.20864868164062,57.042442321777344,61.62268829345703,28.78106117248535,116.07624053955078,67.38900756835938
2022-10-12,341.1820373535156,35.82284164428711,28.683795928955078,80.57182312011719,56.86680603027344,61.952362060546875,27.822298049926758,115.50769805908203,67.56397247314453
2022-10-13,350.18621826171875,37.2849006652832,29.86751365661621,82.3492202758789,58.63290786743164,62.97802734375,28.518754959106445,118.19876861572266,68.30282592773438
2022-10-14,342.2059020996094,35.89437484741211,29.365615844726562,80.54330444335938,56.98390197753906,61.842464447021484,28.107213973999023,117.40282440185547,65.75093841552734
2022-10-17,350.9995422363281,36.34149169921875,30.10425567626953,82.30168914794922,58.72074508666992,62.510990142822266,28.695133209228516,119.28846740722656,68.4194564819336
2022-10-18,355.12371826171875,36.65894317626953,30.58721351623535,84.2881851196289,59.218379974365234,63.32604217529297,29.219741821289062,119.95174407958984,69.36244201660156
2022-10-19,352.607177734375,37.740966796875,30.085315704345703,83.68939208984375,59.047611236572266,63.03297424316406,28.839853286743164,118.27458953857422,68.58473205566406
2022-10-20,349.6503601074219,37.7767333984375,29.602359771728516,82.0450439453125,59.08176803588867,62.153839111328125,28.111736297607422,117.27017211914062,67.25775146484375
2022-10-21,358.1473693847656,38.86769485473633,30.483043670654297,84.29769134521484,60.66249084472656,63.10625076293945,28.631816864013672,119.90438842773438,69.21662902832031
2022-10-24,362.5298767089844,39.05101013183594,30.890241622924805,85.41925048828125,61.501625061035156,64.2417984008789,28.871509552001953,122.2164306640625,69.50341033935547
2022-10-25,368.3189697265625,39.09125900268555,31.259557723999023,86.56932830810547,62.67741394042969,65.0843276977539,29.450389862060547,123.14505004882812,71.2435531616211
2022-10-26,365.54400634765625,39.623321533203125,31.33531951904297,86.87347412109375,61.28208541870117,65.51473236083984,29.43682098388672,124.50950622558594,70.66999053955078
2022-10-27,363.592041015625,39.766395568847656,31.59099578857422,87.89049530029297,60.58441925048828,65.56968688964844,29.671987533569336,123.85572052001953,70.39778900146484
2022-10-28,372.2420349121094,39.905006408691406,32.376991271972656,89.93400573730469,63.21895980834961,67.0074462890625,30.486038208007812,125.89299011230469,70.46098327636719
2022-10-31,369.5533142089844,40.24034118652344,32.178131103515625,89.6773681640625,62.38468933105469,66.61365509033203,30.201120376586914,125.78872680664062,70.00891876220703
2022-11-01,367.9361572265625,40.62932586669922,32.263343811035156,89.59184265136719,61.86265563964844,66.40304565429688,30.318706512451172,125.86456298828125,69.29925537109375
2022-11-02,358.7023620605469,39.650146484375,31.856157302856445,88.0140380859375,59.72576904296875,65.24916076660156,30.024744033813477,123.72307586669922,66.67932891845703
2022-11-03,355.00885009765625,40.3834114074707,31.534181594848633,88.9360122680664,57.96940612792969,65.02937316894531,30.155895233154297,123.20189666748047,66.28076171875
2022-11-04,360.11859130859375,40.875240325927734,32.111839294433594,90.36172485351562,59.028106689453125,65.79862213134766,30.34131622314453,123.9504623413086,66.83488464355469
2022-11-07,363.56329345703125,41.57720184326172,32.433799743652344,91.33119201660156,60.01361846923828,66.38471984863281,29.762441635131836,125.27705383300781,66.36823272705078
2022-11-08,365.52490234375,41.61745071411133,32.62320327758789,92.12960052490234,60.58930206298828,66.57703399658203,29.970470428466797,125.90245056152344,66.2029800415039
2022-11-09,357.9942626953125,39.58307647705078,32.07395935058594,90.84647369384766,59.01346206665039,65.85358428955078,29.73530387878418,124.54745483398438,64.18092346191406
2022-11-10,377.6676025390625,40.46389389038086,33.69327926635742,94.65788269042969,63.86295700073242,67.40122985839844,31.13726806640625,127.71227264404297,68.87152099609375
2022-11-11,381.32281494140625,41.63980484008789,33.967899322509766,94.60084533691406,64.95578002929688,67.3279800415039,30.789043426513672,126.14881896972656,70.52416229248047
2022-11-14,378.0790100097656,41.62639236450195,33.48494338989258,94.02104187011719,64.39961242675781,66.79683685302734,30.422719955444336,126.26254272460938,69.40618896484375
2022-11-15,381.3037109375,42.06455993652344,33.56069564819336,94.66736602783203,65.18022918701172,67.35546112060547,30.757389068603516,126.10144805908203,70.35403442382812
2022-11-16,378.3947448730469,41.20610046386719,33.39971923828125,93.98301696777344,64.28739929199219,67.68514251708984,31.033260345458984,126.0445785522461,69.2798080444336
2022-11-17,377.2369689941406,41.295528411865234,33.21979522705078,93.82144165039062,64.3703384399414,67.66680908203125,30.490554809570312,125.98773193359375,68.43891143798828
2022-11-18,378.94970703125,40.96913528442383,33.49441909790039,94.51530456542969,64.44351959228516,68.3902816772461,31.13726806640625,127.51331329345703,68.5312728881836
2022-11-21,377.57183837890625,40.414710998535156,33.59858322143555,94.81945037841797,63.750736236572266,69.04047393798828,31.277467727661133,127.5701904296875,67.53968811035156
2022-11-22,382.65283203125,41.6800537109375,33.93949508666992,95.55130767822266,64.98505401611328,69.5441665649414,31.54429817199707,128.67880249023438,68.30282592773438
2022-11-23,385.0641784667969,41.22846603393555,34.08154296875,95.9124984741211,65.56075286865234,69.78225708007812,31.897045135498047,129.1905059814453,69.28954315185547
2022-11-25,384.9779968261719,41.07644271850586,34.19517135620117,96.28318786621094,65.18022918701172,69.82804107666016,32.08246994018555,129.9579620361328,69.32843017578125
2022-11-28,378.83489990234375,39.949703216552734,33.608055114746094,94.5343017578125,63.784889221191406,69.56246185302734,31.75232696533203,128.98202514648438,68.90067291259766
2022-11-29,378.1842956542969,40.553314208984375,33.80691909790039,95.11409759521484,63.16041564941406,69.2968978881836,31.517160415649414,128.65988159179688,68.68196105957031
2022-11-30,390.09735107421875,40.7545166015625,34.38457107543945,96.6823959350586,66.33160400390625,70.68888092041016,32.3040771484375,131.72999572753906,71.04911804199219
2022-12-01,389.8102722167969,40.62038040161133,34.185707092285156,96.71090698242188,66.42430114746094,70.36836242675781,32.276939392089844,132.1089630126953,71.03939819335938
2022-12-02,389.3605651855469,40.37894058227539,34.02471923828125,97.2621841430664,66.03887939453125,70.68888092041016,32.1231689453125,132.45010375976562,70.9470443725586
2022-12-05,382.3562316894531,39.1806755065918,33.181915283203125,95.63687133789062,64.94116973876953,69.80058288574219,31.9422664642334,131.18035888671875,68.90067291259766
2022-12-06,376.8446960449219,38.14784622192383,32.88835525512695,94.50578308105469,63.550697326660156,69.37016296386719,32.141265869140625,130.1854248046875,67.82646942138672
2022-12-07,376.20355224609375,38.058414459228516,32.75578308105469,94.38224792480469,63.228721618652344,69.66322326660156,31.99202537536621,131.25616455078125,67.41815948486328
2022-12-08,379.15069580078125,37.88851547241211,32.78418731689453,94.9430160522461,64.26301574707031,70.0386734008789,32.20004653930664,132.44061279296875,68.06949615478516
2022-12-09,376.31842041015625,36.96745681762695,32.69895553588867,94.16362762451172,63.86783218383789,69.49837493896484,32.0327262878418,130.7444610595703,67.77298736572266
2022-12-12,381.743896484375,37.93769073486328,33.13456726074219,95.77942657470703,65.2631607055664,70.23098754882812,32.76536560058594,132.1374053955078,67.943115234375
2022-12-13,384.6335754394531,38.65754699707031,33.21979522705078,96.14060974121094,66.03400421142578,70.13026428222656,32.864864349365234,132.54486083984375,67.943115234375
2022-12-14,382.1744384765625,38.42057418823242,32.803123474121094,95.96002960205078,65.47782135009766,70.08447265625,32.82416534423828,132.75332641601562,67.4375991821289
2022-12-15,372.8257751464844,38.188079833984375,32.159175872802734,93.64086151123047,63.02867889404297,68.89395141601562,32.42617416381836,130.31805419921875,66.3293685913086
2022-12-16,368.42413330078125,37.71860885620117,31.912982940673828,93.24164581298828,62.19441604614258,68.55512237548828,31.874435424804688,128.4229736328125,65.08988189697266
2022-12-19,365.300048828125,37.71409225463867,31.82720947265625,92.75078582763672,61.36508560180664,68.51177978515625,31.747684478759766,127.94338989257812,64.04488372802734
2022-12-20,365.7998962402344,38.28325653076172,31.96062469482422,92.8653793334961,61.45805358886719,68.45642852783203,31.756807327270508,127.91486358642578,63.29914474487305
2022-12-21,371.26953125,39.01052474975586,32.456138610839844,94.61306762695312,62.47574996948242,69.13896942138672,32.199073791503906,129.59898376464844,64.30807495117188
2022-12-22,365.9729309082031,38.111602783203125,32.17025375366211,93.40974426269531,60.90027618408203,68.982177734375,32.00300979614258,129.41819763183594,62.655784606933594
2022-12-23,368.078125,39.32673263549805,32.351318359375,93.96365356445312,60.96388244628906,69.34188842773438,32.331295013427734,129.4943084716797,63.08469009399414
2022-12-27,366.6265869140625,39.746829986572266,32.34177780151367,94.25016784667969,60.386531829833984,69.6739273071289,32.53190994262695,129.16131591796875,62.0611457824707
2022-12-28,362.0702209472656,38.8569450378418,32.22743225097656,93.0181884765625,59.41287612915039,68.80691528320312,32.22187042236328,128.32398986816406,61.53962707519531
2022-12-29,368.5876159667969,39.263492584228516,32.67529296875,94.1642074584961,60.96877670288086,69.10205841064453,32.454402923583984,129.72267150878906,63.123695373535156
2022-12-30,367.6166687011719,39.51194381713867,32.589542388916016,93.791748046875,60.88560485839844,68.76080322265625,32.14435577392578,129.2564239501953,62.95309829711914
2023-01-03,366.0690612792969,38.125160217285156,32.70388412475586,93.99229431152344,60.308258056640625,68.5025405883789,32.14435577392578,128.88536071777344,62.57780075073242
2023-01-04,368.8951721191406,38.12063217163086,33.22798156738281,94.82317352294922,60.46481704711914,68.77003479003906,32.4361686706543,129.2279052734375,63.484375
2023-01-05,364.6848449707031,38.8162956237793,32.9802360534668,93.80130004882812,59.29055404663086,68.07828521728516,31.73400115966797,127.90538787841797,62.89460372924805
2023-01-06,373.0478210449219,39.552589416503906,33.71397399902344,96.37028503417969,61.02749252319336,69.8952865600586,32.37233352661133,129.08517456054688,64.37145233154297
2023-01-09,372.83636474609375,39.412559509277344,33.5900993347168,95.94051361083984,61.7369384765625,69.2127456665039,32.5911865234375,126.92533111572266,64.76136016845703
2023-01-10,375.45098876953125,39.692630767822266,33.780670166015625,96.46578979492188,62.11856460571289,69.12051391601562,32.600311279296875,127.99101257324219,65.57532501220703
2023-01-11,380.1996765136719,39.81459426879883,34.09514236450195,97.39214324951172,63.194984436035156,69.15740966796875,32.86476516723633,128.71409606933594,67.34459686279297
2023-01-12,381.58392333984375,40.57347869873047,34.161842346191406,97.96514892578125,63.664695739746094,68.61323547363281,32.641334533691406,128.30499267578125,67.45671081542969
2023-01-13,383.064208984375,40.6322021484375,34.41912841796875,97.85053253173828,63.84571075439453,68.93605041503906,32.52280044555664,128.8758544921875,68.09033966064453
2023-01-17,382.3625183105469,40.7180290222168,34.19043731689453,97.01968383789062,64.1343994140625,68.982177734375,32.47719955444336,128.27645874023438,68.13907623291016
2023-01-18,376.32574462890625,39.97269058227539,33.551971435546875,95.19562530517578,63.30752182006836,67.10059356689453,31.697532653808594,126.46863555908203,67.25199890136719
2023-01-19,373.586181640625,40.46958923339844,33.161285400390625,93.23784637451172,62.56871032714844,66.46415710449219,31.37836265563965,126.77312469482422,66.13585662841797
2023-01-20,380.5457458496094,40.87161636352539,33.68539047241211,94.53666687011719,64.26160430908203,66.98067474365234,31.5653018951416,127.41057586669922,67.7394027709961
2023-01-23,385.11175537109375,40.92582321166992,34.076080322265625,95.56807708740234,65.72453308105469,67.19280242919922,31.57442855834961,127.84827423095703,68.79706573486328
2023-01-24,384.6983947753906,40.76771545410156,34.09514236450195,96.19837188720703,65.69519805908203,67.46952056884766,31.73400115966797,127.0014877319336,68.71908569335938
2023-01-25,384.84259033203125,40.772239685058594,34.36195755004883,95.6635513305664,65.55818939208984,67.63555145263672,31.30541229248047,127.03952026367188,69.07003021240234
2023-01-26,389.0721740722656,42.05964279174805,34.543006896972656,96.1888427734375,66.60523986816406,67.3957290649414,31.410280227661133,127.27738189697266,70.4834976196289
2023-01-27,389.9660949707031,41.21040725708008,34.543006896972656,96.58992767333984,66.88414001464844,67.20203399658203,31.410280227661133,126.41157531738281,72.0821762084961
2023-01-30,385.0732727050781,40.266300201416016,34.37147521972656,95.64446258544922,65.60712432861328,67.28504943847656,31.268932342529297,125.26981353759766,70.8539047241211
2023-01-31,390.73516845703125,40.6231689453125,34.838401794433594,97.26799774169922,66.5220718383789,68.0136947631836,31.5014705657959,126.88729095458984,72.47698211669922
2023-02-01,394.8878173828125,39.82362365722656,34.838401794433594,97.97470092773438,68.08775329589844,68.55787658691406,31.55618667602539,127.48673248291016,73.85144805908203
2023-02-02,400.63616943359375,38.91566848754883,34.9337043762207,98.73872375488281,69.94701385498047,67.96759796142578,31.62457847595215,126.62090301513672,76.11299896240234
2023-02-03,396.3777770996094,38.8298454284668,34.86699295043945,98.22300720214844,69.3647689819336,67.70011138916016,30.96345329284668,126.24980163574219,73.76860046386719
2023-02-06,393.9553527832031,38.65366744995117,34.85747146606445,97.98424530029297,68.51830291748047,67.78311157226562,31.2279052734375,125.54574584960938,73.66136169433594
2023-02-07,399.1077880859375,39.909454345703125,35.257686614990234,98.28985595703125,70.23078155517578,67.49720001220703,31.214229583740234,126.3544692993164,73.83194732666016
2023-02-08,394.74359130859375,39.552589416503906,35.04804229736328,97.73593139648438,69.38433074951172,66.98067474365234,30.68988037109375,125.98338317871094,73.20319366455078
2023-02-09,391.3215026855469,39.21379852294922,34.6573486328125,96.85733795166016,69.002685546875,66.68553161621094,30.270410537719727,124.87969970703125,73.06672668457031
2023-02-10,392.2347717285156,40.74964904785156,34.77170944213867,97.54493713378906,68.68468475341797,67.30350494384766,30.87226676940918,126.05953216552734,72.20890045166016
2023-02-13,396.8392028808594,40.645755767822266,35.17192077636719,98.43312072753906,69.87362670898438,68.06904602050781,31.059206008911133,127.10613250732422,73.26656341552734
2023-02-14,396.6565856933594,40.65930938720703,34.98133850097656,98.16569519042969,70.17206573486328,67.45105743408203,30.926977157592773,126.3544692993164,74.14389038085938
2023-02-15,397.9446716308594,39.96818161010742,35.01946258544922,98.77691650390625,70.49989318847656,67.58019256591797,31.127595901489258,125.72653198242188,75.01145935058594
2023-02-16,392.4654541015625,39.57518005371094,34.66687774658203,97.75505065917969,69.27669525146484,67.09133911132812,30.8904972076416,124.4705810546875,73.37379455566406
2023-02-17,391.4848937988281,38.16581344604492,34.676414489746094,98.39490509033203,68.41068267822266,67.95835876464844,31.223344802856445,125.58379364013672,73.388427734375
2023-02-21,383.6313781738281,37.97608947753906,33.96173858642578,96.14108276367188,66.78626251220703,67.70011138916016,30.639726638793945,123.95679473876953,70.93675231933594
2023-02-22,383.10272216796875,37.72312927246094,33.923606872558594,95.90232849121094,66.68843841552734,67.59864807128906,30.521183013916016,123.53812408447266,71.29745483398438
2023-02-23,385.1405944824219,38.29228973388672,33.95220184326172,96.35118103027344,67.79417419433594,67.51563262939453,30.361604690551758,123.87117004394531,71.23897552490234
2023-02-24,381.0263671875,38.242610931396484,33.98078536987305,95.79727935791016,66.58567810058594,67.06368255615234,30.370712280273438,122.27269744873047,70.11795043945312
2023-02-27,382.3240966796875,38.35553741455078,33.97126007080078,96.64723205566406,66.9428482055664,66.98990631103516,30.165546417236328,121.90161895751953,70.98551940917969
2023-02-28,380.9110107421875,37.8044319152832,34.037960052490234,96.42757415771484,66.79606628417969,66.43649291992188,29.63664436340332,120.99772644042969,70.93675231933594
2023-03-01,379.4498596191406,38.54977798461914,33.923606872558594,96.80958557128906,66.30680084228516,65.94763946533203,29.148778915405273,120.79792785644531,70.0448226928711
2023-03-02,382.4009704589844,38.88855743408203,33.76162338256836,97.946044921875,67.12387084960938,66.85155487060547,29.70047378540039,121.54006958007812,69.81088256835938
2023-03-03,388.5338439941406,39.41707992553711,34.29525375366211,99.00611877441406,68.5672607421875,66.90689086914062,30.20657730102539,122.9006576538086,71.31207275390625
2023-03-06,388.80303955078125,39.43515396118164,34.32383728027344,98.82466888427734,68.89505004882812,67.0821304321289,30.35248565673828,122.84356689453125,70.79056549072266
2023-03-07,382.8431396484375,38.74852752685547,33.43762969970703,97.55449676513672,68.03883361816406,66.41804504394531,29.855499267578125,120.8645248413086,69.82549285888672
2023-03-08,383.468017578125,38.35101318359375,33.313751220703125,97.78369140625,68.60150146484375,66.52872467041016,30.083473205566406,120.21753692626953,69.69876861572266
2023-03-09,376.3930358886719,37.80895233154297,31.96062469482422,96.34162902832031,67.61805725097656,65.9107666015625,29.84181785583496,118.99966430664062,68.03671264648438
2023-03-10,370.9619445800781,37.32561492919922,31.37934684753418,94.54621124267578,66.4291000366211,65.58793640136719,29.3721923828125,118.12431335449219,67.3592300415039
2023-03-13,370.43316650390625,36.56672286987305,30.14055633544922,94.01139831542969,66.79117584228516,65.91998291015625,29.823579788208008,119.2280044555664,67.5005874633789
2023-03-14,376.5565185546875,36.928096771240234,30.75041961669922,95.00460815429688,68.33238983154297,66.5195083618164,30.215694427490234,120.29364013671875,68.6459732055664
2023-03-15,374.20135498046875,34.94504928588867,29.930917739868164,92.66483306884766,68.37152099609375,66.9530029296875,30.62605094909668,120.18898010253906,68.54363250732422
2023-03-16,380.766845703125,35.32448959350586,30.50266456604004,93.85858917236328,70.28949737548828,66.99913024902344,30.83123016357422,121.31172180175781,69.7816390991211
2023-03-17,376.31463623046875,34.76887893676758,29.521163940429688,92.3210220336914,70.19163513183594,66.5102767944336,30.534860610961914,119.75130462646484,68.8896713256836
2023-03-20,379.93316650390625,35.464942932128906,29.849634170532227,93.54366302490234,70.38092041015625,67.43243408203125,30.773700714111328,121.26908111572266,69.18790435791016
2023-03-21,384.9218444824219,36.692752838134766,30.606170654296875,94.62725830078125,70.9497299194336,67.37681579589844,30.153635025024414,122.00457000732422,71.0994644165039
2023-03-22,378.36029052734375,35.91224670410156,29.89751625061035,92.81489562988281,70.24360656738281,66.75586700439453,29.561128616333008,120.16108703613281,69.51545715332031
2023-03-23,379.38311767578125,35.41473388671875,29.696414947509766,92.54638671875,71.38615417480469,66.49639129638672,29.257984161376953,119.93183898925781,69.4421157836914
2023-03-24,381.87261962890625,35.551666259765625,29.677261352539062,92.92994689941406,71.57249450683594,67.6270523071289,30.172008514404297,121.5938491821289,69.21722412109375
2023-03-27,382.5867004394531,36.30934524536133,30.08905029296875,93.70668029785156,71.01837921142578,67.98847961425781,30.208749771118164,122.09053802490234,69.35900115966797
2023-03-28,381.72784423828125,36.870758056640625,30.079469680786133,94.1861572265625,70.6849365234375,68.10897064208984,30.291427612304688,121.35504913330078,69.27590942382812
2023-03-29,387.2762756347656,37.38196563720703,30.519983291625977,95.55741882324219,72.16582489013672,68.48892974853516,30.73236846923828,121.68937683105469,70.59102630615234
2023-03-30,389.54388427734375,37.54628372192383,30.452945709228516,95.75880432128906,73.00433349609375,68.6835708618164,30.865562438964844,122.34844207763672,71.20702362060547
2023-03-31,395.03436279296875,37.80644607543945,30.788124084472656,97.02458190917969,74.04879760742188,69.2396469116211,31.09062957763672,123.65703582763672,73.10881042480469
2023-04-03,396.5396728515625,39.5180778503418,30.845582962036133,97.19718933105469,73.93109893798828,69.60108184814453,30.87934112548828,125.04202270507812,72.43902587890625
2023-04-04,394.3396301269531,38.80147171020508,30.558290481567383,95.02042388916016,73.52410888671875,69.46206665039062,31.03550910949707,125.06111907958984,72.32168579101562
2023-04-05,393.3070983886719,39.385711669921875,30.519983291625977,93.78340148925781,72.68560028076172,69.78644561767578,31.83929443359375,127.21983337402344,70.84033966064453
2023-04-06,394.8413391113281,38.787784576416016,30.634899139404297,93.754638671875,73.09750366210938,69.84205627441406,32.064361572265625,127.53502655029297,70.85501861572266
2023-04-10,395.2466125488281,39.09815979003906,30.70193862915039,94.60808563232422,73.05828094482422,69.84205627441406,32.00004959106445,127.4490966796875,71.16792297363281
2023-04-11,395.352783203125,39.467872619628906,30.970075607299805,95.1738510131836,72.37177276611328,70.04595947265625,32.027618408203125,127.87890625,71.28034973144531
2023-04-12,393.7413024902344,39.49525833129883,30.903039932250977,95.49031829833984,71.95986938476562,69.73084259033203,31.995468139648438,127.9171142578125,70.17544555664062
2023-04-13,398.97125244140625,39.74173355102539,31.180755615234375,95.8450927734375,73.29853820800781,70.1200942993164,32.00004959106445,129.57913208007812,71.72525024414062
2023-04-14,397.9966735839844,39.814762115478516,31.48720359802246,95.73004150390625,72.89154052734375,69.67523193359375,31.641794204711914,128.53797912597656,71.81813049316406
2023-04-17,399.4248352050781,39.344627380371094,31.851104736328125,96.48758697509766,73.1563491821289,70.1200942993164,31.816335678100586,128.4329071044922,72.32657623291016
2023-04-18,399.685302734375,39.49982452392578,31.946868896484375,96.94786834716797,73.38191223144531,70.33324432373047,31.650985717773438,127.55414581298828,72.44391632080078
2023-04-19,399.6177978515625,39.362884521484375,32.02347946166992,96.87115478515625,73.1710433959961,70.28689575195312,31.894411087036133,127.94576263427734,72.3754653930664
2023-04-20,397.43707275390625,39.015995025634766,31.92771339416504,96.69854736328125,72.69050598144531,70.45372772216797,31.885223388671875,127.42041778564453,71.26081085205078
2023-04-21,397.74578857421875,38.787784576416016,31.812801361083984,96.47799682617188,72.45512390136719,70.96343994140625,31.977092742919922,128.28005981445312,72.04791259765625
2023-04-24,398.16070556640625,39.38114547729492,31.736188888549805,96.7081298828125,72.13639831542969,71.25074768066406,32.13785171508789,128.99647521972656,72.03813171386719
2023-04-25,391.84039306640625,38.6417236328125,31.19033432006836,94.92453002929688,70.5966796875,71.1580581665039,32.10569763183594,127.62100219726562,70.61056518554688
2023-04-26,390.18072509765625,38.12594985961914,30.893463134765625,93.13133239746094,71.64603424072266,70.60200500488281,31.35243034362793,125.80616760253906,70.24879455566406
2023-04-27,397.948486328125,38.26288604736328,31.39143943786621,94.97248077392578,73.16614532470703,71.3897705078125,31.729063034057617,126.46520233154297,72.1016845703125
2023-04-28,401.344970703125,38.85624694824219,31.764915466308594,95.8930435180664,73.96052551269531,71.76976013183594,31.68313217163086,127.54459381103516,72.2874755859375
2023-05-01,400.93975830078125,38.41807556152344,31.678733825683594,96.410888671875,74.00464630126953,71.8253402709961,31.738248825073242,128.20367431640625,71.57367706298828
2023-05-02,396.4334716796875,36.747535705566406,30.960500717163086,95.40398406982422,73.31326293945312,71.6307373046875,31.35243034362793,127.6496810913086,71.64703369140625
2023-05-03,393.71234130859375,36.05373764038086,30.606170654296875,95.03958892822266,72.6954116821289,71.04686737060547,31.26515769958496,127.47774505615234,71.07991790771484
2023-05-04,390.9237060546875,35.65207290649414,30.213542938232422,94.00395202636719,72.34723663330078,70.87078094482422,31.504003524780273,126.46520233154297,70.5323486328125
2023-05-05,398.16070556640625,36.61971664428711,30.960500717163086,95.42317199707031,74.16156005859375,71.52880096435547,31.706100463867188,127.60189056396484,71.95991516113281
2023-05-08,398.2668151855469,36.61971664428711,31.008386611938477,95.07795715332031,74.12234497070312,71.31564331054688,31.60964012145996,127.32490539550781,72.20437622070312
2023-05-09,396.5203552246094,36.63341522216797,30.893463134765625,95.2889175415039,73.55352020263672,71.09319305419922,31.56831169128418,126.47479248046875,72.18480682373047
2023-05-10,398.37298583984375,36.218055725097656,30.72109031677246,94.94371795654297,74.45088958740234,70.98197937011719,31.8576717376709,126.82821655273438,72.55148315429688
2023-05-11,397.67828369140625,35.78444290161133,30.673206329345703,94.36833190917969,74.11743927001953,71.19514465332031,31.53156280517578,126.43656921386719,72.88880157470703
2023-05-12,397.1571960449219,35.8392219543457,30.54871368408203,94.43547058105469,74.01937103271484,71.47317504882812,31.706100463867188,126.2646484375,72.27281188964844
2023-05-15,398.5274353027344,36.021793365478516,30.79770278930664,94.89575958251953,74.63233184814453,71.29708099365234,31.306503295898438,126.04499053955078,72.36569213867188
2023-05-16,395.86419677734375,35.13631057739258,30.51041030883789,93.61079406738281,74.71077728271484,70.69468688964844,30.61294174194336,124.9942855834961,72.07234191894531
2023-05-17,400.6695556640625,35.811832427978516,31.12329864501953,95.2218017578125,75.70619201660156,70.65760803222656,30.50271224975586,125.14710235595703,73.57324981689453
2023-05-18,404.5293273925781,36.071998596191406,31.353134155273438,95.91221618652344,77.25572204589844,70.31471252441406,30.410846710205078,124.8414306640625,74.71725463867188
2023-05-19,403.9406433105469,36.35042190551758,31.21906089782715,95.68208312988281,77.22139739990234,70.36103820800781,30.36492156982422,125.42410278320312,74.09148406982422
2023-05-22,404.1047058105469,36.19979476928711,31.276517868041992,95.66290283203125,77.3685073852539,69.29524993896484,30.374101638793945,125.54829406738281,73.8616943359375
2023-05-23,399.56951904296875,36.5877685546875,30.912614822387695,94.5121841430664,76.22595977783203,68.78553771972656,30.268463134765625,124.17281341552734,73.18702697753906
2023-05-24,396.67474365234375,36.747535705566406,30.51041030883789,93.29434204101562,75.6669692993164,68.34066772460938,30.070959091186523,123.32270812988281,72.91814422607422
2023-05-25,400.10992431640625,36.09482192993164,30.500831604003906,93.60118865966797,78.56986999511719,67.8216781616211,29.666763305664062,122.06189727783203,72.590576171875
2023-05-26,405.2915954589844,35.95332336425781,30.749820709228516,94.30120849609375,80.80099487304688,68.0533676147461,29.666763305664062,121.81352996826172,74.29682159423828
2023-05-30,405.4459533691406,35.58361053466797,30.74024200439453,94.15738677978516,81.23250579833984,67.27486419677734,29.551937103271484,121.05895233154297,74.79549407958984
2023-05-31,403.19769287109375,34.95830154418945,30.414644241333008,92.8724136352539,80.55581665039062,67.3489990234375,29.822933197021484,122.10008239746094,74.12081909179688
2023-06-01,407.0284423828125,35.391910552978516,30.74024200439453,94.0615005493164,81.37471771240234,67.29341888427734,29.602460861206055,122.90242767333984,74.99593353271484
2023-06-02,412.9145812988281,36.46910095214844,31.410587310791016,96.79444122314453,81.8405532836914,68.22017669677734,29.910202026367188,124.47848510742188,76.75594329833984
2023-06-05,412.123291015625,36.22718811035156,31.24778938293457,96.12318420410156,81.36981964111328,67.9699478149414,30.05258560180664,124.92739868164062,76.98571014404297
2023-06-06,413.020751953125,36.51930618286133,31.640424728393555,96.72732543945312,81.35020446777344,67.6270523071289,30.029619216918945,123.88627624511719,77.7874984741211
2023-06-07,411.5926208496094,37.4869384765625,31.764915466308594,98.28077697753906,80.13410186767578,67.40463256835938,30.539447784423828,123.39913940429688,77.25950622558594
2023-06-08,414.0821228027344,37.327186584472656,31.736188888549805,98.45338439941406,81.00204467773438,67.8680191040039,30.67265510559082,124.19192504882812,78.40351104736328
2023-06-09,414.8251647949219,37.121803283691406,31.74576759338379,98.19448852539062,81.40414428710938,67.75680541992188,30.49352264404297,124.57398986816406,78.80928039550781
2023-06-12,418.5884094238281,36.765785217285156,31.736188888549805,98.89449310302734,83.17433166503906,67.73824310302734,30.43840217590332,125.02291870117188,80.16351318359375
2023-06-13,421.34808349609375,36.939231872558594,31.92771339416504,100.04521179199219,83.67938995361328,68.01628875732422,30.433813095092773,125.65335845947266,80.99462890625
2023-06-14,421.8498229980469,36.56038284301758,31.80321502685547,99.77672576904297,84.54241943359375,68.43334197998047,30.41543960571289,124.36384582519531,80.93596649169922
2023-06-15,427.0798034667969,36.96204376220703,32.224586486816406,101.28224182128906,85.6310043334961,69.11915588378906,30.746143341064453,126.29329681396484,81.46397399902344
2023-06-16,425.6250305175781,36.90727615356445,32.157554626464844,101.11921691894531,84.92489624023438,69.20256042480469,30.911495208740234,126.28376007080078,81.34174346923828
2023-06-20,423.4168395996094,36.08122253417969,31.91706657409668,100.36825561523438,84.35095977783203,68.67616271972656,30.548965454101562,126.1418228149414,81.95112609863281
2023-06-21,421.24737548828125,36.366695404052734,31.87858772277832,100.9266586303711,83.10284423828125,68.91883087158203,30.794357299804688,126.16100311279297,80.96647644042969
2023-06-22,422.7679443359375,35.87862014770508,31.62848663330078,100.1949691772461,83.78096771240234,69.32018280029297,30.558225631713867,127.02420043945312,82.00013732910156
2023-06-23,419.57177734375,35.62076187133789,31.493816375732422,99.43437957763672,82.87189483642578,68.86283111572266,30.10910987854004,126.6021728515625,81.04976654052734
2023-06-26,417.8575134277344,36.26079559326172,31.426475524902344,100.26235961914062,82.27733612060547,68.95616149902344,30.405433654785156,125.88285827636719,80.01123809814453
2023-06-27,422.438720703125,36.34367370605469,31.67658042907715,101.46581268310547,83.89889526367188,69.16150665283203,30.41469383239746,125.5951156616211,81.73070526123047
2023-06-28,422.6517333984375,36.71204376220703,31.599624633789062,101.46581268310547,83.94803619384766,68.69481658935547,29.965579986572266,125.19227600097656,82.05402374267578
2023-06-29,424.31756591796875,37.135658264160156,32.147926330566406,102.44783782958984,84.09544372558594,68.6294937133789,29.965579986572266,126.0075454711914,82.14219665527344
2023-06-30,429.3248291015625,37.37508773803711,32.42688751220703,103.3239517211914,85.4320068359375,69.2268295288086,30.2989444732666,127.30233001708984,83.18561553955078
2023-07-03,429.8187561035156,37.462581634521484,32.60966491699219,103.34320068359375,85.25019073486328,69.7681884765625,30.52581214904785,126.25691223144531,84.18986511230469
2023-07-05,429.1795654296875,37.25537872314453,32.54232406616211,102.78480529785156,84.72441864013672,69.64684295654297,30.873065948486328,126.18977355957031,84.22416687011719
2023-07-06,425.81878662109375,36.41733932495117,32.26336669921875,102.01459503173828,84.49838256835938,69.4695053100586,30.49803352355957,125.18270874023438,82.86720275878906
2023-07-07,424.74371337890625,37.20011901855469,32.311458587646484,102.24563598632812,84.12984466552734,68.56416320800781,30.27579116821289,123.72486114501953,82.97007751464844
2023-07-10,425.81878662109375,37.490211486816406,32.45574951171875,103.69942474365234,84.35095977783203,68.54547882080078,30.146146774291992,124.7031478881836,83.22481536865234
2023-07-11,428.5306396484375,38.314430236816406,32.84052276611328,104.92213439941406,84.53277587890625,68.64816284179688,30.521181106567383,124.73193359375,83.9204330444336
2023-07-12,431.9786071777344,38.66897964477539,33.052154541015625,104.73919677734375,85.490966796875,68.80683135986328,30.965667724609375,124.396240234375,84.67485046386719
2023-07-13,435.4071350097656,38.52163314819336,33.1675910949707,104.87399291992188,86.6064224243164,69.09616088867188,31.072158813476562,124.4441909790039,85.46843719482422
2023-07-14,435.13592529296875,37.504024505615234,32.94633865356445,104.56591033935547,86.47866821289062,69.32951354980469,30.9517765045166,126.31446075439453,85.68888092041016
2023-07-17,436.64678955078125,37.43035125732422,33.26377868652344,104.96063995361328,87.58427429199219,69.1241683959961,30.59526252746582,125.73899841308594,86.03670501708984
2023-07-18,439.8913879394531,37.80792236328125,33.63892364501953,105.54793548583984,88.57686614990234,69.04949188232422,30.359130859375,126.66932678222656,86.38941192626953
2023-07-19,440.86962890625,38.0289421081543,33.78322982788086,105.49979400634766,88.3557357788086,69.74951171875,30.669342041015625,127.25436401367188,86.69312286376953
2023-07-20,437.9446716308594,38.47557830810547,34.0333251953125,105.97154998779297,86.5916748046875,70.34686279296875,31.229578018188477,129.3644256591797,83.73917388916016
2023-07-21,437.9446716308594,38.816314697265625,33.91789245605469,105.4709243774414,86.54745483398438,70.58953094482422,31.69721794128418,130.66880798339844,83.75878143310547
2023-07-24,439.9010925292969,39.44253921508789,34.24494934082031,105.71160888671875,86.69977569580078,70.8602066040039,31.613866806030273,130.38107299804688,84.30744171142578
2023-07-25,441.1020202636719,39.64973831176758,34.023712158203125,105.57682037353516,87.69239044189453,70.84154510498047,31.6694278717041,130.32351684570312,84.11148071289062
2023-07-26,441.1698303222656,39.66355895996094,34.22571563720703,106.31814575195312,86.51304626464844,70.925537109375,31.6694278717041,130.2371826171875,84.09188842773438
2023-07-27,438.2448425292969,39.410308837890625,33.7928466796875,105.40351104736328,86.262451171875,70.3001937866211,31.109193801879883,129.27809143066406,83.21990203857422
2023-07-28,442.53546142578125,39.53002166748047,33.86018371582031,106.05819702148438,87.4368667602539,71.02821350097656,31.039749145507812,129.66171264648438,84.63074493408203
2023-07-31,443.37799072265625,40.28056716918945,33.9852294921875,106.30852508544922,87.6383285522461,70.70154571533203,31.05363655090332,128.66424560546875,85.11083221435547
2023-08-01,442.1092834472656,40.091773986816406,33.9852294921875,106.62623596191406,87.78572845458984,70.31884765625,30.673974990844727,127.9928970336914,84.14578247070312
2023-08-02,435.9591979980469,39.56686019897461,33.69664764404297,105.50942993164062,85.61381530761719,70.57086181640625,30.673974990844727,128.0792236328125,82.63697052001953
2023-08-03,434.7098083496094,39.96745681762695,33.71588897705078,104.8451156616211,85.26494598388672,70.37487030029297,29.97484016418457,127.43660736083984,82.8329086303711
2023-08-04,432.74371337890625,40.022708892822266,33.581214904785156,104.20968627929688,84.10527038574219,69.67485046386719,29.62759017944336,126.98579406738281,84.03802490234375
2023-08-07,436.5208740234375,40.06875228881836,34.05257034301758,105.49016571044922,84.34114837646484,70.24419403076172,29.622955322265625,128.4532470703125,84.90018463134766
2023-08-08,434.6225891113281,40.26675033569336,33.7447509765625,105.00878143310547,83.6925277709961,69.74018859863281,29.761856079101562,129.441162109375,84.22416687011719
2023-08-09,431.717041015625,40.77324676513672,33.4946403503418,104.95103454589844,82.6114730834961,69.84284210205078,29.826675415039062,129.40277099609375,83.22481536865234
2023-08-10,431.8719787597656,40.76864242553711,33.52349853515625,104.66217803955078,82.62129211425781,69.70285034179688,29.734079360961914,129.3164825439453,83.42567443847656
2023-08-11,431.62017822265625,41.39487075805664,33.5908317565918,104.83547973632812,82.0119857788086,69.81484985351562,29.896127700805664,130.12210083007812,83.14154815673828
2023-08-14,434.0027770996094,41.219886779785156,33.52349853515625,104.87399291992188,83.31906127929688,69.4695053100586,29.659996032714844,130.51531982421875,83.39627075195312
2023-08-15,428.9471130371094,40.36345672607422,32.907859802246094,103.5357666015625,82.49844360351562,68.72281646728516,29.178470611572266,130.0358123779297,82.25975799560547
2023-08-16,425.7994689941406,40.01350784301758,32.859764099121094,102.95809936523438,81.71223449707031,68.56416320800781,29.30811309814453,129.0479278564453,81.24082946777344
2023-08-17,422.55487060546875,40.492374420166016,32.69622802734375,102.09159851074219,80.93585205078125,67.90147399902344,29.2432918548584,128.02166748046875,79.86427307128906
2023-08-18,422.75823974609375,40.892967224121094,32.68661117553711,102.2841567993164,81.0586929321289,68.15348052978516,29.396087646484375,128.0696258544922,79.68302154541016
2023-08-21,425.50885009765625,40.63511657714844,32.64813995361328,102.15900421142578,82.60655212402344,67.6961441040039,29.21088218688965,128.2039031982422,80.59908294677734
2023-08-22,424.3563537597656,40.32200622558594,32.34031295776367,101.9183120727539,82.51318359375,67.31346893310547,29.29422378540039,127.75310516357422,80.71664428710938
2023-08-23,429.0826721191406,40.220699310302734,32.65776062011719,102.96772766113281,84.00208282470703,67.76146697998047,29.409975051879883,128.13677978515625,81.36328887939453
2023-08-24,423.135986328125,39.94443130493164,32.54232406616211,101.71612548828125,82.06603240966797,67.22012329101562,29.23866081237793,127.02420043945312,79.77118682861328
2023-08-25,426.1190490722656,40.33121109008789,32.69622802734375,102.572998046875,82.9013900756836,67.59347534179688,29.460908889770508,127.95452880859375,80.66276550292969
2023-08-28,428.8211669921875,40.602882385253906,32.87900161743164,103.41059875488281,83.57949829101562,67.90147399902344,29.45627784729004,128.25186157226562,80.98609924316406
2023-08-29,435.0197448730469,40.71338653564453,33.17720031738281,104.20006561279297,85.25511169433594,68.14414978027344,29.56739616394043,129.40277099609375,83.00926208496094
2023-08-30,436.8114929199219,40.91598892211914,33.196441650390625,104.67182159423828,85.8988265991211,68.25614929199219,29.43312644958496,129.30690002441406,83.36687469482422
2023-08-31,436.1722717285156,40.94362258911133,33.071388244628906,104.20006561279297,86.31649780273438,67.91080474853516,29.150693893432617,127.76270294189453,83.62651062011719
2023-09-01,436.9858093261719,41.78164291381836,33.36958694458008,104.74884033203125,86.58184814453125,67.3321304321289,29.002532958984375,128.1079864501953,83.1170425415039
2023-09-05,435.09722900390625,42.00266647338867,33.03290939331055,102.98697662353516,86.89141845703125,66.75346374511719,28.558048248291016,126.78440856933594,83.17581939697266
2023-09-06,432.1722717285156,42.02108383178711,33.013675689697266,102.54411315917969,85.97254180908203,66.67878723144531,28.62286949157715,126.09385681152344,82.43611907958984
2023-09-07,430.8454284667969,41.979644775390625,32.927101135253906,102.20714569091797,84.72933197021484,66.83745574951172,28.997900009155273,126.65972137451172,82.66635131835938
2023-09-08,431.49432373046875,42.38484573364258,32.99443435668945,101.69686889648438,84.9062271118164,66.92146301269531,29.252552032470703,126.65972137451172,82.66635131835938
2023-09-11,434.33203125,41.82768249511719,33.148338317871094,101.72576141357422,85.3484878540039,67.50012969970703,29.3729305267334,127.53251647949219,84.89039611816406
2023-09-12,431.949462890625,42.81306838989258,33.36958694458008,101.35991668701172,83.80061340332031,66.92146301269531,29.409975051879883,127.36946868896484,84.12129211425781
2023-09-13,432.453125,42.49074935913086,33.36958694458008,100.68597412109375,84.01192474365234,67.12680053710938,29.761856079101562,127.38864135742188,84.78752136230469
2023-09-14,436.1819152832031,42.988037109375,33.67741775512695,101.67761993408203,84.62122344970703,67.80813598632812,30.19708251953125,127.79148864746094,85.62030029296875
2023-09-15,430.92669677734375,42.366424560546875,33.50426483154297,101.09033203125,82.99474334716797,67.24813842773438,30.067441940307617,126.78440856933594,84.15557861328125
2023-09-18,431.1793518066406,42.72544860839844,33.59605407714844,101.20246887207031,83.39361572265625,67.2246322631836,30.04503631591797,126.5918197631836,83.24032592773438
2023-09-19,430.2851867675781,42.32653045654297,33.55740737915039,100.7771224975586,83.34929656982422,67.06490325927734,29.881668090820312,126.69774627685547,82.82320404052734
2023-09-20,426.3294372558594,41.93225860595703,33.325504302978516,100.38079071044922,82.0394287109375,67.13067626953125,29.90967559814453,126.7073745727539,81.99874877929688
2023-09-21,419.28289794921875,41.35708236694336,32.77475357055664,98.73741149902344,80.78864288330078,66.26616668701172,29.596948623657227,125.599853515625,79.76095581054688
2023-09-22,418.34014892578125,41.42665100097656,32.523529052734375,98.39908599853516,80.96099853515625,65.90908813476562,29.540939331054688,125.33985137939453,78.97573852539062
2023-09-25,420.099365234375,41.94617462158203,32.600830078125,98.89207458496094,81.22199249267578,65.67416381835938,29.498931884765625,126.02361297607422,79.46160125732422
2023-09-26,413.92755126953125,41.70497512817383,32.166019439697266,97.3840560913086,79.75946044921875,65.18553161621094,28.61676597595215,124.95463562011719,78.01387786865234
2023-09-27,414.0927734375,42.74400329589844,32.117713928222656,98.10908508300781,79.88257598876953,64.6499252319336,28.06599235534668,124.32865905761719,77.71453857421875
2023-09-28,416.4934387207031,42.79037857055664,32.349605560302734,98.52474975585938,80.44886779785156,64.84725952148438,27.459211349487305,124.92572784423828,78.58316040039062
2023-09-29,415.4826965332031,41.927616119384766,32.05007553100586,98.00272369384766,80.72462463378906,64.65930938720703,27.505887985229492,123.98196411132812,79.00028991699219
2023-10-02,415.3173828125,41.09267807006836,31.779525756835938,97.04571533203125,81.59132385253906,64.21766662597656,26.226980209350586,123.8086166381836,79.0640869140625
2023-10-03,409.7579650878906,41.06485366821289,31.277084350585938,96.36904907226562,80.20758056640625,63.7572135925293,26.53036880493164,122.71074676513672,77.14036560058594
2023-10-04,412.7417297363281,39.77534484863281,31.508987426757812,96.67837524414062,81.20721435546875,64.26464080810547,26.50235939025879,123.23079681396484,78.66167449951172
2023-10-05,412.5862731933594,39.529502868652344,31.65391731262207,96.10802459716797,81.3155517578125,62.99609375,26.34833335876465,123.90491485595703,78.26908111572266
2023-10-06,417.48480224609375,39.76606369018555,31.924461364746094,97.42272186279297,82.83716583251953,62.64839172363281,26.72173500061035,125.20502471923828,78.8187255859375
2023-10-09,420.1576232910156,41.09267807006836,31.94379425048828,98.95008850097656,83.26557922363281,62.704776763916016,26.9877872467041,125.6384048461914,78.90214538574219
2023-10-10,422.3444519042969,41.14370346069336,32.175682067871094,99.54944610595703,83.39361572265625,63.3437614440918,27.356523513793945,126.23548126220703,79.76586151123047
2023-10-11,424.0745544433594,40.61491012573242,32.22399139404297,100.14878845214844,84.16674041748047,62.91150665283203,27.799945831298828,125.67691802978516,80.05049133300781
2023-10-12,421.4892272949219,40.661312103271484,32.02109146118164,99.24009704589844,84.24553680419922,62.225547790527344,27.370527267456055,124.59831237792969,79.17695617675781
2023-10-13,419.3898010253906,41.55653381347656,32.08871841430664,98.36040496826172,83.0390853881836,62.770565032958984,27.678586959838867,125.37838745117188,78.01387786865234
2023-10-16,423.8023986816406,41.83485412597656,32.42690658569336,99.40443420410156,83.83680725097656,63.41893768310547,27.963306427001953,126.32215118408203,79.27511596679688
2023-10-17,423.7829284667969,42.27086639404297,32.581504821777344,99.71377563476562,83.44779205322266,63.691436767578125,27.888626098632812,126.14881896972656,79.46160125732422
2023-10-18,418.1360168457031,42.65586853027344,32.02109146118164,97.30673217773438,82.59095001220703,63.92635726928711,27.645912170410156,125.05094909667969,77.59674835205078
2023-10-19,414.46209716796875,42.58164978027344,31.595947265625,96.40770721435547,82.11821746826172,63.45651626586914,27.370527267456055,123.8182601928711,75.6141357421875
2023-10-20,409.36920166015625,41.8673210144043,31.112829208374023,95.4120101928711,80.72955322265625,63.21220397949219,27.085803985595703,123.32709503173828,74.4412612915039
2023-10-23,408.6596374511719,41.190093994140625,30.91957664489746,94.96734619140625,80.8231201171875,63.090049743652344,26.857097625732422,122.55667114257812,74.52960205078125
2023-10-24,411.74066162109375,40.61028289794922,31.132150650024414,95.68268585205078,81.37955474853516,63.62565612792969,27.547895431518555,122.9322509765625,75.32461547851562
2023-10-25,405.8312683105469,40.53605270385742,31.016197204589844,94.45500183105469,80.41932678222656,63.841800689697266,27.701923370361328,121.83438873291016,73.80329895019531
2023-10-26,400.97161865234375,40.22064208984375,30.948562622070312,94.05864715576172,78.88294219970703,63.42832946777344,27.939971923828125,120.63056945800781,72.65003967285156
2023-10-27,399.1541442871094,39.255828857421875,30.388147354125977,93.22731018066406,79.34088897705078,62.56382751464844,27.412532806396484,118.58893585205078,73.41068267822266
2023-10-30,403.92633056640625,39.385704040527344,30.92923927307129,94.3873291015625,80.19280242919922,63.541107177734375,27.622573852539062,119.25343322753906,74.08302307128906
2023-10-31,406.4631042480469,39.51558303833008,31.26742172241211,95.08333587646484,80.76402282714844,63.76662063598633,27.860618591308594,119.93717956542969,74.64246368408203
2023-11-01,410.7979431152344,39.42280960083008,31.470335006713867,95.3926773071289,82.32504272460938,63.70084762573242,28.17801284790039,120.18756866455078,75.56507110595703
2023-11-02,418.6706237792969,40.61491012573242,32.21432876586914,97.35505676269531,83.71862030029297,64.52774810791016,28.705448150634766,122.09439086914062,77.53787231445312
2023-11-03,422.4903259277344,40.206729888916016,32.63948059082031,98.21541595458984,84.58037567138672,64.6029281616211,28.87347984313965,122.70112609863281,78.6273193359375
2023-11-06,423.4621887207031,39.75215148925781,32.54285430908203,97.95441436767578,85.1368408203125,64.706298828125,28.798799514770508,123.51969146728516,78.72547912597656
2023-11-07,424.6673889160156,38.87083053588867,32.49454116821289,97.71273803710938,86.0675277709961,64.86603546142578,28.588760375976562,123.60636901855469,79.60391235351562
2023-11-08,424.9784240722656,38.38378143310547,32.53319549560547,97.93506622314453,86.55503845214844,64.61233520507812,28.378719329833984,123.43302154541016,79.39289093017578
2023-11-09,421.6641540527344,38.267822265625,32.39792251586914,97.72239685058594,86.15126037597656,64.34921264648438,28.005313873291016,120.8809585571289,77.91082763671875
2023-11-10,428.2441101074219,38.6899299621582,32.76509094238281,99.1337661743164,88.40167236328125,64.80026245117188,28.154674530029297,121.60324096679688,79.20640563964844
2023-11-13,427.8359069824219,38.968238830566406,32.71678161621094,99.22075653076172,87.88460540771484,65.00699615478516,27.818613052368164,122.30626678466797,79.54501342773438
2023-11-14,436.13623046875,39.31612777709961,33.33517074584961,101.2121353149414,89.6426010131836,65.67416381835938,28.929489135742188,123.13449096679688,82.22450256347656
2023-11-15,437.0595397949219,39.24190902709961,33.51875305175781,101.42481231689453,89.75587463378906,66.20039367675781,28.84080696105957,123.23079681396484,82.32264709472656
2023-11-16,437.59417724609375,38.47655487060547,33.654029846191406,101.44414520263672,90.20397186279297,65.38287353515625,28.994836807250977,123.76046752929688,81.47856140136719
2023-11-17,438.138427734375,39.28365707397461,33.82794952392578,102.09182739257812,90.016845703125,65.29829406738281,29.074182510375977,123.51007080078125,82.0232925415039
2023-11-20,441.5110168457031,39.33932113647461,33.963226318359375,102.40115356445312,91.32178497314453,65.25131225585938,28.985498428344727,124.26123809814453,82.44532775878906
2023-11-21,440.5487976074219,39.25119400024414,33.94390106201172,102.32382202148438,90.58314514160156,65.44865417480469,29.046178817749023,125.01241302490234,82.23430633544922
2023-11-22,442.24969482421875,39.23263168334961,34.07917022705078,102.54615783691406,90.98694610595703,65.9184799194336,29.18620491027832,125.60948181152344,82.48458099365234
2023-11-24,442.5218505859375,39.39497756958008,34.18545913696289,102.79749298095703,90.80968475341797,66.16280364990234,29.26088523864746,126.28363037109375,82.5631103515625
2023-11-27,441.7248840332031,39.255828857421875,34.06950759887695,102.21747589111328,90.80474853515625,65.974853515625,29.307559967041016,125.49392700195312,82.69560241699219
2023-11-28,442.1622619628906,39.26510238647461,34.059844970703125,101.97582244873047,90.97709655761719,66.27556610107422,29.400915145874023,124.84869384765625,83.17162322998047
2023-11-29,441.85113525390625,38.97288131713867,34.30140686035156,102.36249542236328,91.04602813720703,65.73993682861328,29.16753578186035,124.8872299194336,82.94589233398438
2023-11-30,443.5909729003906,39.23263168334961,34.687904357910156,103.48384094238281,91.17900848388672,66.3977279663086,29.29355812072754,126.45697784423828,82.82810974121094
2023-12-01,446.2152099609375,39.43672561645508,34.94878387451172,105.11756134033203,91.38581085205078,66.67022705078125,29.6529598236084,126.957763671875,83.96173095703125
2023-12-04,443.87286376953125,39.255828857421875,34.91014099121094,105.29154205322266,90.2729263305664,66.75479888916016,29.536272048950195,127.19853210449219,83.64275360107422
2023-12-05,443.7853698730469,38.56932830810547,34.7362174987793,104.44087219238281,90.81459045410156,66.22859954833984,29.32623291015625,127.03479766845703,83.78997802734375
2023-12-06,441.9970397949219,37.99414825439453,34.562294006347656,104.90486907958984,90.04640197753906,66.0594482421875,29.718303680419922,127.13108825683594,83.91265869140625
2023-12-07,445.3695983886719,37.73439025878906,34.72654342651367,105.00154876708984,91.13959503173828,66.3413314819336,29.6529598236084,126.97702026367188,84.60459899902344
2023-12-08,447.2843017578125,38.142581939697266,34.91014099121094,105.33021545410156,91.91763305664062,65.88088989257812,29.596948623657227,127.18888092041016,84.99230194091797
2023-12-11,449.0240783691406,38.18896484375,35.122703552246094,106.33557891845703,92.72029876708984,66.51048278808594,29.788318634033203,128.02674865722656,85.2180404663086
2023-12-12,451.07489013671875,37.66481399536133,35.373931884765625,106.81893157958984,93.33585357666016,66.72660064697266,29.666963577270508,128.57565307617188,85.48304748535156
2023-12-13,457.29522705078125,38.18896484375,35.94400405883789,108.00794219970703,94.1582260131836,67.93879699707031,30.78717041015625,130.9447479248047,86.6019515991211
2023-12-14,458.7629089355469,39.311492919921875,36.301517486572266,109.39998626708984,93.92677307128906,66.94273376464844,30.38576316833496,130.3091583251953,87.7650146484375
2023-12-15,458.0075378417969,39.102752685546875,36.08893966674805,109.25497436523438,94.39950561523438,66.94273376464844,29.85833168029785,129.20164489746094,87.94660186767578
2023-12-18,460.5838928222656,39.42214584350586,36.209354400634766,109.25011444091797,94.68181610107422,67.63958740234375,29.79095458984375,129.4125213623047,88.49230194091797
2023-12-19,463.3846130371094,39.895137786865234,36.481239318847656,110.09571838378906,95.04207611083984,67.77214050292969,29.9605712890625,130.2831268310547,89.18549346923828
2023-12-20,456.96337890625,39.525169372558594,35.830657958984375,108.3170166015625,93.60594177246094,66.4560775756836,29.352785110473633,128.39678955078125,87.5582046508789
2023-12-21,461.2962951660156,39.67970657348633,36.18022155761719,109.43478393554688,94.6571273803711,66.92000579833984,29.404611587524414,129.9639434814453,88.89051055908203
2023-12-22,462.22332763671875,39.79678726196289,36.25790023803711,109.95965576171875,94.78050231933594,67.43128204345703,29.50355339050293,130.61204528808594,88.23665618896484
2023-12-26,464.1750793457031,40.138648986816406,36.403560638427734,110.73723602294922,95.17533111572266,67.71532440185547,29.682592391967773,130.9022674560547,88.61029052734375
2023-12-27,465.01434326171875,39.96070098876953,36.520076751708984,110.9024658203125,95.1703872680664,68.02776336669922,29.66374969482422,131.4536590576172,88.91509246826172
2023-12-28,465.19000244140625,39.351898193359375,36.62689208984375,110.93163299560547,95.28388977050781,68.05616760253906,29.875762939453125,131.79222106933594,88.45295715332031
2023-12-29,463.84326171875,39.26291275024414,36.51036071777344,110.79553985595703,94.99273681640625,68.19818878173828,29.838071823120117,131.9276580810547,87.90726470947266
2024-01-02,461.2474365234375,39.68439483642578,36.665733337402344,109.67778015136719,92.50538635253906,68.96510314941406,30.27153205871582,134.24928283691406,87.0911636352539
2024-01-03,457.4805908203125,40.330657958984375,36.355010986328125,108.04485321044922,91.56275177001953,68.42543029785156,30.38460922241211,134.0268096923828,85.3311538696289
2024-01-04,456.0069885253906,39.62351608276367,36.50065612792969,108.18093872070312,90.89157104492188,68.33073425292969,30.290380477905273,134.6942901611328,84.73137664794922
2024-01-05,456.631591796875,39.65629577636719,36.6560173034668,108.30729675292969,90.86690521240234,68.17926788330078,30.40345573425293,134.5781707763672,84.86412048339844
2024-01-08,463.1504211425781,39.197349548339844,36.889060974121094,109.01683807373047,93.14696502685547,68.68107604980469,30.624897003173828,135.76803588867188,86.30949401855469
2024-01-09,462.44781494140625,38.569820404052734,36.6560173034668,108.67664337158203,93.2950210571289,68.86096954345703,30.375186920166016,135.7487030029297,85.98992919921875
2024-01-10,465.0631408691406,38.19049835205078,36.71428680419922,109.23067474365234,94.0895767211914,68.71893310546875,30.370473861694336,136.3677978515625,86.67819213867188
2024-01-11,464.8581848144531,38.28883743286133,36.578338623046875,108.97796630859375,94.56829833984375,68.70946502685547,29.66374969482422,136.2710723876953,86.56513214111328
2024-01-12,465.18023681640625,38.71968460083008,36.51036071777344,108.9682388305664,94.87428283691406,68.92723846435547,29.833362579345703,135.93247985839844,85.52290344238281
2024-01-16,463.4724426269531,37.797115325927734,36.25790023803711,107.86991882324219,95.11116027832031,68.54850769042969,29.50826644897461,135.1199188232422,85.42455291748047
2024-01-17,460.8961486816406,37.48334884643555,36.18993377685547,107.14093017578125,94.64232635498047,68.50115966796875,29.079519271850586,134.84902954101562,84.67729187011719
2024-01-18,464.99481201171875,37.42247009277344,36.248199462890625,108.58917999267578,96.56212615966797,68.41594696044922,28.768556594848633,134.8297119140625,85.15908813476562
2024-01-19,470.7915344238281,37.544219970703125,36.8307991027832,109.29872131347656,98.78789520263672,68.21713256835938,28.730863571166992,134.9071044921875,85.98008728027344
2024-01-22,471.78692626953125,37.684722900390625,37.005592346191406,110.14431762695312,99.22219848632812,67.8857421875,28.584806442260742,135.49720764160156,85.6015396118164
2024-01-23,473.16290283203125,37.764339447021484,37.063846588134766,110.05685424804688,99.62194061279297,68.62425994873047,28.636634826660156,135.4004364013672,85.39505767822266
2024-01-24,473.6801452636719,38.30288314819336,37.20949935913086,109.37647247314453,100.30793762207031,67.78158569335938,28.245580673217773,134.1622314453125,85.07059478759766
2024-01-25,476.2564392089844,39.16457748413086,37.39400100708008,110.42620849609375,100.72743225097656,68.43489837646484,28.754419326782227,133.95909118652344,84.01850891113281
2024-01-26,475.6513671875,39.45492172241211,37.52994155883789,110.25125122070312,99.5676498413086,68.76627349853516,28.8392276763916,134.72328186035156,84.4019775390625
2024-01-29,479.4182434082031,39.39872360229492,37.62704086303711,110.97051239013672,100.48068237304688,69.16392517089844,29.022977828979492,135.6713104248047,85.63595581054688
2024-01-30,479.04742431640625,39.806156158447266,38.102848052978516,111.00938415527344,99.65155792236328,69.55211639404297,29.0135555267334,135.98086547851562,85.5867919921875
2024-01-31,471.2306213378906,39.06154251098633,37.636749267578125,109.72637939453125,97.55902862548828,69.04084014892578,28.952306747436523,135.7970733642578,84.02835083007812
2024-02-01,477.3981628417969,39.05686569213867,37.69501495361328,111.59256744384766,98.78789520263672,70.45158386230469,29.50355339050293,137.55763244628906,85.64580535888672
2024-02-02,482.4239501953125,39.11305618286133,37.850372314453125,112.34100341796875,99.80947875976562,70.2243423461914,28.971153259277344,137.35452270507812,87.17475128173828
2024-02-05,480.6673583984375,39.014713287353516,37.62704086303711,111.72864532470703,100.0364990234375,69.78882598876953,28.36807632446289,137.78013610839844,85.94568634033203
2024-02-06,482.0628662109375,39.14115905761719,37.7047233581543,112.72978973388672,99.57752990722656,69.94976806640625,28.471729278564453,139.27952575683594,86.46680450439453
2024-02-07,486.0834655761719,39.22076416015625,37.9863166809082,113.47821044921875,100.89521789550781,69.88349151611328,28.49057960510254,139.6567840576172,87.435302734375
2024-02-08,486.29815673828125,39.62351608276367,37.840667724609375,113.49763488769531,101.21106719970703,69.86456298828125,28.287981033325195,139.41494750976562,87.81878662109375
2024-02-09,489.1087341308594,39.014713287353516,37.947479248046875,113.672607421875,102.57319641113281,69.22073364257812,28.396345138549805,139.30856323242188,88.44313049316406
2024-02-12,488.8940124511719,39.445552825927734,38.12226104736328,113.83783721923828,101.79341888427734,69.71308135986328,28.726152420043945,139.49234008789062,88.36937713623047
2024-02-13,482.16046142578125,39.0474967956543,37.60762023925781,112.67146301269531,100.06609344482422,68.96510314941406,28.250288009643555,138.1960906982422,86.60936737060547
2024-02-14,486.5421447753906,39.01002883911133,37.96689987182617,114.55709838867188,101.11238098144531,68.83253479003906,28.40576934814453,139.39561462402344,87.52379608154297
2024-02-15,489.8991394042969,40.09650421142578,38.61748123168945,115.41244506835938,100.90015411376953,69.27754211425781,28.88163185119629,140.41134643554688,88.53655242919922
2024-02-16,487.4594421386719,40.07308578491211,38.48154067993164,114.72233581542969,99.97234344482422,69.38169860839844,28.848651885986328,140.86598205566406,88.01051330566406
2024-02-20,484.7757568359375,39.70780944824219,38.374725341796875,114.36270141601562,98.95569610595703,70.11073303222656,28.829803466796875,140.39199829101562,87.17965698242188
2024-02-21,485.2149658203125,40.452415466308594,38.49125289916992,114.81953430175781,98.33385467529297,70.36637115478516,29.21143913269043,140.70152282714844,87.82367706298828
2024-02-22,495.2566833496094,40.52266311645508,38.93791961669922,116.23860931396484,101.5516128540039,70.58413696289062,28.985286712646484,142.35572814941406,89.52962493896484
2024-02-23,495.5982666015625,40.2557258605957,39.13212203979492,116.85096740722656,101.31470489501953,70.8019027709961,29.192590713500977,143.03285217285156,89.1264877319336
2024-02-26,493.7831115722656,40.39622497558594,38.93791961669922,116.67601776123047,101.41342163085938,70.51786041259766,28.617786407470703,142.2976837158203,89.40180969238281
2024-02-27,494.7004699707031,40.22294616699219,39.04472351074219,116.85096740722656,101.50224304199219,70.5273208618164,29.159610748291016,141.94943237304688,89.69677734375
2024-02-28,494.046630859375,40.143341064453125,39.19038009643555,117.24947357177734,101.0235366821289,70.60305786132812,29.24913215637207,141.24327087402344,90.05073547363281
2024-02-29,495.8227233886719,40.340023040771484,39.17096710205078,117.6091079711914,102.14875793457031,70.48944854736328,29.258554458618164,140.09210205078125,90.66035461425781
2024-03-01,500.4776306152344,40.80833053588867,39.122413635253906,118.1145248413086,104.01426696777344,70.4989242553711,29.079519271850586,141.56246948242188,90.96024322509766
2024-03-04,499.9408874511719,40.372802734375,39.219520568847656,118.54219055175781,104.01426696777344,70.55573272705078,29.56951332092285,141.3496551513672,89.73119354248047
2024-03-05,494.94439697265625,40.67251968383789,39.22923278808594,117.57022094726562,101.45782470703125,70.72615051269531,29.484708786010742,140.29522705078125,88.61519622802734
2024-03-06,497.4524230957031,40.79896926879883,39.433135986328125,118.18256378173828,102.26228332519531,71.32263946533203,29.767398834228516,141.25294494628906,88.30055236816406
2024-03-07,502.3903503417969,41.145511627197266,39.374881744384766,119.1351089477539,103.87608337402344,71.72975158691406,29.9605712890625,141.91075134277344,88.9740982055664
2024-03-08,499.37493896484375,41.290687561035156,39.44284439086914,118.8726806640625,102.33137512207031,71.16168212890625,30.03595733642578,141.6495361328125,88.64468383789062
2024-03-11,498.9455261230469,41.716854095458984,39.51082229614258,118.26032257080078,102.05006408691406,71.54987335205078,30.186723709106445,141.57215881347656,88.40379333496094
2024-03-12,504.3128662109375,41.65128707885742,39.67589569091797,118.78519439697266,104.14258575439453,71.91912078857422,29.894609451293945,142.22994995117188,89.16582489013672
2024-03-13,503.5223388671875,42.316287994384766,39.967201232910156,119.10596466064453,103.01736450195312,72.09901428222656,30.09720802307129,141.67857360839844,88.97901153564453
2024-03-14,502.5270080566406,42.75181198120117,39.64676284790039,118.60050964355469,103.03710174560547,71.5404052734375,29.856916427612305,141.17555236816406,88.41363525390625
2024-03-15,499.0763244628906,42.87825393676758,39.60792922973633,118.6199722290039,101.48251342773438,71.51200103759766,29.899322509765625,140.61447143554688,87.53362274169922
2024-03-18,502.04241943359375,43.0264892578125,39.83502197265625,118.83055877685547,101.98130798339844,71.97171020507812,30.037084579467773,140.5979766845703,88.20221710205078
2024-03-19,504.832275390625,43.5174674987793,40.029964447021484,119.85429382324219,102.51023864746094,72.23876953125,30.303112030029297,141.52999877929688,88.96589660644531
2024-03-20,509.5016784667969,43.456092834472656,40.5075569152832,121.2972640991211,103.65708923339844,72.45813751220703,30.341115951538086,141.20960998535156,90.2912368774414
2024-03-21,511.1853942871094,43.71574783325195,40.83893966674805,122.4964828491211,103.73124694824219,72.49630737304688,30.293607711791992,141.39405822753906,90.81842803955078
2024-03-22,510.2163391113281,43.62132263183594,40.37109375,122.07723999023438,103.76585388183594,72.14338684082031,30.336366653442383,141.1999053955078,90.02518463134766
2024-03-25,508.8066711425781,44.02732849121094,40.21514129638672,121.28751373291016,103.07872009277344,71.943115234375,30.478878021240234,141.0057373046875,89.72956848144531
2024-03-26,507.8669128417969,43.687416076660156,40.35160446166992,120.84877014160156,102.65360260009766,71.98126983642578,30.132095336914062,141.52029418945312,89.8428955078125
2024-03-27,512.1348876953125,44.093421936035156,40.82918930053711,122.78897857666016,103.17759704589844,72.7347412109375,30.972923278808594,143.40371704101562,90.88249206542969
2024-03-28,512.0370483398438,44.570228576660156,41.05337142944336,122.8084716796875,102.95513153076172,72.83012390136719,31.18669319152832,143.42312622070312,90.60164642333984
2024-04-01,511.1462707519531,44.900691986083984,40.82918930053711,121.86273193359375,103.24185943603516,72.2483139038086,30.996675491333008,142.1998748779297,89.92665100097656
2024-04-02,507.8963623046875,45.5285758972168,40.61476516723633,121.2972640991211,102.24824523925781,71.87635040283203,31.048927307128906,139.98635864257812,88.6012954711914
2024-04-03,508.4542541503906,45.84016036987305,40.59527587890625,121.92125701904297,102.52011108398438,71.08470153808594,30.925416946411133,139.8310089111328,88.66535949707031
2024-04-04,502.24798583984375,45.811832427978516,40.137176513671875,120.84877014160156,100.89869689941406,70.77951049804688,30.863666534423828,137.8116455078125,87.62576293945312
2024-04-05,507.4949035644531,46.302818298339844,40.517295837402344,122.52572631835938,102.0554428100586,70.89395904541016,30.95392608642578,139.0446319580078,88.113525390625
2024-04-08,507.7788391113281,46.010108947753906,40.69274139404297,122.31123352050781,101.93681335449219,70.78904724121094,31.158193588256836,138.59803771972656,88.95111083984375
2024-04-09,508.3661804199219,46.02427291870117,40.45881271362305,122.02848815917969,102.45091247558594,71.13240051269531,31.329204559326172,139.09315490722656,89.36990356445312
2024-04-10,503.2758483886719,46.1659049987793,39.854515075683594,120.9852523803711,101.1953125,70.8748779296875,30.79240608215332,137.46214294433594,87.9903564453125
2024-04-11,507.0740966796875,46.13286209106445,39.57185745239258,121.12176513671875,103.2171401977539,70.70320129394531,30.73065185546875,136.8990478515625,88.69984436035156
2024-04-12,500.0748596191406,45.38222885131836,39.04553985595703,119.82503509521484,101.54627990722656,69.98787689208984,30.497875213623047,134.8602752685547,87.26116180419922
2024-04-15,493.8098449707031,44.95734786987305,38.85060119628906,118.96704864501953,99.61837005615234,69.70174407958984,30.217605590820312,134.58843994140625,85.80772399902344
2024-04-16,492.90924072265625,44.56550598144531,38.58743667602539,118.69405364990234,99.73701477050781,69.7303466796875,29.81856346130371,134.63697814941406,85.31995391845703
2024-04-17,489.9920654296875,44.438045501708984,38.684906005859375,118.07981872558594,98.29850769042969,69.98787689208984,30.440874099731445,134.40399169921875,84.90608978271484
2024-04-18,488.9837951660156,44.30113220214844,38.82136535644531,117.67033386230469,97.17636108398438,70.31216430664062,30.61189079284668,134.39427185058594,84.37890625
2024-04-19,484.7158203125,44.834598541259766,39.3574333190918,117.45582580566406,95.17430114746094,70.99888610839844,31.082181930541992,134.8990936279297,83.6398696899414
2024-04-22,489.17962646484375,45.12730026245117,39.83502197265625,118.34305572509766,96.02456665039062,71.67605590820312,31.36721420288086,135.41366577148438,84.00939178466797
2024-04-23,494.9844970703125,45.37751007080078,40.088443756103516,119.99077606201172,97.44823455810547,71.87635040283203,31.514474868774414,137.18060302734375,85.0095443725586
2024-04-24,494.74957275390625,45.41055679321289,40.07869338989258,119.03529357910156,97.89315795898438,72.41999816894531,31.704486846923828,136.75343322753906,85.822509765625
2024-04-25,492.8700866699219,45.6182746887207,39.84477233886719,119.39603424072266,97.68058776855469,72.2483139038086,31.78999900817871,135.8408203125,85.89640808105469
2024-04-26,497.53948974609375,45.198116302490234,39.78628921508789,119.59103393554688,98.78295135498047,72.09571075439453,31.443222045898438,135.87965393066406,86.66993713378906
2024-04-29,499.3014831542969,45.50497055053711,39.72780227661133,120.3905258178711,99.20807647705078,72.32462310791016,31.870756149291992,136.33596801757812,88.68505859375
2024-04-30,491.39190673828125,44.15007019042969,39.33793640136719,118.47956085205078,97.02311706542969,72.0098648071289,31.704486846923828,136.2388916015625,86.52704620361328
2024-05-01,489.7963562011719,43.446651458740234,39.33793640136719,118.18706512451172,96.02950286865234,71.55205535888672,32.070274353027344,136.48159790039062,85.98509216308594
2024-05-02,494.3775939941406,43.69685363769531,39.435401916503906,118.86954498291016,97.41363525390625,72.15294647216797,32.241294860839844,136.38449096679688,87.06900787353516
2024-05-03,500.50555419921875,43.70158767700195,39.52313232421875,119.69828033447266,100.1275405883789,72.37230682373047,32.49781799316406,136.72430419921875,87.65532684326172
2024-05-06,505.6742248535156,44.04621124267578,40.029964447021484,120.90726470947266,101.3040542602539,72.41045379638672,32.664085388183594,137.2776641845703,88.5914535522461
2024-05-07,506.2321472167969,44.003719329833984,40.16641616821289,121.23875427246094,100.97284698486328,73.20209503173828,33.03462219238281,138.41355895996094,87.95587158203125
2024-05-08,506.28106689453125,43.95178985595703,40.31261444091797,121.23875427246094,101.25956726074219,72.98272705078125,33.38140106201172,137.9378662109375,87.62576293945312
2024-05-09,509.1982421875,44.54190444946289,40.61476516723633,122.4477310180664,101.22991180419922,73.61222076416016,33.88969802856445,139.12228393554688,88.22193145751953
2024-05-10,509.85418701171875,44.29642105102539,40.77071762084961,122.53548431396484,101.60559844970703,74.03186798095703,33.856449127197266,139.40382385253906,87.74893951416016
2024-05-13,509.9226379394531,44.17839813232422,40.605018615722656,122.01875305175781,102.0851058959961,73.82203674316406,33.856449127197266,139.26791381835938,87.6356201171875
2024-05-14,512.2622680664062,44.235042572021484,40.8097038269043,121.98949432373047,102.98973846435547,73.67897033691406,33.94670104980469,139.86012268066406,88.03469848632812
2024-05-15,518.6055908203125,44.33418273925781,41.111846923828125,122.78897857666016,105.30816650390625,73.72666931152344,34.45500183105469,141.937744140625,88.167724609375
2024-05-16,517.53857421875,44.21144104003906,41.111846923828125,122.05774688720703,104.94235229492188,74.77581787109375,34.336238861083984,141.772705078125,87.59620666503906
2024-05-17,518.282470703125,44.82988357543945,41.41400146484375,122.1942367553711,104.71002960205078,74.5945816040039,34.364742279052734,142.04454040527344,88.04456329345703
2024-05-20,518.879638671875,44.53718566894531,40.84868621826172,122.42823028564453,105.94091796875,74.07955932617188,34.307735443115234,141.7435760498047,87.38927459716797
2024-05-21,520.1521606445312,44.32001876831055,41.111846923828125,122.02848815917969,106.11393737792969,74.5182876586914,34.61651611328125,141.9862823486328,87.9509506225586
2024-05-22,518.6544799804688,43.47025680541992,40.8779182434082,122.17473602294922,106.35121154785156,74.22262573242188,34.207977294921875,142.2386932373047,87.03453063964844
2024-05-23,514.8661499023438,43.07369613647461,40.31261444091797,120.73177337646484,105.48612976074219,73.34515380859375,33.62842559814453,140.68536376953125,85.62541961669922
2024-05-24,518.272705078125,43.135074615478516,40.55628204345703,121.34600830078125,106.37593841552734,73.53590393066406,33.96570587158203,140.20962524414062,86.48763275146484
2024-05-28,518.6348876953125,43.57883071899414,40.107933044433594,119.8640365600586,106.82579040527344,72.96363830566406,33.93244934082031,138.5106658935547,86.2757797241211
2024-05-29,515.0031127929688,42.809322357177734,39.78628921508789,118.16756439208984,106.1485366821289,72.43907928466797,33.49541473388672,137.4330291748047,85.70918273925781
2024-05-30,511.58673095703125,42.93206787109375,40.00071334838867,118.976806640625,103.7262954711914,72.62982940673828,33.94670104980469,137.5009765625,86.21665954589844
2024-05-31,516.2463989257812,43.998992919921875,40.58552169799805,120.41976928710938,103.88943481445312,73.76480865478516,34.545265197753906,139.51060485839844,86.69950103759766
2024-06-03,516.6673583984375,42.84709548950195,40.33211135864258,118.94754791259766,104.15142822265625,73.73619842529297,34.150978088378906,140.49118041992188,86.66007995605469
2024-06-04,517.2448120117188,42.43637466430664,40.146915435791016,118.65505981445312,104.36894226074219,74.37522888183594,34.136722564697266,140.89894104003906,86.74877166748047
2024-06-05,523.392333984375,42.43164825439453,40.26388168334961,119.85429382324219,106.68736267089844,74.21308135986328,33.941951751708984,141.5397186279297,87.2562484741211
2024-06-06,523.3826904296875,42.653533935546875,40.244388580322266,119.14254760742188,106.33145141601562,74.44200134277344,33.59041976928711,142.00570678710938,87.89180755615234
2024-06-07,522.746337890625,42.483577728271484,40.42957305908203,119.26929473876953,106.57862091064453,74.07003021240234,33.22463607788086,142.1610107421875,87.53215789794922
2024-06-10,524.3614501953125,42.80460739135742,40.27362823486328,119.63978576660156,106.85049438476562,74.01280212402344,33.65217590332031,142.68528747558594,87.81298065185547
2024-06-11,525.6243286132812,42.71962356567383,39.815528869628906,118.9572982788086,108.83772277832031,73.97464752197266,33.44790267944336,142.0930938720703,87.5814208984375
2024-06-12,529.9412841796875,42.26170349121094,39.776546478271484,120.0882797241211,111.24512481689453,73.16393280029297,33.22938537597656,141.7921142578125,88.4928970336914
2024-06-13,531.00830078125,41.87458419799805,39.74729537963867,119.31805419921875,112.12503814697266,73.25930786132812,33.305389404296875,141.6755828857422,88.56188201904297
2024-06-14,531.3314208984375,41.56300735473633,39.62059783935547,118.11882781982422,112.54523468017578,73.39282989501953,33.22463607788086,141.6270751953125,87.86226654052734
2024-06-17,535.5601806640625,41.67158126831055,39.97147750854492,119.42530059814453,114.25068664550781,74.08909606933594,32.858848571777344,141.48143005371094,89.40440368652344
2024-06-18,536.9208374023438,41.846256256103516,40.224891662597656,120.06879425048828,114.39405822753906,74.18447875976562,32.87310028076172,141.66587829589844,89.10385131835938
2024-06-20,535.4623413085938,42.61576461791992,40.4393196105957,120.14678192138672,113.10877227783203,74.02233123779297,33.15813446044922,142.1319122314453,89.2171630859375
2024-06-21,534.744384765625,42.37028503417969,40.28337860107422,119.8932876586914,112.91104125976562,74.07955932617188,32.96335983276367,142.52996826171875,89.97099304199219
2024-06-24,533.0062255859375,43.43864059448242,40.69729232788086,120.40299224853516,110.14286041259766,74.86947631835938,33.39674377441406,143.361328125,89.58685302734375
2024-06-25,535.0587158203125,43.53857421875,40.393943786621094,119.37574005126953,112.16328430175781,74.38899993896484,33.08068084716797,142.9130096435547,89.2264175415039
2024-06-26,535.7265625,43.11028289794922,40.13953399658203,119.05290222167969,112.03453826904297,74.23523712158203,32.94181442260742,142.4062042236328,90.5200424194336
2024-06-27,536.571044921875,43.21022033691406,40.09061050415039,119.18009185791016,112.0890121459961,73.91812133789062,32.9992790222168,142.17225646972656,91.07305145263672
2024-06-28,534.4596557617188,43.37677001953125,40.22760009765625,119.22899627685547,112.02958679199219,73.59138488769531,32.63054275512695,142.05531311035156,90.06085205078125
2024-07-01,535.5595703125,43.40056228637695,40.315670013427734,117.94738006591797,112.87637329101562,73.07245635986328,32.40547180175781,141.256103515625,90.36698150634766
2024-07-02,539.1636962890625,43.36725616455078,40.78536605834961,118.59307098388672,113.44091796875,73.58177185058594,32.57307815551758,140.73953247070312,92.124755859375
2024-07-03,541.5698852539062,43.55760955810547,40.65815353393555,119.02355194091797,114.9710693359375,73.45685577392578,32.7694206237793,139.6674041748047,92.71231079101562
2024-07-05,544.6927490234375,42.877098083496094,40.64836883544922,118.59307098388672,115.32267761230469,74.36016082763672,32.826881408691406,140.749267578125,93.4677505493164
2024-07-08,545.3212890625,42.615360260009766,40.54072952270508,118.73983001708984,116.11005401611328,74.2448501586914,32.86040496826172,140.59335327148438,93.51219940185547
2024-07-09,545.8515625,42.23941421508789,40.85386276245117,118.2213134765625,116.0159683227539,74.05265808105469,32.956180572509766,141.27560424804688,93.82327270507812
2024-07-10,551.2529907226562,42.52494812011719,41.01042175292969,119.27790069580078,117.69963836669922,74.37937927246094,33.26744842529297,142.61087036132812,94.52933502197266
2024-07-11,546.4996948242188,42.96751403808594,41.333343505859375,120.79432678222656,114.7531967163086,74.1007080078125,33.87561798095703,143.61476135253906,93.32951354980469
2024-07-12,549.9468383789062,43.07696533203125,41.4703369140625,121.48893737792969,115.77825927734375,74.42742919921875,34.1246337890625,144.5114288330078,94.54907989501953
2024-07-15,551.459228515625,43.72892761230469,42.07703399658203,122.3596420288086,115.98624420166016,73.99500274658203,33.296180725097656,144.00462341308594,94.44046783447266
2024-07-16,554.7294311523438,43.924041748046875,42.556514739990234,125.41204833984375,115.59998321533203,74.70610046386719,33.55477523803711,146.06114196777344,96.13404083251953
2024-07-17,546.9514770507812,44.361854553222656,42.87942886352539,123.80757904052734,111.10355377197266,75.66707611083984,33.57392501831055,146.72386169433594,94.52933502197266
2024-07-18,542.748291015625,44.442752838134766,42.36080551147461,122.83902740478516,111.11345672607422,75.29230499267578,33.54520034790039,143.39059448242188,93.56651306152344
2024-07-19,539.14404296875,43.95735168457031,41.93025207519531,122.16397857666016,109.37529754638672,75.04244995117188,33.583499908447266,144.12156677246094,92.73207092285156
2024-07-22,544.7026977539062,43.681339263916016,42.16510009765625,123.4064712524414,111.96521759033203,75.09050750732422,33.86604309082031,144.9500274658203,93.75414276123047
2024-07-23,543.8482055664062,42.98655319213867,42.24338150024414,123.17166137695312,111.51951599121094,74.8214340209961,33.65533447265625,144.86228942871094,93.33444213867188
2024-07-24,531.5232543945312,42.99130630493164,41.66604232788086,120.52040100097656,106.90424346923828,74.7541732788086,34.03364562988281,146.07086181640625,89.5177230834961
2024-07-25,528.7538452148438,43.73368835449219,41.82261276245117,121.48893737792969,105.76032257080078,74.66768646240234,33.75111389160156,145.33987426757812,89.16715240478516
2024-07-26,534.67578125,43.8716926574707,42.47822952270508,123.56299591064453,107.1023178100586,75.42684173583984,34.08153533935547,146.15859985351562,90.16455078125
2024-07-29,534.9899291992188,43.49574661254883,42.419517517089844,123.34777069091797,106.6269302368164,75.45567321777344,34.23477554321289,146.24630737304688,91.67050170898438
2024-07-30,532.2794799804688,44.1714973449707,42.908782958984375,123.7097396850586,103.94789123535156,74.94635772705078,34.41196060180664,146.37303161621094,91.16192626953125
2024-07-31,540.9314575195312,44.35709762573242,42.801151275634766,125.08918762207031,108.35023498535156,74.81182098388672,34.8573112487793,145.83697509765625,92.57406616210938
2024-08-01,533.2714233398438,43.18166732788086,42.194454193115234,122.77053833007812,104.30937194824219,75.50371551513672,35.48463439941406,147.3281707763672,90.30279541015625
2024-08-02,523.3427124023438,42.06809997558594,41.15720748901367,120.07035827636719,101.37779235839844,76.16679382324219,35.54210662841797,147.03578186035156,86.9798355102539
2024-08-05,508.10101318359375,41.14011764526367,39.9633903503418,117.98651885986328,98.00050354003906,74.66768646240234,34.6035041809082,143.10794067382812,84.52093505859375
2024-08-06,512.7855834960938,41.39234161376953,40.60922622680664,119.40509796142578,99.33259582519531,75.18660736083984,34.89562225341797,143.77069091796875,85.45413208007812
2024-08-07,509.3580627441406,41.558902740478516,40.65815353393555,118.82787322998047,97.72318267822266,75.26348114013672,35.091957092285156,142.3087158203125,83.96298217773438
2024-08-08,521.133056640625,42.453556060791016,41.313777923583984,121.56719970703125,101.37284088134766,75.94577026367188,35.130271911621094,145.4568328857422,85.79481506347656
2024-08-09,523.4310302734375,42.54874038696289,41.48991012573242,121.5867691040039,101.82841491699219,76.06109619140625,35.24999237060547,146.17807006835938,86.0811996459961
2024-08-12,523.7061157226562,42.75812530517578,41.274627685546875,120.97042083740234,102.66036224365234,75.67669677734375,35.3122444152832,145.62252807617188,85.7405014038086
2024-08-13,532.3187255859375,42.34410858154297,41.61711502075195,122.24224090576172,105.81478881835938,76.02264404296875,35.518165588378906,147.3866424560547,87.8883285522461
2024-08-14,533.998046875,42.5915641784668,42.12596130371094,122.74119567871094,106.39418029785156,76.36859893798828,35.49421691894531,147.9129638671875,87.41926574707031
2024-08-15,543.15087890625,43.10076141357422,42.517372131347656,124.39456939697266,109.45453643798828,77.15660095214844,35.48942565917969,148.83889770507812,90.20896911621094
2024-08-16,544.36865234375,43.05317687988281,42.830501556396484,124.2184829711914,109.63776397705078,77.3680191040039,35.647457122802734,148.99481201171875,90.42129516601562
2024-08-19,549.5736083984375,43.34346389770508,43.06534957885742,124.97178649902344,111.44524383544922,77.62747955322266,35.882102966308594,149.9012451171875,91.53224182128906
2024-08-20,548.679931640625,42.20134735107422,42.928348541259766,124.62937927246094,111.05401611328125,78.0118637084961,35.805484771728516,150.50552368164062,91.44830322265625
2024-08-21,550.5654907226562,42.272727966308594,42.859859466552734,125.3826904296875,111.70771026611328,78.54041290283203,36.05929183959961,150.75892639160156,92.60369110107422
2024-08-22,546.2443237304688,42.38217544555664,43.104488372802734,125.22615814208984,109.1375961303711,78.42507934570312,36.01618576049805,150.8563995361328,91.00392150878906
2024-08-23,552.0484008789062,43.01510238647461,43.476341247558594,126.47840118408203,110.90548706054688,78.64610290527344,36.116756439208984,151.50941467285156,92.7616958618164
2024-08-26,550.732421875,43.40056228637695,43.61332702636719,126.34144592285156,109.51395416259766,79.2034683227539,36.351402282714844,151.4314422607422,92.04081726074219
2024-08-27,551.4885864257812,42.996063232421875,43.8383903503418,126.41971588134766,110.17752838134766,79.39568328857422,36.0640754699707,151.6653594970703,91.79886627197266
2024-08-28,548.287109375,42.72005081176758,43.9460334777832,126.36101531982422,108.65726470947266,79.059326171875,36.0640754699707,151.84078979492188,90.91011047363281
2024-08-29,548.3362426757812,43.27683639526367,44.33745193481445,127.25131225585938,107.6767578125,78.66532897949219,36.26041793823242,152.16244506835938,91.01873016357422
2024-08-30,553.5706787109375,43.43864059448242,44.75822067260742,128.61119079589844,109.1078872680664,79.28996276855469,36.53337860107422,153.2150421142578,92.3913803100586
2024-09-03,542.1787109375,42.35838317871094,44.425514221191406,125.76424407958984,104.0964584350586,79.84733581542969,36.4807014465332,152.92263793945312,91.12242126464844
2024-09-04,541.0689697265625,41.773048400878906,44.47444152832031,125.89141082763672,103.82903289794922,80.22211456298828,36.791969299316406,152.65951538085938,91.35942840576172
2024-09-05,539.7529296875,41.44944763183594,43.985172271728516,124.4239273071289,103.67057800292969,79.91460418701172,36.700984954833984,150.5640106201172,92.39631652832031
2024-09-06,530.6689453125,40.93073654174805,43.33934020996094,123.16187286376953,100.98162841796875,79.75122833251953,36.351402282714844,150.0474395751953,90.06085205078125
2024-09-09,536.6103515625,41.22578430175781,43.985172271728516,125.05005645751953,102.63558959960938,80.36625671386719,36.72013854980469,151.1000518798828,91.37423706054688
2024-09-10,538.9476928710938,40.5167121887207,43.5350456237793,125.2652816772461,104.17073059082031,80.3470230102539,36.89253234863281,151.7920684814453,92.4209976196289
2024-09-11,544.4767456054688,40.14076614379883,43.329559326171875,125.49031066894531,107.72627258300781,79.59747314453125,37.0074577331543,151.34373474121094,93.34432220458984
2024-09-12,549.06298828125,40.502437591552734,43.42741394042969,126.45885467529297,108.61764526367188,80.08757019042969,37.0888671875,151.8895263671875,94.3960189819336
2024-09-13,551.9306030273438,40.73086166381836,43.55461502075195,127.74047088623047,109.16236114501953,80.654541015625,37.6108512878418,152.20143127441406,95.03789520263672
2024-09-16,552.7456665039062,41.197227478027344,44.12217330932617,128.3959503173828,108.74639129638672,80.97167205810547,37.89816665649414,153.2540740966797,94.87495422363281
2024-09-17,552.9714965820312,41.75400924682617,44.357025146484375,129.10035705566406,108.53346252441406,80.20288848876953,37.86943435668945,151.6750946044922,95.35884857177734
2024-09-18,551.33154296875,41.83491516113281,44.22002029418945,128.99273681640625,107.54305267333984,79.89537048339844,37.582115173339844,151.4217071533203,95.17121124267578
2024-09-19,560.73974609375,42.334590911865234,44.70928955078125,131.21353149414062,110.73709869384766,79.42450714111328,37.36183166503906,151.96749877929688,97.33880615234375
2024-09-20,559.7703247070312,42.23941421508789,44.67993927001953,130.2938690185547,110.19733428955078,79.80889129638672,38.34830856323242,151.34373474121094,97.11660766601562
2024-09-23,561.169189453125,42.76097106933594,44.62591552734375,131.16842651367188,110.17699432373047,80.27164459228516,38.728702545166016,151.0473175048828,98.29664611816406
2024-09-24,562.77490234375,42.65541458129883,44.25273132324219,132.1106719970703,110.93106079101562,80.07842254638672,38.45389938354492,150.74403381347656,99.15754699707031
2024-09-25,561.53369140625,41.82053756713867,43.98756408691406,131.49232482910156,111.24855041503906,79.87554168701172,38.6563835144043,149.276611328125,98.80131530761719
2024-09-26,563.7599487304688,41.000057220458984,44.21344757080078,132.14991760253906,112.72195434570312,80.0591049194336,38.3912239074707,149.77554321289062,99.22187042236328
2024-09-27,562.9423217773438,41.83493423461914,44.34111404418945,132.33642578125,111.67023468017578,80.20401000976562,38.772098541259766,149.69728088378906,99.37030029296875
2024-09-30,565.1981201171875,42.127620697021484,44.5080680847168,132.9351348876953,111.99765014648438,80.1846923828125,38.94565963745117,150.67555236816406,99.13776397705078
2024-10-01,560.1348266601562,43.087242126464844,44.272369384765625,133.0038299560547,109.2691421508789,79.9141845703125,39.259037017822266,149.8831787109375,98.73699188232422
2024-10-02,560.3712768554688,43.52866744995117,44.321475982666016,132.75845336914062,110.0777816772461,79.2379379272461,39.278324127197266,149.5798797607422,97.90083312988281
2024-10-03,559.3468627929688,44.2963752746582,44.08577346801758,132.0812225341797,110.5341796875,78.44574737548828,39.26386642456055,148.2298583984375,96.7677993774414
2024-10-04,564.4298095703125,44.70901107788086,44.832157135009766,133.0038299560547,111.76448822021484,78.70658874511719,39.2011833190918,148.3472442626953,98.04926300048828
2024-10-07,559.3271484375,44.86735534667969,44.282188415527344,132.67991638183594,110.99555206298828,77.92406463623047,38.299617767333984,147.6917724609375,96.52536010742188
2024-10-08,564.616943359375,43.69660949707031,44.537532806396484,132.97439575195312,113.0692138671875,78.31049346923828,38.318904876708984,148.4939727783203,97.4654312133789
2024-10-09,568.5277709960938,43.960506439208984,44.950008392333984,134.16201782226562,114.33424377441406,78.78388214111328,37.99106216430664,150.01031494140625,98.16304016113281
2024-10-10,567.5327758789062,44.25798797607422,44.81251525878906,133.47496032714844,114.30448150634766,78.43608093261719,37.87535095214844,149.4527130126953,97.67818450927734
2024-10-11,570.931396484375,44.5314826965332,45.67675018310547,135.8600311279297,114.50291442871094,78.8708267211914,38.208011627197266,150.54840087890625,97.26256561279297
2024-10-14,575.6006469726562,44.51228713989258,45.961551666259766,136.6746826171875,115.99615478515625,79.18962860107422,38.69013977050781,151.3799285888672,97.68807983398438
2024-10-15,571.12841796875,43.07764434814453,46.05976104736328,135.62445068359375,113.44624328613281,79.69198608398438,38.86370086669922,149.5309600830078,97.90083312988281
2024-10-16,573.6107788085938,43.28396987915039,46.62936782836914,136.6746826171875,113.79846954345703,79.63402557373047,39.63508987426758,149.95162963867188,98.41539764404297
2024-10-17,573.6599731445312,43.49028778076172,46.757041931152344,136.28207397460938,114.1457290649414,79.27657318115234,39.283145904541016,149.08094787597656,98.32632446289062
2024-10-18,575.8665771484375,43.34634017944336,46.76686096191406,136.6942901611328,114.55252838134766,79.45046997070312,39.50973892211914,149.8048858642578,98.71224975585938
2024-10-21,574.9208984375,43.216793060302734,46.3936767578125,136.21337890625,115.08830261230469,78.78388214111328,39.35546112060547,148.04397583007812,97.94535827636719
2024-10-22,574.6155395507812,43.31755447387695,46.30528259277344,134.56443786621094,114.96924591064453,79.228271484375,39.21564483642578,147.82875061035156,97.5495376586914
2024-10-23,569.364990234375,43.092041015625,46.26600646972656,134.17181396484375,113.32220458984375,79.07369995117188,39.59170150756836,147.1341552734375,96.01573944091797
2024-10-24,570.596435546875,43.087242126464844,46.30528259277344,133.24920654296875,113.65460205078125,78.96743774414062,39.33617401123047,146.16566467285156,99.04375457763672
2024-10-25,570.3992919921875,43.07284927368164,45.79459762573242,132.8958740234375,114.24494934082031,78.31049346923828,38.752811431884766,145.36346435546875,99.35546875
2024-10-28,572.1627197265625,42.799354553222656,46.36420822143555,133.28848266601562,114.2102279663086,78.45540618896484,39.05654525756836,145.57867431640625,99.58799743652344
2024-10-29,573.0887451171875,42.14680862426758,46.07939910888672,133.11180114746094,115.74810791015625,77.68254852294922,38.222476959228516,145.17758178710938,99.06849670410156
2024-10-30,571.35498046875,42.242774963378906,46.285640716552734,132.8860626220703,113.90760803222656,77.55695343017578,38.13087463378906,144.90365600585938,98.9299545288086
2024-10-31,560.1546020507812,42.50666809082031,45.64728546142578,131.3549041748047,110.25141143798828,77.40238189697266,38.526214599609375,143.68080139160156,97.41596221923828
2024-11-01,562.5187377929688,42.237972259521484,45.804420471191406,131.5315704345703,111.07988739013672,77.43136596679688,37.66804122924805,144.5319366455078,98.99922180175781
2024-11-04,561.30712890625,42.97688674926758,45.45086669921875,131.3843536376953,110.99555206298828,77.6438980102539,37.21966552734375,143.58299255371094,98.65782928466797
2024-11-05,568.0942993164062,43.264774322509766,45.8731689453125,133.58291625976562,112.55823516845703,78.1365966796875,37.778926849365234,144.63954162597656,100.40438079833984
2024-11-06,582.2203369140625,44.891334533691406,48.66228485107422,138.81434631347656,115.76299285888672,76.86137390136719,37.38841247558594,144.8253936767578,103.61546325683594
2024-11-07,586.72216796875,44.68502426147461,47.87662124633789,137.98007202148438,117.78207397460938,77.14153289794922,37.45590591430664,145.87216186523438,104.9464111328125
2024-11-08,589.2636108398438,44.98250198364258,48.308738708496094,139.46214294433594,117.6530990600586,78.0786361694336,38.17426681518555,146.91896057128906,106.4356689453125
2024-11-11,589.8251342773438,45.23680877685547,48.99619674682617,140.5417938232422,117.00322723388672,77.80814361572266,38.28033447265625,146.05804443359375,108.58300018310547
2024-11-12,587.9927978515625,44.99690246582031,48.84888458251953,139.3345489501953,117.15204620361328,77.89508056640625,37.84160614013672,144.02320861816406,107.13330078125
2024-11-13,588.2785034179688,45.347164154052734,48.87834930419922,139.62899780273438,116.74525451660156,78.12694549560547,37.774105072021484,143.64169311523438,108.04863739013672
2024-11-14,584.4959106445312,45.5198974609375,48.75067138671875,137.27340698242188,116.34837341308594,77.9337158203125,37.64393615722656,141.38185119628906,106.51483917236328
2024-11-15,577.00927734375,45.45272445678711,48.976558685302734,136.53726196289062,113.46112823486328,77.247802734375,38.208011627197266,138.76004028320312,105.60445404052734
2024-11-18,579.37353515625,46.05728530883789,49.12386703491211,136.35076904296875,113.82823944091797,77.78880310058594,38.54067611694336,138.8578643798828,106.57916259765625
2024-11-19,581.4913330078125,45.76460266113281,48.799774169921875,136.23297119140625,114.7608871459961,77.89508056640625,38.786556243896484,138.1437225341797,106.65831756591797
2024-11-20,581.6882934570312,46.2252197265625,48.652469635009766,136.38021850585938,114.66166687011719,77.49897766113281,38.805843353271484,139.77748107910156,106.18827819824219
2024-11-21,584.8109741210938,46.59947967529297,49.27117919921875,138.08804321289062,115.82747650146484,78.33946990966797,39.48081588745117,140.90248107910156,106.37630462646484
2024-11-22,586.62353515625,46.671451568603516,49.821144104003906,140.0117950439453,115.88700866699219,79.06403350830078,39.2686767578125,141.02967834472656,107.91009521484375
2024-11-25,588.613525390625,45.750205993652344,50.145233154296875,140.88531494140625,115.88204956054688,79.49877166748047,39.34099578857422,142.2329559326172,109.0134506225586
2024-11-26,591.6868896484375,45.68783187866211,50.24344253540039,141.0522003173828,116.46247863769531,79.8272476196289,39.967750549316406,142.9960174560547,109.40926361083984
2024-11-27,589.89404296875,45.63985061645508,50.34164810180664,140.53196716308594,114.8849105834961,79.9914779663086,39.967750549316406,143.75906372070312,108.86995697021484
2024-11-29,593.55859375,45.836578369140625,50.42021942138672,141.32701110839844,115.95149993896484,80.39723205566406,39.982215881347656,144.20909118652344,109.98814392089844
2024-12-02,594.6224365234375,45.35196304321289,49.91936111450195,140.28662109375,117.0528335571289,80.30062103271484,39.12404251098633,143.95472717285156,110.94800567626953
2024-12-03,594.8983154296875,45.347164154052734,49.546165466308594,139.4032440185547,117.4745101928711,79.88521575927734,38.786556243896484,143.6319122314453,110.8638916015625
2024-12-04,598.59228515625,44.25319290161133,49.35956573486328,140.0117950439453,119.62258911132812,79.66299438476562,38.78173828125,143.5536346435547,111.89301300048828
2024-12-05,597.6072387695312,44.42592239379883,49.50687789916992,138.3137664794922,119.01734924316406,79.98182678222656,38.90227127075195,141.94924926757812,112.80835723876953
2024-12-06,598.7401123046875,43.672611236572266,49.4970588684082,137.96043395996094,119.47871398925781,79.5857162475586,38.42014694213867,141.14706420898438,115.18326568603516
2024-12-09,595.6567993164062,43.600643157958984,48.819419860839844,136.7630157470703,118.69985961914062,79.46013641357422,37.93803024291992,141.55792236328125,114.81713104248047
2024-12-10,593.8048706054688,43.30316162109375,48.809600830078125,136.42929077148438,117.0528335571289,79.83690643310547,37.6632194519043,140.97096252441406,115.0051498413086
2024-12-11,598.395263671875,43.3751335144043,48.907806396484375,136.11520385742188,118.74945831298828,79.228271484375,37.42698287963867,139.05352783203125,117.0238265991211
2024-12-12,595.3120727539062,43.02486801147461,48.69175338745117,135.24166870117188,118.08470153808594,79.46013641357422,37.407691955566406,137.9480438232422,116.05406188964844
2024-12-13,595.1937255859375,42.80895233154297,48.652469635009766,134.88833618164062,118.59070587158203,79.25725555419922,37.43180465698242,137.92849731445312,116.51420593261719
2024-12-16,597.7352905273438,41.8685188293457,48.56407928466797,135.00611877441406,119.77637481689453,78.84184265136719,37.13288497924805,136.28497314453125,118.092529296875
2024-12-17,595.2726440429688,41.556636810302734,48.2203483581543,133.76942443847656,119.05207824707031,78.70658874511719,36.97861099243164,136.18716430664062,118.46360778808594
2024-12-18,577.5313720703125,40.32831954956055,46.77668380737305,129.99063110351562,115.21232604980469,77.50865936279297,36.10597229003906,134.33819580078125,113.12501525878906
2024-12-19,577.35400390625,39.97805404663086,46.94363784790039,129.82376098632812,115.33634948730469,76.9579849243164,36.269893646240234,133.32078552246094,112.97162628173828
2024-12-20,584.2886352539062,40.371498107910156,47.64091491699219,131.34510803222656,117.05779266357422,77.2284927368164,36.84844207763672,135.00341796875,113.25859832763672
2024-12-23,587.7874755859375,40.608585357666016,47.75532531738281,131.31549072265625,118.29806518554688,76.82160186767578,36.973854064941406,136.35171508789062,113.60211944580078
2024-12-24,594.32080078125,40.95210647583008,48.317501068115234,132.34141540527344,119.52043914794922,77.32777404785156,37.17802429199219,136.911865234375,116.22940063476562
2024-12-26,594.3603515625,40.91823959350586,48.43585205078125,132.4400634765625,119.59994506835938,77.57112884521484,37.09052276611328,137.18701171875,115.79813385009766
2024-12-27,588.1038818359375,40.91339874267578,48.08079528808594,131.45359802246094,118.00984954833984,77.1915054321289,36.983577728271484,136.54824829101562,113.88468170166016
2024-12-30,581.3925170898438,40.908565521240234,47.617244720458984,130.13174438476562,116.50920867919922,76.28621673583984,36.82802200317383,134.8677978515625,112.05550384521484
2024-12-31,579.2774658203125,41.44562530517578,47.66656494140625,129.9739227294922,115.54024505615234,76.51983642578125,36.79399108886719,135.19212341308594,111.21279907226562
2025-01-02,577.8541259765625,41.929466247558594,47.5482063293457,129.5201873779297,115.2669448852539,76.28621673583984,37.0759391784668,135.23141479492188,109.75044250488281
2025-01-03,585.0792846679688,42.32136917114258,47.92299270629883,130.92092895507812,117.14523315429688,76.24728393554688,37.46969223022461,136.55810546875,111.97122955322266
2025-01-06,588.4497680664062,42.127838134765625,47.77505111694336,130.63485717773438,118.63594818115234,75.4490966796875,37.051631927490234,136.61705017089844,112.41241455078125
2025-01-07,581.7978515625,42.54877471923828,47.66656494140625,130.5066375732422,116.25579071044922,75.18626403808594,36.95927047729492,137.2951202392578,110.23625183105469
2025-01-08,582.6478271484375,42.59231948852539,47.824371337890625,131.0195770263672,116.21602630615234,75.32254791259766,36.94955062866211,138.00267028808594,110.54853820800781
2025-01-10,573.7523193359375,42.76649856567383,46.67042541503906,129.54977416992188,113.68181610107422,74.31019592285156,36.74052429199219,137.226318359375,109.46293640136719
2025-01-13,574.6419067382812,43.666439056396484,47.00575256347656,131.0688934326172,112.8768310546875,74.4367446899414,36.312740325927734,139.01486206054688,110.08258056640625
2025-01-14,575.4325561523438,44.135765075683594,47.5876579284668,132.6175994873047,113.17496490478516,74.45621490478516,36.789127349853516,137.58009338378906,109.86941528320312
2025-01-15,585.8997192382812,44.788944244384766,48.80077362060547,133.45608520507812,115.42594146728516,74.203125,37.32872009277344,138.14024353027344,112.66522979736328
2025-01-16,584.7728881835938,45.113121032714844,49.126243591308594,135.0738525390625,114.53649139404297,74.75797271728516,38.271785736083984,138.6905975341797,112.05550384521484
2025-01-17,590.64404296875,45.461483001708984,49.54047775268555,135.8827362060547,116.330322265625,75.18626403808594,38.325252532958984,137.75698852539062,113.62691497802734
2025-01-21,596.0504760742188,45.229244232177734,49.954715728759766,138.6743621826172,117.29927825927734,75.53668975830078,38.9134521484375,140.0369110107422,114.4596939086914
2025-01-22,599.4011840820312,44.406715393066406,49.71800994873047,138.34884643554688,119.9477767944336,75.16680908203125,38.072471618652344,139.722412109375,114.02842712402344
2025-01-23,602.6727294921875,44.60993194580078,50.004032135009766,139.7495880126953,120.16145324707031,75.4393539428711,38.25233840942383,141.58958435058594,114.71747589111328
2025-01-24,600.913330078125,44.1793098449707,50.15196990966797,139.15774536132812,118.90924835205078,75.82872009277344,38.6412239074707,141.81558227539062,114.01851654052734
2025-01-27,592.4132080078125,43.71966552734375,50.70427703857422,137.29335021972656,113.08056640625,77.88261413574219,37.74677658081055,144.99960327148438,114.66790771484375
2025-01-28,597.50341796875,43.30356216430664,50.615516662597656,136.38583374023438,116.0967788696289,76.66584777832031,37.22663497924805,143.98739624023438,114.80670166015625
2025-01-29,594.8248901367188,43.400333404541016,50.57606506347656,135.92218017578125,115.15265655517578,76.85079956054688,37.304412841796875,143.1422576904297,114.47953033447266
2025-01-30,598.0173950195312,43.62289810180664,51.0593376159668,137.44131469726562,115.36631774902344,77.61006164550781,38.082191467285156,144.793212890625,115.59983825683594
2025-01-31,594.8347778320312,42.40362548828125,50.763458251953125,136.47462463378906,114.6905288696289,76.88001251220703,37.85858154296875,144.3313446044922,115.08924865722656
2025-02-03,590.831787109375,42.669734954833984,50.55633544921875,135.12318420410156,113.1451644897461,77.18175506591797,38.0627555847168,144.89149475097656,113.56741333007812
2025-02-04,594.7952880859375,43.56483840942383,50.43798828125,135.1626434326172,114.7750015258789,76.52958679199219,37.727333068847656,144.4984130859375,114.90583801269531
2025-02-05,597.2069091796875,43.65676498413086,50.97057342529297,135.2612762451172,116.37007141113281,77.00654602050781,38.10649871826172,145.88404846191406,113.60211944580078
2025-02-06,599.2825317382812,42.85359573364258,51.39466857910156,135.8728790283203,116.68809509277344,77.35697937011719,38.0627555847168,144.57704162597656,114.05322265625
2025-02-07,593.7969970703125,42.8487548828125,51.10865020751953,135.46844482421875,115.6893081665039,77.24016571044922,37.98497009277344,143.89895629882812,111.82252502441406
2025-02-10,597.82958984375,43.79224395751953,50.70427703857422,136.68177795410156,117.37879180908203,77.71713256835938,38.39816665649414,143.77122497558594,112.20421600341797
2025-02-11,598.2842407226562,44.145442962646484,50.83249282836914,136.73109436035156,117.4334487915039,78.46666717529297,38.59261703491211,143.50587463378906,110.93023681640625
2025-02-12,596.35693359375,43.080997467041016,50.654972076416016,135.8827362060547,117.1800308227539,78.40826416015625,38.52455520629883,143.2995147705078,110.91040802001953
2025-02-13,602.6529541015625,43.40517044067383,50.990299224853516,136.02084350585938,118.83968353271484,79.255126953125,38.612060546875,143.85964965820312,112.57601165771484
2025-02-14,602.6232299804688,43.57935333251953,51.088932037353516,135.68545532226562,119.24217987060547,78.46666717529297,38.45164489746094,142.29713439941406,112.52642822265625
2025-02-18,604.3925170898438,44.174476623535156,51.4538459777832,136.75082397460938,120.33039855957031,78.74895477294922,38.81136703491211,142.02197265625,112.2141342163086
2025-02-19,605.8157958984375,44.522830963134766,51.47357177734375,136.88893127441406,120.34033203125,79.38167572021484,39.01553726196289,143.86947631835938,112.14970397949219
2025-02-20,603.2954711914062,44.92926025390625,50.68455123901367,135.9912567138672,119.95771789550781,79.07017517089844,39.010677337646484,144.67529296875,111.18304443359375
2025-02-21,592.9766235351562,43.995452880859375,50.053340911865234,133.01217651367188,116.70795440673828,79.99492645263672,39.02039337158203,143.89895629882812,108.25835418701172
2025-02-24,590.2781982421875,44.005130767822266,50.27031707763672,132.41046142578125,115.03836822509766,80.23827362060547,38.82595443725586,145.06838989257812,107.85186767578125
2025-02-25,587.3427734375,43.371299743652344,50.26045608520508,133.09109497070312,113.54763793945312,81.37715911865234,38.63150405883789,146.31643676757812,107.28675079345703
2025-02-26,587.6392211914062,43.12453842163086,50.15196990966797,133.17001342773438,114.78494262695312,79.8197021484375,38.79192352294922,145.26495361328125,106.8455810546875
2025-02-27,578.2593994140625,43.35678482055664,50.42812728881836,132.7063751220703,110.60597229003906,79.80997467041016,37.93149948120117,144.67529296875,105.30391693115234
2025-02-28,587.2833862304688,44.029319763183594,51.46371078491211,134.48199462890625,112.0668716430664,80.87098693847656,38.50997543334961,146.35574340820312,107.05377960205078
2025-03-03,576.9942626953125,42.4907112121582,51.02975082397461,132.56829833984375,108.65811157226562,81.29928588867188,38.56344985961914,146.9945068359375,105.08084869384766
2025-03-04,570.1644897460938,42.07944869995117,49.23473358154297,129.9838104248047,108.57363891601562,79.91703796386719,37.93636703491211,145.6285400390625,103.22689056396484
2025-03-05,576.29248046875,41.4649772644043,49.520751953125,132.03561401367188,110.09913635253906,80.24800872802734,37.66899871826172,147.09278869628906,104.79828643798828
2025-03-06,566.0626220703125,41.59077835083008,48.7021484375,130.90121459960938,107.04317474365234,80.39401245117188,36.8863525390625,146.68988037109375,102.14128875732422
2025-03-07,569.2353515625,42.3020133972168,48.44572067260742,132.43019104003906,108.593505859375,80.6568374633789,37.57177734375,146.69969177246094,101.95291137695312
2025-03-10,554.073486328125,42.616512298583984,47.360816955566406,130.358642578125,103.9772720336914,80.48162078857422,37.98497009277344,145.11752319335938,98.31439208984375
2025-03-11,549.4674682617188,42.27782440185547,46.956443786621094,128.35617065429688,103.55490112304688,79.30379486083984,37.63011169433594,143.53533935546875,97.35270690917969
2025-03-12,552.3832397460938,42.47136306762695,47.025482177734375,128.34629821777344,105.18474578857422,77.58085632324219,37.51344299316406,142.1005859375,97.91781616210938
2025-03-13,545.0197143554688,42.18105697631836,46.76905059814453,127.03431701660156,103.18720245361328,77.22069549560547,37.605804443359375,141.34390258789062,95.47396850585938
2025-03-14,556.2775268554688,43.42936325073242,47.85395431518555,129.3524932861328,106.30775451660156,77.39591979980469,38.33983612060547,142.4248809814453,97.50637817382812
2025-03-17,560.5671997070312,44.12125015258789,48.4161262512207,131.13795471191406,107.04814147949219,78.52506256103516,38.5002555847168,144.23309326171875,97.66004943847656
2025-03-18,554.50830078125,44.193824768066406,48.35694885253906,130.09230041503906,105.41828918457031,77.62953186035156,38.23289108276367,144.30186462402344,95.92010498046875
2025-03-19,560.54736328125,44.91474533081055,48.88954162597656,131.81858825683594,106.78974914550781,77.62953186035156,38.37386703491211,144.3804931640625,97.75919342041016
2025-03-20,558.9264526367188,45.079254150390625,48.95857620239258,131.15769958496094,106.02947998046875,77.2499008178711,38.529422760009766,144.46893310546875,97.52621459960938
2025-03-21,559.1107788085938,44.76475143432617,48.781044006347656,130.45729064941406,106.31770324707031,77.22069549560547,38.28150177001953,144.06602478027344,97.87816619873047
2025-03-24,569.1236572265625,45.27479553222656,49.641231536865234,132.87655639648438,108.3311996459961,77.69823455810547,38.26926040649414,145.16598510742188,101.54756927490234
2025-03-25,570.4917602539062,45.4600944519043,49.918392181396484,133.07444763183594,108.68960571289062,76.99365997314453,37.65730667114258,143.31134033203125,102.35780334472656
2025-03-26,563.6810913085938,45.72827911376953,49.76991271972656,132.19381713867188,106.26541900634766,78.1875228881836,37.906986236572266,142.78848266601562,101.02066802978516
2025-03-27,562.18408203125,45.284549713134766,49.670928955078125,131.4912872314453,105.28480529785156,79.07801818847656,37.897193908691406,143.01539611816406,101.08529663085938
2025-03-28,550.8626708984375,45.070003509521484,48.71076583862305,128.78013610839844,102.73120880126953,78.68659210205078,38.17625045776367,142.5714569091797,97.94377136230469
2025-03-31,554.5604248046875,45.56736755371094,49.304683685302734,129.69044494628906,102.7809829711914,79.91958618164062,38.60216522216797,144.04135131835938,98.15254974365234
2025-04-01,556.1268310546875,45.83555603027344,49.24529266357422,130.4226531982422,103.53263092041016,80.0370101928711,38.70008087158203,141.4073486328125,99.17652893066406
2025-04-02,559.6461791992188,45.89894485473633,49.65113067626953,131.6496124267578,104.29920959472656,79.80216217041016,38.88121795654297,142.3544158935547,101.06044006347656
2025-04-03,532.0663452148438,42.29549026489258,47.2061882019043,124.525390625,97.18099975585938,80.2620849609375,38.636436462402344,141.20018005371094,94.95635223388672
2025-04-04,500.9176330566406,38.40434646606445,43.75159454345703,116.69864654541016,90.77958679199219,76.77838134765625,36.487247467041016,133.45602416992188,90.86044311523438
2025-04-07,500.0254211425781,38.155662536621094,43.6427116394043,116.1544418334961,91.3221664428711,75.88789367675781,35.92914581298828,132.65695190429688,89.78677368164062
2025-04-08,492.193603515625,37.2730827331543,43.47443389892578,115.19464111328125,89.4654541015625,74.7136001586914,35.78227233886719,131.18704223632812,87.65431213378906
2025-04-09,543.8834838867188,40.15974807739258,46.7508544921875,125.42581939697266,101.47681427001953,77.61016845703125,37.19221878051758,136.88909912109375,97.19815826416016
2025-04-10,520.051025390625,37.53639221191406,45.44424819946289,122.19023895263672,96.7529067993164,77.64930725097656,36.91316604614258,133.0712890625,93.40050506591797
2025-04-11,529.3302001953125,38.46773147583008,46.196533203125,124.34728240966797,98.73406982421875,78.62787628173828,37.36357116699219,135.02459716796875,94.30519104003906
2025-04-14,534.4654541015625,38.60426330566406,46.671669006347656,125.64350128173828,99.63504028320312,79.96852111816406,38.034271240234375,136.6720733642578,94.57856750488281
2025-04-15,532.9684448242188,38.54574966430664,46.79045104980469,125.02012634277344,99.9984130859375,79.29330444335938,38.02937698364258,135.8335418701172,93.89757537841797
2025-04-16,521.1216430664062,38.862693786621094,46.05795669555664,123.30834197998047,96.52394104003906,78.44194793701172,37.686683654785156,134.452392578125,91.58121490478516
2025-04-17,521.8651733398438,39.74040222167969,46.17674255371094,123.98118591308594,96.00126647949219,80.11530303955078,38.07343673706055,133.6632080078125,92.1578140258789
2025-04-21,509.4433898925781,38.701786041259766,45.186885833740234,121.20075225830078,93.5223388671875,79.35201263427734,37.172637939453125,130.78257751464844,89.6972885131836
2025-04-22,522.6979370117188,39.686763763427734,46.68156433105469,123.3182373046875,95.80215454101562,80.47736358642578,38.18603515625,133.23899841308594,92.53559875488281
2025-04-23,530.79736328125,39.61362075805664,47.23588562011719,124.86181640625,98.57975006103516,80.01744079589844,38.347591400146484,133.89996337890625,94.60343170166016
2025-04-24,541.9700927734375,40.24751663208008,47.7605094909668,127.66203308105469,102.25831604003906,79.31287384033203,38.406341552734375,135.53758239746094,96.48734283447266
2025-04-25,545.8860473632812,40.174373626708984,47.53284454345703,127.65213012695312,103.77156829833984,79.10736846923828,38.28884506225586,136.18869018554688,98.2221450805664
2025-04-28,546.0941772460938,40.457191467285156,47.68131637573242,128.07760620117188,103.6023178100586,78.84315490722656,38.52383804321289,136.73126220703125,98.2569351196289
2025-04-29,549.5342407226562,40.34016418457031,48.176246643066406,128.9087677001953,104.08516693115234,79.4988021850586,38.822471618652344,137.402099609375,98.95284271240234
2025-04-30,549.7523193359375,39.25278854370117,48.26533126831055,129.83888244628906,104.51823425292969,80.07616424560547,38.626644134521484,138.5760498046875,98.05313110351562
2025-05-01,553.6483764648438,39.399070739746094,48.255435943603516,130.81845092773438,106.05138397216797,79.38137817382812,38.73924255371094,134.7976837158203,98.5949478149414
2025-05-02,561.8668823242188,39.974456787109375,49.255184173583984,133.16351318359375,107.82347106933594,79.81193542480469,39.04277801513672,136.66221618652344,100.12593078613281
2025-05-05,558.6448974609375,39.25278854370117,48.93843460083008,133.23275756835938,107.25102996826172,79.74343872070312,38.944862365722656,136.2774658203125,99.06219482421875
2025-05-06,553.9755249023438,39.26253890991211,48.66127395629883,132.065185546875,106.36000061035156,79.60643768310547,39.419734954833984,132.5188446044922,98.19728088378906
2025-05-07,556.3052978515625,39.27716827392578,48.94833755493164,132.73802185058594,107.42524719238281,79.73365783691406,39.53234100341797,133.5349578857422,98.96278381347656
2025-05-08,560.1814575195312,39.794036865234375,49.35417175292969,134.5685577392578,108.45066833496094,79.63580322265625,39.2141227722168,132.33140563964844,100.13090515136719
2025-05-09,559.4677734375,40.193878173828125,49.35417175292969,134.6774139404297,108.31626892089844,79.17587280273438,39.282657623291016,130.8910675048828,100.61308288574219
2025-05-12,577.9567260742188,41.242244720458984,50.35392379760742,138.8233184814453,113.34381866455078,79.29330444335938,39.047672271728516,134.12686157226562,105.61365509033203
2025-05-13,581.7734985351562,41.82250213623047,50.561798095703125,139.79298400878906,115.79287719726562,78.22666931152344,38.99381637573242,130.0919952392578,107.01043701171875
2025-05-14,582.5170288085938,41.56894302368164,50.4232177734375,139.12013244628906,116.54452514648438,77.80587768554688,38.822471618652344,127.0338134765625,107.42301177978516
2025-05-15,585.3622436523438,41.74448776245117,50.759769439697266,140.66372680664062,116.70381164550781,79.40094757080078,39.64982986450195,128.70101928710938,107.18441009521484
2025-05-16,589.0699462890625,41.681095123291016,51.06662368774414,142.2666778564453,116.9228286743164,80.3110122680664,40.23241424560547,131.29556274414062,108.19844818115234
2025-05-19,589.7142944335938,41.13984680175781,51.096317291259766,142.7515106201172,116.75358581542969,80.54586029052734,40.40376663208008,132.55828857421875,107.94493865966797
2025-05-20,587.7315673828125,40.75950622558594,50.81916046142578,142.23699951171875,116.31553649902344,80.82965087890625,40.52125930786133,132.88385009765625,107.38323974609375
2025-05-21,577.8277587890625,40.00859069824219,49.77981185913086,139.8325653076172,114.13030242919922,79.89022827148438,39.78201675415039,129.80592346191406,105.20604705810547
2025-05-22,578.0558471679688,39.8525505065918,49.720420837402344,139.80287170410156,114.16016387939453,79.5575180053711,39.2141227722168,128.78982543945312,105.65838623046875
2025-05-23,574.1102294921875,39.97932815551758,49.5422477722168,139.3477325439453,112.90078735351562,79.85108184814453,39.684104919433594,128.58262634277344,104.70896911621094
2025-05-27,586.0462646484375,40.325531005859375,50.41332244873047,141.80162048339844,115.58380889892578,80.5752182006836,39.98273849487305,130.3780975341797,107.80078887939453
2025-05-28,582.6558227539062,39.813541412353516,50.07676696777344,141.09910583496094,115.10594940185547,80.02722930908203,39.42463684082031,129.707275390625,106.81160736083984
2025-05-29,584.9557495117188,40.11098861694336,50.334129333496094,141.22772216796875,115.30007934570312,80.35015106201172,39.698787689208984,130.5753936767578,106.85633850097656
2025-05-30,584.301513671875,39.755027770996094,50.44301223754883,141.31678771972656,114.94168090820312,81.05472564697266,40.10512924194336,130.85162353515625,106.27476501464844
2025-06-02,587.5928955078125,40.276771545410156,50.46281051635742,141.138671875,115.95714569091797,81.10365295410156,40.23241424560547,130.9305419921875,106.52330780029297
2025-06-03,590.943603515625,40.754634857177734,50.561798095703125,142.22711181640625,117.6993637084961,81.0253677368164,40.340118408203125,131.23635864257812,107.08997344970703
2025-06-04,590.7849731445312,39.9598274230957,50.27473831176758,142.30625915527344,117.87358856201172,80.45780181884766,39.63514709472656,131.4928436279297,106.80663299560547
2025-06-05,587.9298095703125,39.920814514160156,50.13616180419922,142.2073211669922,117.54006958007812,79.68473052978516,39.57150650024414,131.31529235839844,104.11248016357422
2025-06-06,593.96728515625,40.6717414855957,50.759769439697266,143.40457153320312,118.65011596679688,79.93916320800781,39.74775314331055,132.56817626953125,105.46453094482422
2025-06-09,594.5026245117188,40.749755859375,50.48261260986328,143.2759552001953,119.2325210571289,79.8315200805664,39.4931755065918,132.3412628173828,106.30955505371094
2025-06-10,597.873291015625,41.47629928588867,50.54199981689453,142.65257263183594,119.8995361328125,80.00765228271484,39.5861930847168,133.8506317138672,107.58206939697266
2025-06-11,596.1680908203125,42.07606506347656,50.48261260986328,142.72183227539062,119.63571166992188,79.73365783691406,39.61067199707031,133.91969299316406,106.73207092285156
2025-06-12,598.5374755859375,42.222347259521484,50.48261260986328,142.3458251953125,120.74576568603516,80.20336151123047,40.0904426574707,134.96539306640625,106.23002624511719
2025-06-13,591.8458251953125,42.958641052246094,49.453155517578125,141.14857482910156,119.05331420898438,79.22480010986328,39.860347747802734,134.29457092285156,105.25078582763672
2025-06-16,597.4766845703125,42.83185958862305,50.01737976074219,142.11825561523438,120.97970581054688,79.47923278808594,39.66451644897461,133.8802490234375,106.38411712646484
2025-06-17,592.3712158203125,43.23170852661133,49.73031997680664,141.04962158203125,120.12354278564453,78.80402374267578,39.33651351928711,131.67044067382812,104.54991912841797
2025-06-18,592.2819213867188,42.94888687133789,49.71052551269531,140.7132110595703,120.26789093017578,78.70616149902344,39.4393196105957,131.44354248046875,104.59961700439453
2025-06-20,590.8909912109375,43.38774108886719,49.84910202026367,140.8715057373047,119.73526000976562,79.28351593017578,39.547027587890625,130.81216430664062,104.72388458251953
2025-06-23,596.7274780273438,42.29053497314453,50.47683334350586,142.77906799316406,121.10044860839844,80.20179748535156,40.04836654663086,131.00050354003906,106.79959869384766
2025-06-24,603.3196411132812,41.73997116088867,51.23170471191406,143.97006225585938,123.27434539794922,80.13282775878906,40.22090530395508,132.60629272460938,107.39237976074219
2025-06-25,603.65771484375,41.55808639526367,51.06285095214844,142.69967651367188,124.32640075683594,79.05886840820312,39.68357849121094,132.7252197265625,106.12712860107422
2025-06-26,608.380615234375,42.15289306640625,51.440284729003906,144.24795532226562,125.18399810791016,78.98989868164062,40.01386260986328,133.0424346923828,107.10346221923828
2025-06-27,611.4032592773438,41.93168640136719,51.589271545410156,145.6870574951172,125.03441619873047,79.36431121826172,40.09273910522461,132.7549591064453,108.88677978515625
2025-06-30,614.3264770507812,41.6908073425293,52.01636505126953,146.4115753173828,126.26097106933594,79.77812957763672,40.25541687011719,133.607421875,108.2591323852539
2025-07-01,614.127685546875,42.01033401489258,52.30440902709961,146.89788818359375,125.1341323852539,80.77326202392578,40.3934440612793,135.51058959960938,108.72239685058594
2025-07-02,616.9117431640625,42.73295593261719,52.264678955078125,147.04676818847656,126.45542907714844,81.00972747802734,40.04344177246094,134.17242431640625,109.59412384033203
2025-07-03,621.7738647460938,42.78211212158203,52.83082962036133,148.2972869873047,128.12075805664062,80.9703140258789,40.34414291381836,134.3112030029297,110.19188690185547
2025-07-07,617.1403198242188,42.36919021606445,52.324275970458984,147.7812042236328,127.10360717773438,80.9013442993164,40.42795181274414,133.1811981201172,108.7921371459961
2025-07-08,616.8023681640625,43.50965118408203,51.85744857788086,147.74151611328125,127.78669738769531,80.15252685546875,39.99907302856445,133.7858428955078,108.42351531982422
2025-07-09,620.5010986328125,43.2884407043457,52.046165466308594,148.773681640625,128.55453491210938,79.63033294677734,40.37372589111328,134.30128479003906,109.06610107421875
2025-07-10,622.2510375976562,43.617801666259766,52.35407257080078,149.60739135742188,128.1307373046875,79.91606903076172,40.704010009765625,135.12400817871094,110.2715835571289
2025-07-11,620.0636596679688,43.81442642211914,51.80778503417969,149.07144165039062,127.56731414794922,79.6204833984375,40.64485549926758,134.00390625,110.30147552490234
2025-07-14,621.246826171875,43.33268356323242,52.19514846801758,149.87535095214844,127.46260833740234,79.68944549560547,40.807533264160156,133.84532165527344,110.7099380493164
2025-07-15,618.592041015625,42.7083740234375,51.301231384277344,148.7538604736328,128.5944366455078,78.89137268066406,40.4180908203125,131.4366455078125,109.12588500976562
2025-07-16,620.66015625,42.339691162109375,51.65879821777344,149.2798614501953,128.99331665039062,79.16725158691406,40.437808990478516,133.07215881347656,109.32513427734375
2025-07-17,624.4583740234375,42.6002311706543,52.15542221069336,150.659423828125,130.16502380371094,79.91606903076172,40.60541915893555,131.5555877685547,109.69873809814453
2025-07-18,624.0010375976562,42.25612258911133,52.18522262573242,150.3219757080078,130.0802764892578,79.69930267333984,41.285709381103516,130.6833038330078,110.67009735107422
2025-07-21,625.1842651367188,41.81861877441406,52.036231994628906,149.52798461914062,130.2498016357422,79.68944549560547,41.41880798339844,129.9398956298828,111.19313049316406
2025-07-22,625.2737426757812,42.01525115966797,52.324275970458984,149.88528442382812,129.0431671142578,80.4185562133789,41.92656326293945,132.35848999023438,112.31890869140625
2025-07-23,630.5932006835938,42.67396545410156,52.74143600463867,152.5749053955078,129.78111267089844,80.44811248779297,41.61106872558594,135.07444763183594,112.85191345214844
2025-07-24,630.802001953125,42.9787483215332,52.711639404296875,152.31686401367188,130.32957458496094,80.16238403320312,41.55683898925781,134.56890869140625,110.98391723632812
2025-07-25,633.4667358398438,42.81652069091797,53.07914352416992,153.825439453125,130.62872314453125,80.30032348632812,41.665287017822266,135.28260803222656,112.01504516601562
2025-07-28,633.3076782226562,43.30318832397461,52.711639404296875,153.3490447998047,131.67080688476562,79.47269439697266,41.22162628173828,134.10304260253906,112.6676025390625
2025-07-29,631.6372680664062,43.72594451904297,52.44346237182617,151.60227966308594,131.67579650878906,79.99488830566406,41.69486999511719,133.25057983398438,111.89051818847656
2025-07-30,630.841796875,43.10164260864258,52.344139099121094,150.85791015625,131.969970703125,79.28548431396484,42.005435943603516,133.0126953125,111.18317413330078
2025-07-31,628.475341796875,42.870601654052734,52.01636505126953,150.86782836914062,131.00267028808594,78.60564422607422,42.232200622558594,129.28567504882812,110.30147552490234
2025-08-01,618.1743774414062,42.07423782348633,51.052921295166016,148.61489868164062,128.17559814453125,78.98004913330078,42.29628372192383,129.97955322265625,107.64144134521484
2025-08-04,627.570556640625,41.98084259033203,51.55947494506836,149.98451232910156,130.77830505371094,79.36431121826172,43.04558563232422,131.84304809570312,108.90670776367188
2025-08-05,624.3887939453125,42.034915924072266,51.350894927978516,149.67686462402344,129.6963348388672,79.28548431396484,42.58713150024414,131.3375244140625,109.04618835449219
2025-08-06,629.17138671875,41.646568298339844,51.599205017089844,149.7959442138672,131.15724182128906,80.4185562133789,42.207550048828125,129.36497497558594,111.31269073486328
2025-08-07,628.6444091796875,41.48434829711914,51.02311706542969,149.57762145996094,131.27691650390625,81.02942657470703,42.66600799560547,127.87812805175781,111.27781677246094
2025-08-08,633.5462646484375,41.74980163574219,51.4998779296875,149.6967010498047,132.58824157714844,81.26589965820312,42.48360824584961,129.01805114746094,111.47208404541016
2025-08-11,632.29345703125,41.41552734375,51.480018615722656,149.21038818359375,131.6907501220703,81.19692993164062,42.35051345825195,129.1468963623047,111.76100158691406
2025-08-12,639.0248413085938,41.6170768737793,52.10575866699219,150.7586669921875,133.73004150390625,81.41368865966797,42.53290557861328,130.0390167236328,112.9465560913086
2025-08-13,641.2123413085938,42.098819732666016,52.40373229980469,151.3343048095703,133.77989196777344,81.41368865966797,42.62657165527344,132.12057495117188,114.4957504272461
2025-08-14,641.27197265625,42.05949401855469,52.65204620361328,149.9944610595703,133.49070739746094,80.68458557128906,42.33079528808594,132.7847137451172,114.3662338256836
2025-08-15,639.7705688476562,42.05949401855469,52.10575866699219,149.30963134765625,132.47854614257812,80.81266784667969,42.207550048828125,135.0149688720703,114.0922622680664
2025-08-18,639.6314086914062,41.80879211425781,52.14548873901367,149.89520263671875,132.7627410888672,80.70429229736328,42.02515411376953,134.69778442382812,114.55055236816406
2025-08-19,636.1612548828125,41.82353591918945,52.24481201171875,150.22271728515625,130.44424438476562,81.53192901611328,42.4343147277832,135.5601348876953,114.4957504272461
2025-08-20,634.470947265625,42.17255783081055,52.51298904418945,150.0837860107422,129.5617218017578,81.99501037597656,42.47867965698242,136.29364013671875,113.364990234375
2025-08-21,631.9255981445312,42.46258544921875,52.344139099121094,149.54783630371094,129.09303283691406,81.25605010986328,42.18783187866211,135.83767700195312,112.6925048828125
2025-08-22,641.6299438476562,43.32776641845703,53.2082633972168,151.98934936523438,130.8431396484375,81.25605010986328,42.41459655761719,136.957763671875,116.11468505859375
2025-08-25,638.8060913085938,43.44083023071289,52.90035629272461,150.47085571289062,130.54893493652344,79.8667984008789,41.93642044067383,135.0050506591797,115.88056182861328
2025-08-26,641.4807739257812,43.372013092041016,53.307586669921875,152.01913452148438,131.14727783203125,79.3446044921875,42.03008270263672,135.84759521484375,116.41355895996094
2025-08-27,642.9423828125,43.858673095703125,53.41684341430664,151.999267578125,131.85528564453125,79.58106231689453,42.03994369506836,135.76829528808594,116.43846130371094
2025-08-28,645.2192993164062,44.19294357299805,53.48637008666992,152.26724243164062,132.89736938476562,79.07857513427734,41.719512939453125,135.23301696777344,116.6377182006836
2025-08-29,641.3713989257812,44.43382263183594,53.625431060791016,150.86782836914062,130.8580780029297,79.5909194946289,41.56669616699219,136.22425842285156,115.43721771240234
2025-09-02,636.6187133789062,44.49772644042969,53.22813034057617,149.42872619628906,129.5367889404297,79.46283721923828,41.42866516113281,136.35311889648438,114.57544708251953
2025-09-03,640.06884765625,43.499820709228516,53.138736724853516,148.6744384765625,130.30963134765625,79.4037094116211,41.32514572143555,135.70883178710938,115.0387191772461
2025-09-04,645.418212890625,43.789852142333984,53.6949577331543,150.35174560546875,130.95281982421875,79.45298767089844,41.275848388671875,136.22425842285156,117.14083862304688
2025-09-05,643.5488891601562,42.9443359375,52.711639404296875,149.7959442138672,131.0625,79.67959594726562,41.14767837524414,136.6901397705078,117.11592102050781
2025-09-08,645.1298828125,42.84602355957031,52.751373291015625,150.13340759277344,132.04473876953125,79.3840103149414,40.728660583496094,136.64059448242188,117.56922912597656
2025-09-09,646.6212768554688,43.052486419677734,52.979820251464844,149.12106323242188,132.29904174804688,79.54165649414062,41.00965118408203,137.37408447265625,117.40484619140625
2025-09-10,648.4905395507812,43.80459976196289,52.80103302001953,150.22271728515625,134.6973114013672,78.76329040527344,41.7145881652832,136.12513732910156,116.00010681152344
2025-09-11,653.8796997070312,43.81442642211914,53.665157318115234,151.6519012451172,135.1510467529297,79.4037094116211,41.93642044067383,138.49417114257812,118.25664520263672
2025-09-12,653.6608276367188,43.55389404296875,53.436710357666016,150.44107055664062,135.06129455566406,79.13768768310547,42.14839172363281,136.89830017089844,118.86935424804688
2025-09-15,657.1409301757812,43.40642166137695,53.31752014160156,151.1358184814453,136.27789306640625,78.23123168945312,42.24698257446289,135.7286376953125,119.90048217773438
2025-09-16,656.2361450195312,44.13395309448242,53.198333740234375,150.68919372558594,135.80421447753906,78.5859375,41.477962493896484,135.7286376953125,120.63772583007812
2025-09-17,655.4208374023438,44.237186431884766,53.714820861816406,150.00437927246094,135.3355255126953,79.05886840820312,41.581485748291016,135.99627685546875,120.33386993408203
2025-09-18,658.4832153320312,44.099544525146484,53.76448440551758,151.60227966308594,137.67396545410156,78.36917114257812,41.61106872558594,136.263916015625,119.79090118408203
2025-09-19,661.74462890625,43.514564514160156,53.883670806884766,151.96949768066406,139.070068359375,78.2115249633789,41.877262115478516,136.0854949951172,120.24420166015625
2025-09-22,664.8753662109375,43.46449279785156,53.81192398071289,152.47776794433594,141.11595153808594,77.33952331542969,42.28322219848633,136.05064392089844,119.85247802734375
2025-09-23,661.256103515625,44.213111877441406,53.572757720947266,152.5176239013672,139.89781188964844,77.7264175415039,42.5015869140625,136.3593292236328,118.72471618652344
2025-09-24,659.1522216796875,44.7882080078125,53.423282623291016,151.73031616210938,139.0341033935547,77.89506530761719,42.804317474365234,135.81166076660156,119.56305694580078
2025-09-25,656.1112670898438,45.189788818359375,53.28377151489258,150.70384216308594,138.78948974609375,77.15103149414062,42.39240264892578,133.56124877929688,117.87639617919922
2025-09-26,659.8701782226562,45.60623550415039,53.67241287231445,152.0592041015625,139.20884704589844,77.33952331542969,43.08223342895508,134.92543029785156,119.61795043945312
2025-09-29,661.7246704101562,44.76837921142578,53.941471099853516,152.527587890625,139.9527130126953,77.48833465576172,43.20630645751953,135.32373046875,120.14189910888672
2025-09-30,664.21728515625,44.29243469238281,53.682376861572266,153.70355224609375,140.716552734375,77.74626159667969,43.2807502746582,138.57986450195312,119.58301544189453
2025-10-01,666.4806518554688,44.29243469238281,53.20404815673828,153.27503967285156,142.09446716308594,77.6272201538086,43.697628021240234,142.86163330078125,120.33152770996094
2025-10-02,667.248291015625,43.84624099731445,53.164188385009766,153.6736602783203,142.86331176757812,77.31968688964844,43.618221282958984,142.58282470703125,119.46324920654297
2025-10-03,667.2384033203125,44.079254150390625,53.532901763916016,153.88294982910156,142.14439392089844,77.40896606445312,44.12443161010742,144.20591735839844,118.69477081298828
2025-10-06,669.6312866210938,44.297393798828125,53.512969970703125,154.60049438476562,143.58221435546875,76.843505859375,44.55122756958008,143.50888061523438,119.71275329589844
2025-10-07,667.1486206054688,44.36680221557617,53.582725524902344,153.72349548339844,142.62367248535156,77.55777740478516,44.75470733642578,143.618408203125,117.61690521240234
2025-10-08,671.1268920898438,44.10900115966797,53.323631286621094,155.0589141845703,145.1248779296875,77.1708755493164,45.06240463256836,143.897216796875,117.96621704101562
2025-10-09,669.1826171875,43.50911331176758,53.13429260253906,152.7667694091797,144.8802490234375,77.41889190673828,44.94825744628906,143.57858276367188,117.37738800048828
2025-10-10,651.0960693359375,42.249847412109375,51.97833251953125,149.38833618164062,138.98419189453125,77.47840881347656,44.76462936401367,141.5074005126953,114.1487808227539
2025-10-13,661.0865478515625,42.82494354248047,52.476593017578125,150.94302368164062,142.3690643310547,77.22047424316406,45.1070671081543,141.34808349609375,116.69873046875
2025-10-14,660.2789306640625,42.81998825073242,53.05457305908203,152.71694946289062,140.54183959960938,78.46052551269531,45.50905227661133,141.73641967773438,116.94324493408203
2025-10-15,663.2102661132812,42.79520034790039,53.05457305908203,152.07913208007812,141.93470764160156,78.59941864013672,46.10459518432617,141.9554901123047,117.11290740966797
2025-10-16,658.6936645507812,42.27959442138672,51.5797233581543,151.08255004882812,142.03956604003906,78.05379486083984,45.60334777832031,141.71652221679688,115.98014831542969
2025-10-17,662.4326171875,42.62663650512695,51.99826431274414,151.21209716796875,142.2891845703125,79.09544372558594,45.44453811645508,142.66249084472656,116.9781723022461
2025-10-20,669.3222045898438,43.077789306640625,52.60614013671875,152.99598693847656,143.87677001953125,79.0260009765625,45.429649353027344,144.17604064941406,117.90633392333984
2025-10-21,669.3121948242188,42.9786376953125,52.546348571777344,154.35134887695312,143.95166015625,78.65894317626953,44.968109130859375,144.5146026611328,119.34848022460938
2025-10-22,665.83251953125,43.52894592285156,52.24739456176758,152.34820556640625,142.52880859375,79.10535430908203,44.863887786865234,145.34109497070312,118.41532897949219
2025-10-23,669.7808837890625,44.10900115966797,52.35700988769531,154.25167846679688,144.32608032226562,78.71846008300781,44.82915115356445,145.4207305908203,118.94926452636719
2025-10-24,675.2546997070312,43.662803649902344,52.925025939941406,154.38124084472656,146.56768798828125,78.46052551269531,45.35520553588867,145.41078186035156,118.594970703125
2025-10-27,683.2211303710938,43.76691436767578,53.14426040649414,155.25823974609375,149.27359008789062,78.5895004272461,45.479278564453125,145.7493438720703,120.30158996582031
2025-10-28,685.0357666015625,43.3108024597168,52.805442810058594,154.1520233154297,150.7513427734375,77.8057861328125,44.72989273071289,144.83323669433594,120.33152770996094
2025-10-29,685.3648071289062,43.633056640625,51.90857696533203,154.5506591796875,151.83470153808594,75.97051239013672,44.715003967285156,143.36947631835938,119.33849334716797
2025-10-30,677.8270874023438,43.37525177001953,52.04808807373047,154.16200256347656,149.96754455566406,75.89114379882812,44.52641677856445,143.68812561035156,116.64383697509766
2025-10-31,680.050537109375,43.69254684448242,52.187599182128906,154.53073120117188,150.1123046875,75.67289733886719,44.218719482421875,143.63833618164062,119.72772216796875
2025-11-03,681.3267822265625,43.697505950927734,51.96836853027344,153.8729705810547,150.72637939453125,75.07767486572266,44.24353790283203,143.8374786376953,120.85049438476562
2025-11-04,673.2506103515625,43.226524353027344,52.2374267578125,152.08909606933594,146.74742126464844,75.38520050048828,44.0847282409668,144.4847412109375,118.84447479248047
2025-11-05,675.583740234375,43.34054946899414,52.41679763793945,152.6770782470703,147.32154846191406,75.33560180664062,44.09465026855469,145.0423583984375,120.29161071777344
2025-11-06,668.3351440429688,43.76195526123047,52.22746276855469,152.06915283203125,144.3610382080078,74.99830627441406,43.901100158691406,145.3211669921875,117.51212310791016
2025-11-07,668.9931640625,44.3915901184082,52.59617233276367,152.806640625,143.86178588867188,76.09947204589844,44.51152801513672,145.5203094482422,117.6967544555664
2025-11-10,679.432373046875,44.79316711425781,52.78551483154297,153.6736602783203,147.5412139892578,75.82170104980469,44.49664306640625,146.65548706054688,119.24369049072266
2025-11-11,680.9877319335938,45.37818145751953,53.02467346191406,153.71353149414062,146.2831268310547,76.8137435913086,44.521453857421875,150.0410614013672,119.53810119628906
2025-11-12,681.3666381835938,44.74359130859375,53.483070373535156,153.86302185058594,146.73744201660156,76.70462036132812,44.62567138671875,152.1719970703125,118.73469543457031
2025-11-13,670.0599975585938,44.85762023925781,52.795475006103516,151.48117065429688,143.07797241210938,76.70462036132812,44.010284423828125,152.0923309326172,115.77056884765625
2025-11-14,669.9503784179688,45.62110900878906,52.2673225402832,151.4911346435547,143.85679626464844,76.64509582519531,44.04998779296875,151.18618774414062,115.21666717529297
2025-11-17,663.7088012695312,44.7882080078125,51.27080535888672,150.0062255859375,141.605224609375,76.15898895263672,44.4470100402832,151.05673217773438,114.1338119506836
2025-11-18,658.1353149414062,45.145164489746094,51.19108200073242,149.33851623535156,139.3037109375,76.48636627197266,44.27827453613281,151.94296264648438,112.02798461914062
2025-11-19,660.6777954101562,44.56015396118164,51.38042449951172,149.83680725097656,140.27223205566406,75.90106964111328,43.906063079833984,151.68406677246094,112.03297424316406
2025-11-20,650.6075439453125,44.054466247558594,50.93199157714844,147.32540893554688,135.86891174316406,76.44668579101562,43.682735443115234,150.77792358398438,110.36128997802734
2025-11-21,657.08837890625,44.332096099853516,51.49003601074219,149.1192626953125,136.39312744140625,77.2800064086914,43.74725341796875,153.95440673828125,112.52699279785156
2025-11-24,666.759765625,44.208152770996094,51.70927429199219,149.48800659179688,139.6431884765625,76.38716888427734,44.24353790283203,154.6016387939453,114.02901458740234
2025-11-25,673.03125,43.93052291870117,52.35700988769531,151.4014434814453,140.0176239013672,77.43872833251953,44.074798583984375,158.09677124023438,116.46917724609375
2025-11-26,677.6775512695312,44.26268768310547,52.76558303833008,152.2784423828125,141.67510986328125,78.28196716308594,44.6604118347168,157.7482452392578,117.2676010131836
2025-11-28,681.3765869140625,44.842742919921875,53.14426040649414,153.1654052734375,142.8932647705078,78.7383041381836,44.978031158447266,156.98150634765625,117.99616241455078
2025-12-01,678.2658081054688,45.27406692504883,52.70579147338867,150.923095703125,142.95816040039062,78.65894317626953,43.9259147644043,154.6315155029297,118.06602478027344
2025-12-02,679.5220947265625,44.689056396484375,52.65596389770508,152.2385711669922,144.43092346191406,78.14307403564453,43.613258361816406,153.70545959472656,117.98617553710938
2025-12-03,681.8751220703125,45.526912689208984,53.36349105834961,153.6836395263672,144.77540588378906,78.20260620117188,43.47429656982422,154.4224090576172,119.25865936279297
2025-12-04,682.3736572265625,45.72026443481445,53.47311019897461,154.48089599609375,145.31459045410156,77.82562255859375,43.38496780395508,153.24740600585938,118.8344955444336
2025-12-05,683.6697998046875,45.53186798095703,53.493038177490234,154.0523681640625,146.3779754638672,77.8355484008789,42.9780158996582,152.61012268066406,119.49319458007812
2025-12-08,681.6159057617188,45.036094665527344,53.29373550415039,153.86302185058594,147.4064178466797,77.19071960449219,42.4023323059082,150.78787231445312,117.75662994384766
2025-12-09,681.027587890625,45.3137321472168,53.09443283081055,152.7368621826172,147.7958221435547,77.3692855834961,42.432106018066406,149.32412719726562,117.74665832519531
2025-12-10,685.5443115234375,45.7896728515625,53.702308654785156,155.52731323242188,148.50474548339844,77.59745788574219,42.412254333496094,151.494873046875,119.47322845458984
2025-12-11,687.1395263671875,45.571533203125,54.67889404296875,157.19161987304688,147.7458953857422,78.17284393310547,42.71995162963867,152.92877197265625,119.94229888916016
2025-12-12,679.7514038085938,45.125335693359375,54.75861740112305,156.2050018310547,143.47238159179688,78.78790283203125,42.511512756347656,153.40673828125,120.46126556396484
2025-12-15,678.7244262695312,44.808040618896484,54.79847717285156,156.4541473388672,142.08448791503906,79.00615692138672,42.89861297607422,155.43809509277344,121.4892349243164
2025-12-16,676.8699340820312,43.43970489501953,54.4496955871582,155.52731323242188,142.34408569335938,78.64901733398438,42.71995162963867,153.4167022705078,121.6888427734375
2025-12-17,669.4219360351562,44.40150451660156,54.43973159790039,153.00595092773438,139.17889404296875,79.01607513427734,42.44203186035156,153.13787841796875,120.28162384033203
2025-12-18,674.4769287109375,43.75699996948242,54.35004425048828,154.00253295898438,141.3256378173828,78.55973815917969,42.858909606933594,153.2573699951172,122.0980224609375
2025-12-19,680.5900268554688,43.75699996948242,54.64899826049805,155.3280029296875,144.38101196289062,78.15299987792969,42.3129997253418,154.2830047607422,121.60899353027344
2025-12-22,684.8300170898438,44.209999084472656,55.31999969482422,157.0500030517578,145.16000366210938,77.87999725341797,42.470001220703125,155.3000030517578,122.33999633789062
2025-12-23,687.9600219726562,44.5,55.43000030517578,156.99000549316406,145.9499969482422,77.51000213623047,42.619998931884766,154.99000549316406,122.16999816894531
2025-12-24,690.3800048828125,44.369998931884766,55.72999954223633,157.5,146.3000030517578,78.12000274658203,42.810001373291016,155.8000030517578,122.58999633789062
2025-12-26,690.3099975585938,44.20000076293945,55.619998931884766,157.2100067138672,146.52999877929688,78.2300033569336,42.779998779296875,156.0500030517578,122.05000305175781
2025-12-29,687.8499755859375,44.619998931884766,55.31999969482422,156.8699951171875,145.8699951171875,78.27999877929688,42.86000061035156,155.80999755859375,120.8499984741211
2025-12-30,687.010009765625,44.959999084472656,55.18000030517578,156.4199981689453,145.41000366210938,78.1500015258789,42.959999084472656,155.67999267578125,120.36000061035156
2025-12-31,681.9199829101562,44.709999084472656,54.77000045776367,155.1199951171875,143.97000122070312,77.68000030517578,42.689998626708984,154.8000030517578,119.41000366210938
